country,country_isocode,good,fl,analysis_year,hs_revision,source_mapping_id,source_hts_code,hs6,hs6_description,mapping_method,needs_scope_review,status
Afghanistan,AF,Bricks,2011-,2025,HS2022,49,6810.11,681011,"681011 - Cement, concrete or artificial stone; building blocks or bricks, whether or not reinforced",exact_hs6,no,screening_candidate_not_shipment_evidence
Afghanistan,AF,Bricks,2011-,2025,HS2022,50,6901,690100,"690100 - Bricks, blocks, tiles and other ceramic goods of siliceous fossil meals (e.g. kieselguhr, tripolite or diatomite) or of similar siliceous earths",broad_prefix_expansion,yes,screening_candidate_not_shipment_evidence
Afghanistan,AF,Bricks,2011-,2025,HS2022,51,6902.1,690210,"690210 - Refractory bricks, blocks, tiles and similar refractory ceramic constructional goods; containing by weight, singly or together, more than 50% of the elements Mg, Ca or Cr, expressed as MgO, CaO or Cr2o3",broad_prefix_expansion,yes,screening_candidate_not_shipment_evidence
Afghanistan,AF,Bricks,2011-,2025,HS2022,52,6902.20.10,690220,"690220 - Refractory bricks, blocks, tiles and similar refractory ceramic constructional goods; containing by weight more than 50% of alumina (Al2o3), of silica (SiO2) or of a mixture or compound of these",hts_prefix_to_hs6,yes,screening_candidate_not_shipment_evidence
Afghanistan,AF,Bricks,2011-,2025,HS2022,53,6902.90.10,690290,"690290 - Refractory bricks, blocks, tiles and similar refractory ceramic constructional goods; n.e.c. in item no. 6902.1 or 6902.2",hts_prefix_to_hs6,yes,screening_candidate_not_shipment_evidence
Afghanistan,AF,Bricks,2011-,2025,HS2022,54,6904,690410,690410 - Ceramic building bricks,broad_prefix_expansion,yes,screening_candidate_not_shipment_evidence
Afghanistan,AF,Bricks,2011-,2025,HS2022,54,6904,690490,"690490 - Ceramic flooring blocks, supports or filler tiles and the like (excluding building bricks)",broad_prefix_expansion,yes,screening_candidate_not_shipment_evidence
Angola,AO,Diamonds,2010-,2025,HS2022,117,7102,710210,"710210 - Diamonds; whether or not worked, but not mounted or set, unsorted",broad_prefix_expansion,yes,screening_candidate_not_shipment_evidence
Angola,AO,Diamonds,2010-,2025,HS2022,117,7102,710221,"710221 - Diamonds; industrial, unworked or simply sawn, cleaved or bruted, but not mounted or set",broad_prefix_expansion,yes,screening_candidate_not_shipment_evidence
Angola,AO,Diamonds,2010-,2025,HS2022,117,7102,710229,"710229 - Diamonds; industrial, (other than unworked or simply sawn, cleaved or bruted), but not mounted or set",broad_prefix_expansion,yes,screening_candidate_not_shipment_evidence
Angola,AO,Diamonds,2010-,2025,HS2022,117,7102,710231,"710231 - Diamonds; non-industrial, unworked or simply sawn, cleaved or bruted, but not mounted or set",broad_prefix_expansion,yes,screening_candidate_not_shipment_evidence
Angola,AO,Diamonds,2010-,2025,HS2022,117,7102,710239,"710239 - Diamonds; non-industrial, (other than unworked or simply sawn, cleaved or bruted), but not mounted or set",broad_prefix_expansion,yes,screening_candidate_not_shipment_evidence
Argentina,AR,Garments,2009-,2025,HS2022,162,61,610120,"610120 - Coats; men's or boys' overcoats, car-coats, capes, anoraks, wind-jackets and similar articles, of cotton, knitted or crocheted (excluding those of heading no. 6103)",broad_prefix_expansion,yes,screening_candidate_not_shipment_evidence
Argentina,AR,Garments,2009-,2025,HS2022,162,61,610130,"610130 - Coats; men's or boys' overcoats, car-coats, capes, anoraks, wind-jackets and similar articles, of man-made fibres, knitted or crocheted, (excluding those of heading no. 6103)",broad_prefix_expansion,yes,screening_candidate_not_shipment_evidence
Argentina,AR,Garments,2009-,2025,HS2022,162,61,610190,"610190 - Coats; men's or boys' overcoats, car-coats, capes, anoraks, wind-jackets and similar articles, of textile materials n.e.c. in heading no. 6101, knitted or crocheted (excluding those of heading no. 6103)",broad_prefix_expansion,yes,screening_candidate_not_shipment_evidence
Argentina,AR,Garments,2009-,2025,HS2022,162,61,610210,"610210 - Coats; women's or girls' overcoats, car-coats, capes, anoraks, wind-jackets and similar articles, of wool or fine animal hair, knitted or crocheted (excluding those of heading no. 6104)",broad_prefix_expansion,yes,screening_candidate_not_shipment_evidence
Argentina,AR,Garments,2009-,2025,HS2022,162,61,610220,"610220 - Coats; women's or girls' overcoats, car-coats, capes, anoraks, wind-jackets and similar articles, of cotton, knitted or crocheted (excluding those of heading no. 6104)",broad_prefix_expansion,yes,screening_candidate_not_shipment_evidence
Argentina,AR,Garments,2009-,2025,HS2022,162,61,610230,"610230 - Coats; women's or girls' overcoats, car-coats, capes, anoraks, wind-jackets and similar articles, of man-made fibres, knitted or crocheted (excluding those of heading no. 6104)",broad_prefix_expansion,yes,screening_candidate_not_shipment_evidence
Argentina,AR,Garments,2009-,2025,HS2022,162,61,610290,"610290 - Coats; women's or girls' overcoats, car-coats, capes, anoraks, wind-jackets and similar articles, of textile materials n.e.c. in heading no. 6102, knitted or crocheted (excluding those of heading no. 6104)",broad_prefix_expansion,yes,screening_candidate_not_shipment_evidence
Argentina,AR,Garments,2009-,2025,HS2022,162,61,610310,"610310 - Suits; men's or boys', knitted or crocheted",broad_prefix_expansion,yes,screening_candidate_not_shipment_evidence
Argentina,AR,Garments,2009-,2025,HS2022,162,61,610322,"610322 - Ensembles; men's or boys', of cotton, knitted or crocheted",broad_prefix_expansion,yes,screening_candidate_not_shipment_evidence
Argentina,AR,Garments,2009-,2025,HS2022,162,61,610323,"610323 - Ensembles; men's or boys', of synthetic fibres, knitted or crocheted",broad_prefix_expansion,yes,screening_candidate_not_shipment_evidence
Argentina,AR,Garments,2009-,2025,HS2022,162,61,610329,"610329 - Ensembles; men's or boys', of textile materials (other than cotton or synthetic fibres), knitted or crocheted",broad_prefix_expansion,yes,screening_candidate_not_shipment_evidence
Argentina,AR,Garments,2009-,2025,HS2022,162,61,610331,"610331 - Jackets and blazers; men's or boys', of wool or fine animal hair, knitted or crocheted",broad_prefix_expansion,yes,screening_candidate_not_shipment_evidence
Argentina,AR,Garments,2009-,2025,HS2022,162,61,610332,"610332 - Jackets and blazers; men's or boys', of cotton, knitted or crocheted",broad_prefix_expansion,yes,screening_candidate_not_shipment_evidence
Argentina,AR,Garments,2009-,2025,HS2022,162,61,610333,"610333 - Jackets and blazers; men's or boys', of synthetic fibres, knitted or crocheted",broad_prefix_expansion,yes,screening_candidate_not_shipment_evidence
Argentina,AR,Garments,2009-,2025,HS2022,162,61,610339,"610339 - Jackets and blazers; men's or boys', of textile materials (other than wool or fine animal hair, cotton or synthetic fibres), knitted or crocheted",broad_prefix_expansion,yes,screening_candidate_not_shipment_evidence
Argentina,AR,Garments,2009-,2025,HS2022,162,61,610341,"610341 - Trousers, bib and brace overalls, breeches and shorts; men's or boys', of wool or fine animal hair, knitted or crocheted",broad_prefix_expansion,yes,screening_candidate_not_shipment_evidence
Argentina,AR,Garments,2009-,2025,HS2022,162,61,610342,"610342 - Trousers, bib and brace overalls, breeches and shorts; men's or boys', of cotton, knitted or crocheted",broad_prefix_expansion,yes,screening_candidate_not_shipment_evidence
Argentina,AR,Garments,2009-,2025,HS2022,162,61,610343,"610343 - Trousers, bib and brace overalls, breeches and shorts; men's or boys', of synthetic fibres, knitted or crocheted",broad_prefix_expansion,yes,screening_candidate_not_shipment_evidence
Argentina,AR,Garments,2009-,2025,HS2022,162,61,610349,"610349 - Trousers, bib and brace overalls, breeches and shorts; men's or boys', of textile materials (other than wool or fine animal hair, cotton or synthetic fibres), knitted or crocheted",broad_prefix_expansion,yes,screening_candidate_not_shipment_evidence
Argentina,AR,Garments,2009-,2025,HS2022,162,61,610413,"610413 - Suits; women's or girls', of synthetic fibres, knitted or crocheted",broad_prefix_expansion,yes,screening_candidate_not_shipment_evidence
Argentina,AR,Garments,2009-,2025,HS2022,162,61,610419,"610419 - Suits; women's or girls', of textile materials (other than synthetic fibres), knitted or crocheted",broad_prefix_expansion,yes,screening_candidate_not_shipment_evidence
Argentina,AR,Garments,2009-,2025,HS2022,162,61,610422,"610422 - Ensembles; women's or girls', of cotton, knitted or crocheted",broad_prefix_expansion,yes,screening_candidate_not_shipment_evidence
Argentina,AR,Garments,2009-,2025,HS2022,162,61,610423,"610423 - Ensembles; women's or girls', of synthetic fibres, knitted or crocheted",broad_prefix_expansion,yes,screening_candidate_not_shipment_evidence
Argentina,AR,Garments,2009-,2025,HS2022,162,61,610429,"610429 - Ensembles; women's or girls', of textile materials (other than cotton or synthetic fibres), knitted or crocheted",broad_prefix_expansion,yes,screening_candidate_not_shipment_evidence
Argentina,AR,Garments,2009-,2025,HS2022,162,61,610431,"610431 - Jackets; women's or girls', of wool or fine animal hair, knitted or crocheted",broad_prefix_expansion,yes,screening_candidate_not_shipment_evidence
Argentina,AR,Garments,2009-,2025,HS2022,162,61,610432,"610432 - Jackets; women's or girls', of cotton, knitted or crocheted",broad_prefix_expansion,yes,screening_candidate_not_shipment_evidence
Argentina,AR,Garments,2009-,2025,HS2022,162,61,610433,"610433 - Jackets; women's or girls', of synthetic fibres, knitted or crocheted",broad_prefix_expansion,yes,screening_candidate_not_shipment_evidence
Argentina,AR,Garments,2009-,2025,HS2022,162,61,610439,"610439 - Jackets; women's or girls', of textile materials (other than wool or fine animal hair, cotton or synthetic fibres), knitted or crocheted",broad_prefix_expansion,yes,screening_candidate_not_shipment_evidence
Argentina,AR,Garments,2009-,2025,HS2022,162,61,610441,"610441 - Dresses; women's or girls', of wool or fine animal hair, knitted or crocheted",broad_prefix_expansion,yes,screening_candidate_not_shipment_evidence
Argentina,AR,Garments,2009-,2025,HS2022,162,61,610442,"610442 - Dresses; women's or girls', of cotton, knitted or crocheted",broad_prefix_expansion,yes,screening_candidate_not_shipment_evidence
Argentina,AR,Garments,2009-,2025,HS2022,162,61,610443,"610443 - Dresses; women's or girls', of synthetic fibres, knitted or crocheted",broad_prefix_expansion,yes,screening_candidate_not_shipment_evidence
Argentina,AR,Garments,2009-,2025,HS2022,162,61,610444,"610444 - Dresses; women's or girls', of artificial fibres, knitted or crocheted",broad_prefix_expansion,yes,screening_candidate_not_shipment_evidence
Argentina,AR,Garments,2009-,2025,HS2022,162,61,610449,"610449 - Dresses; women's or girls', of textile materials (other than wool or fine animal hair, cotton, synthetic or artificial fibres), knitted or crocheted",broad_prefix_expansion,yes,screening_candidate_not_shipment_evidence
Argentina,AR,Garments,2009-,2025,HS2022,162,61,610451,"610451 - Skirts and divided skirts; women's or girls', of wool or fine animal hair, knitted or crocheted",broad_prefix_expansion,yes,screening_candidate_not_shipment_evidence
Argentina,AR,Garments,2009-,2025,HS2022,162,61,610452,"610452 - Skirts and divided skirts; women's or girls', of cotton, knitted or crocheted",broad_prefix_expansion,yes,screening_candidate_not_shipment_evidence
Argentina,AR,Garments,2009-,2025,HS2022,162,61,610453,"610453 - Skirts and divided skirts; women's or girls', of synthetic fibres, knitted or crocheted",broad_prefix_expansion,yes,screening_candidate_not_shipment_evidence
Argentina,AR,Garments,2009-,2025,HS2022,162,61,610459,"610459 - Skirts and divided skirts; women's or girls', of textile materials (other than wool or fine animal hair, cotton or synthetic fibres), knitted or crocheted",broad_prefix_expansion,yes,screening_candidate_not_shipment_evidence
Argentina,AR,Garments,2009-,2025,HS2022,162,61,610461,"610461 - Trousers, bib and brace overalls, breeches and shorts; women's or girls', of wool or fine animal hair, knitted or crocheted",broad_prefix_expansion,yes,screening_candidate_not_shipment_evidence
Argentina,AR,Garments,2009-,2025,HS2022,162,61,610462,"610462 - Trousers, bib and brace overalls, breeches and shorts; women's or girls', of cotton, knitted or crocheted",broad_prefix_expansion,yes,screening_candidate_not_shipment_evidence
Argentina,AR,Garments,2009-,2025,HS2022,162,61,610463,"610463 - Trousers, bib and brace overalls, breeches and shorts; women's or girls', of synthetic fibres, knitted or crocheted",broad_prefix_expansion,yes,screening_candidate_not_shipment_evidence
Argentina,AR,Garments,2009-,2025,HS2022,162,61,610469,"610469 - Trousers, bib and brace overalls, breeches and shorts; women's or girls', of textile materials (other than wool or fine animal hair, cotton or synthetic fibres), knitted or crocheted",broad_prefix_expansion,yes,screening_candidate_not_shipment_evidence
Argentina,AR,Garments,2009-,2025,HS2022,162,61,610510,"610510 - Shirts; men's or boys', of cotton, knitted or crocheted",broad_prefix_expansion,yes,screening_candidate_not_shipment_evidence
Argentina,AR,Garments,2009-,2025,HS2022,162,61,610520,"610520 - Shirts; men's or boys', of man-made fibres, knitted or crocheted",broad_prefix_expansion,yes,screening_candidate_not_shipment_evidence
Argentina,AR,Garments,2009-,2025,HS2022,162,61,610590,"610590 - Shirts; men's or boys', of textile materials (other than cotton or man-made fibres), knitted or crocheted",broad_prefix_expansion,yes,screening_candidate_not_shipment_evidence
Argentina,AR,Garments,2009-,2025,HS2022,162,61,610610,"610610 - Blouses, shirts and shirt-blouses; women's or girls', of cotton, knitted or crocheted",broad_prefix_expansion,yes,screening_candidate_not_shipment_evidence
Argentina,AR,Garments,2009-,2025,HS2022,162,61,610620,"610620 - Blouses, shirts and shirt-blouses; women's or girls', of man-made fibres, knitted or crocheted",broad_prefix_expansion,yes,screening_candidate_not_shipment_evidence
Argentina,AR,Garments,2009-,2025,HS2022,162,61,610690,"610690 - Blouses, shirts and shirt-blouses; women's or girls', of textile materials (other than cotton or man-made fibres), knitted or crocheted",broad_prefix_expansion,yes,screening_candidate_not_shipment_evidence
Argentina,AR,Garments,2009-,2025,HS2022,162,61,610711,"610711 - Underpants and briefs; men's or boys', of cotton, knitted or crocheted",broad_prefix_expansion,yes,screening_candidate_not_shipment_evidence
Argentina,AR,Garments,2009-,2025,HS2022,162,61,610712,"610712 - Underpants and briefs; men's or boys', of man-made fibres, knitted or crocheted",broad_prefix_expansion,yes,screening_candidate_not_shipment_evidence
Argentina,AR,Garments,2009-,2025,HS2022,162,61,610719,"610719 - Underpants and briefs; men's or boys', of textile materials (other than cotton or man-made fibres), knitted or crocheted",broad_prefix_expansion,yes,screening_candidate_not_shipment_evidence
Argentina,AR,Garments,2009-,2025,HS2022,162,61,610721,"610721 - Nightshirts and pyjamas; men's or boys', of cotton, knitted or crocheted",broad_prefix_expansion,yes,screening_candidate_not_shipment_evidence
Argentina,AR,Garments,2009-,2025,HS2022,162,61,610722,"610722 - Nightshirts and pyjamas; men's or boys', of man-made fibres, knitted or crocheted",broad_prefix_expansion,yes,screening_candidate_not_shipment_evidence
Argentina,AR,Garments,2009-,2025,HS2022,162,61,610729,"610729 - Nightshirts and pyjamas; men's or boys', of textile materials (other than cotton or man-made fibres), knitted or crocheted",broad_prefix_expansion,yes,screening_candidate_not_shipment_evidence
Argentina,AR,Garments,2009-,2025,HS2022,162,61,610791,"610791 - Bathrobes, dressing gowns and similar articles; men's or boys', of cotton, knitted or crocheted",broad_prefix_expansion,yes,screening_candidate_not_shipment_evidence
Argentina,AR,Garments,2009-,2025,HS2022,162,61,610799,"610799 - Bathrobes, dressing gowns and similar articles; men's or boys', of textile materials (other than cotton), knitted or crocheted",broad_prefix_expansion,yes,screening_candidate_not_shipment_evidence
Argentina,AR,Garments,2009-,2025,HS2022,162,61,610811,"610811 - Slips and petticoats; women's or girls', of man-made fibres, knitted or crocheted",broad_prefix_expansion,yes,screening_candidate_not_shipment_evidence
Argentina,AR,Garments,2009-,2025,HS2022,162,61,610819,"610819 - Slips and petticoats; women's or girls', of textile materials (other than man-made fibres), knitted or crocheted",broad_prefix_expansion,yes,screening_candidate_not_shipment_evidence
Argentina,AR,Garments,2009-,2025,HS2022,162,61,610821,"610821 - Briefs and panties; women's or girls', of cotton, knitted or crocheted",broad_prefix_expansion,yes,screening_candidate_not_shipment_evidence
Argentina,AR,Garments,2009-,2025,HS2022,162,61,610822,"610822 - Briefs and panties; women's or girls', of man-made fibres, knitted or crocheted",broad_prefix_expansion,yes,screening_candidate_not_shipment_evidence
Argentina,AR,Garments,2009-,2025,HS2022,162,61,610829,"610829 - Briefs and panties; women's or girls', of textile materials (other than cotton or man-made fibres), knitted or crocheted",broad_prefix_expansion,yes,screening_candidate_not_shipment_evidence
Argentina,AR,Garments,2009-,2025,HS2022,162,61,610831,"610831 - Nightdresses and pyjamas; women's or girls', of cotton, knitted or crocheted",broad_prefix_expansion,yes,screening_candidate_not_shipment_evidence
Argentina,AR,Garments,2009-,2025,HS2022,162,61,610832,"610832 - Nightdresses and pyjamas; women's or girls', of man-made fibres, knitted or crocheted",broad_prefix_expansion,yes,screening_candidate_not_shipment_evidence
Argentina,AR,Garments,2009-,2025,HS2022,162,61,610839,"610839 - Nightdresses and pyjamas; women's or girls', of textile materials (other than cotton or man-made fibres), knitted or crocheted",broad_prefix_expansion,yes,screening_candidate_not_shipment_evidence
Argentina,AR,Garments,2009-,2025,HS2022,162,61,610891,"610891 - Negligees, bathrobes, dressing gowns and similar articles; women's or girls', of cotton, knitted or crocheted",broad_prefix_expansion,yes,screening_candidate_not_shipment_evidence
Argentina,AR,Garments,2009-,2025,HS2022,162,61,610892,"610892 - Negligees, bathrobes, dressing gowns and similar articles; women's or girls', of man-made fibres, knitted or crocheted",broad_prefix_expansion,yes,screening_candidate_not_shipment_evidence
Argentina,AR,Garments,2009-,2025,HS2022,162,61,610899,"610899 - Negligees, bathrobes, dressing gowns and similar articles; women's or girls', of textile materials (other than cotton or man-made fibres), knitted or crocheted",broad_prefix_expansion,yes,screening_candidate_not_shipment_evidence
Argentina,AR,Garments,2009-,2025,HS2022,162,61,610910,"610910 - T-shirts, singlets and other vests; of cotton, knitted or crocheted",broad_prefix_expansion,yes,screening_candidate_not_shipment_evidence
Argentina,AR,Garments,2009-,2025,HS2022,162,61,610990,"610990 - T-shirts, singlets and other vests; of textile materials (other than cotton), knitted or crocheted",broad_prefix_expansion,yes,screening_candidate_not_shipment_evidence
Argentina,AR,Garments,2009-,2025,HS2022,162,61,611011,"611011 - Jerseys, pullovers, cardigans, waistcoats and similar articles; knitted or crocheted, of wool or fine animal hair",broad_prefix_expansion,yes,screening_candidate_not_shipment_evidence
Argentina,AR,Garments,2009-,2025,HS2022,162,61,611012,"611012 - Jerseys, pullovers, cardigans, waistcoats and similar articles; knitted or crocheted, of fibres from kashmir (cashmere) goats",broad_prefix_expansion,yes,screening_candidate_not_shipment_evidence
Argentina,AR,Garments,2009-,2025,HS2022,162,61,611019,"611019 - Jerseys, pullovers, cardigans, waistcoats and similar articles; knitted or crocheted, of fine animal hair other than that of kashmir (cashmere) goats",broad_prefix_expansion,yes,screening_candidate_not_shipment_evidence
Argentina,AR,Garments,2009-,2025,HS2022,162,61,611020,"611020 - Jerseys, pullovers, cardigans, waistcoats and similar articles; of cotton, knitted or crocheted",broad_prefix_expansion,yes,screening_candidate_not_shipment_evidence
Argentina,AR,Garments,2009-,2025,HS2022,162,61,611030,"611030 - Jerseys, pullovers, cardigans, waistcoats and similar articles; of man-made fibres, knitted or crocheted",broad_prefix_expansion,yes,screening_candidate_not_shipment_evidence
Argentina,AR,Garments,2009-,2025,HS2022,162,61,611090,"611090 - Jerseys, pullovers, cardigans, waistcoats and similar articles; of textile materials (other than wool or fine animal hair, cotton or man-made fibres), knitted or crocheted",broad_prefix_expansion,yes,screening_candidate_not_shipment_evidence
Argentina,AR,Garments,2009-,2025,HS2022,162,61,611120,"611120 - Garments and clothing accessories; babies', of cotton, knitted or crocheted",broad_prefix_expansion,yes,screening_candidate_not_shipment_evidence
Argentina,AR,Garments,2009-,2025,HS2022,162,61,611130,"611130 - Garments and clothing accessories; babies', of synthetic fibres, knitted or crocheted",broad_prefix_expansion,yes,screening_candidate_not_shipment_evidence
Argentina,AR,Garments,2009-,2025,HS2022,162,61,611190,"611190 - Garments and clothing accessories; babies', of textile materials (other than cotton or synthetic fibres), knitted or crocheted",broad_prefix_expansion,yes,screening_candidate_not_shipment_evidence
Argentina,AR,Garments,2009-,2025,HS2022,162,61,611211,"611211 - Track suits; of cotton, knitted or crocheted",broad_prefix_expansion,yes,screening_candidate_not_shipment_evidence
Argentina,AR,Garments,2009-,2025,HS2022,162,61,611212,"611212 - Track suits; of synthetic fibres, knitted or crocheted",broad_prefix_expansion,yes,screening_candidate_not_shipment_evidence
Argentina,AR,Garments,2009-,2025,HS2022,162,61,611219,"611219 - Track suits; of textile materials (other than cotton or synthetic fibres), knitted or crocheted",broad_prefix_expansion,yes,screening_candidate_not_shipment_evidence
Argentina,AR,Garments,2009-,2025,HS2022,162,61,611220,611220 - Ski suits; knitted or crocheted,broad_prefix_expansion,yes,screening_candidate_not_shipment_evidence
Argentina,AR,Garments,2009-,2025,HS2022,162,61,611231,"611231 - Swimwear; men's or boys', of synthetic fibres, knitted or crocheted",broad_prefix_expansion,yes,screening_candidate_not_shipment_evidence
Argentina,AR,Garments,2009-,2025,HS2022,162,61,611239,"611239 - Swimwear; men's or boys', of textile materials (other than synthetic fibres), knitted or crocheted",broad_prefix_expansion,yes,screening_candidate_not_shipment_evidence
Argentina,AR,Garments,2009-,2025,HS2022,162,61,611241,"611241 - Swimwear; women's or girls', of synthetic fibres, knitted or crocheted",broad_prefix_expansion,yes,screening_candidate_not_shipment_evidence
Argentina,AR,Garments,2009-,2025,HS2022,162,61,611249,"611249 - Swimwear; women's or girls', of textile materials (other than synthetic fibres), knitted or crocheted",broad_prefix_expansion,yes,screening_candidate_not_shipment_evidence
Argentina,AR,Garments,2009-,2025,HS2022,162,61,611300,"611300 - Garments made up of knitted or crocheted fabrics of heading no. 5903, 5906 and 5907",broad_prefix_expansion,yes,screening_candidate_not_shipment_evidence
Argentina,AR,Garments,2009-,2025,HS2022,162,61,611420,"611420 - Garments; of cotton, knitted or crocheted, n.e.c. in chapter 61",broad_prefix_expansion,yes,screening_candidate_not_shipment_evidence
Argentina,AR,Garments,2009-,2025,HS2022,162,61,611430,"611430 - Garments; of man-made fibres, knitted or crocheted, n.e.c. in chapter 61",broad_prefix_expansion,yes,screening_candidate_not_shipment_evidence
Argentina,AR,Garments,2009-,2025,HS2022,162,61,611490,"611490 - Garments; of textile materials (other than cotton or man-made fibres), knitted or crocheted, n.e.c. in chapter 61",broad_prefix_expansion,yes,screening_candidate_not_shipment_evidence
Argentina,AR,Garments,2009-,2025,HS2022,162,61,611510,"611510 - Graduated compression hosiery (for example, stockings for varicose veins), knitted or crocheted",broad_prefix_expansion,yes,screening_candidate_not_shipment_evidence
Argentina,AR,Garments,2009-,2025,HS2022,162,61,611521,"611521 - Hosiery; panty hose and tights (other than graduated compression hosiery), of synthetic fibres, measuring per single yarn less than 67 decitex, knitted or crocheted",broad_prefix_expansion,yes,screening_candidate_not_shipment_evidence
Argentina,AR,Garments,2009-,2025,HS2022,162,61,611522,"611522 - Hosiery; panty hose and tights (other than graduated compression hosiery), of synthetic fibres, measuring per single yarn 67 decitex or more, knitted or crocheted",broad_prefix_expansion,yes,screening_candidate_not_shipment_evidence
Argentina,AR,Garments,2009-,2025,HS2022,162,61,611529,"611529 - Hosiery; panty hose and tights (other than graduated compression hosiery), of textile materials (other than synthetic fibres), knitted or crocheted",broad_prefix_expansion,yes,screening_candidate_not_shipment_evidence
Argentina,AR,Garments,2009-,2025,HS2022,162,61,611530,"611530 - Hosiery; women's, full-length or knee-length (other than graduated compression hosiery), measuring per single yarn less than 67 decitex, knitted or crocheted",broad_prefix_expansion,yes,screening_candidate_not_shipment_evidence
Argentina,AR,Garments,2009-,2025,HS2022,162,61,611594,"611594 - Hosiery and footwear; without applied soles, of wool or fine animal hair, knitted or crocheted (excluding graduated compression hosiery, panty hose, tights, women's full or knee-length hosiery measuring per single yarn less than 67 decitex)",broad_prefix_expansion,yes,screening_candidate_not_shipment_evidence
Argentina,AR,Garments,2009-,2025,HS2022,162,61,611595,"611595 - Hosiery and footwear; without applied soles, of cotton, knitted or crocheted (excluding graduated compression hosiery, panty hose, tights, full or knee-length hosiery measuring per single yarn less than 67 decitex)",broad_prefix_expansion,yes,screening_candidate_not_shipment_evidence
Argentina,AR,Garments,2009-,2025,HS2022,162,61,611596,"611596 - Hosiery and footwear; without applied soles, of synthetic fibres, knitted or crocheted (excluding graduated compression hosiery, panty hose, tights, full or knee-length hosiery measuring per single yarn less than 67 decitex)",broad_prefix_expansion,yes,screening_candidate_not_shipment_evidence
Argentina,AR,Garments,2009-,2025,HS2022,162,61,611599,"611599 - Hosiery and footwear; without applied soles, of textile materials n.e.c. in item no. 6115.9, knitted or crocheted (excluding graduated compression hosiery, panty hose, tights, full or knee-length hosiery measuring per single yarn less than 67 decitex)",broad_prefix_expansion,yes,screening_candidate_not_shipment_evidence
Argentina,AR,Garments,2009-,2025,HS2022,162,61,611610,"611610 - Gloves, mittens and mitts; knitted or crocheted, impregnated, coated, covered or laminated with plastics or rubber",broad_prefix_expansion,yes,screening_candidate_not_shipment_evidence
Argentina,AR,Garments,2009-,2025,HS2022,162,61,611691,"611691 - Gloves, mittens and mitts; of wool or fine animal hair, knitted or crocheted, (other than impregnated, coated, covered or laminated with plastics or rubber)",broad_prefix_expansion,yes,screening_candidate_not_shipment_evidence
Argentina,AR,Garments,2009-,2025,HS2022,162,61,611692,"611692 - Gloves, mittens and mitts; of cotton, knitted or crocheted, (other than impregnated, coated, covered or laminated with plastics or rubber)",broad_prefix_expansion,yes,screening_candidate_not_shipment_evidence
Argentina,AR,Garments,2009-,2025,HS2022,162,61,611693,"611693 - Gloves, mittens and mitts; of synthetic fibres, knitted or crocheted, (other than impregnated, coated, covered or laminated with plastics or rubber)",broad_prefix_expansion,yes,screening_candidate_not_shipment_evidence
Argentina,AR,Garments,2009-,2025,HS2022,162,61,611699,"611699 - Gloves, mittens and mitts; of textile materials (other than wool or fine animal hair, cotton or synthetic fibres), knitted or crocheted, (other than impregnated, coated, covered or laminated with plastics or rubber)",broad_prefix_expansion,yes,screening_candidate_not_shipment_evidence
Argentina,AR,Garments,2009-,2025,HS2022,162,61,611710,"611710 - Shawls, scarves, mufflers, mantillas, veils and the like; knitted or crocheted",broad_prefix_expansion,yes,screening_candidate_not_shipment_evidence
Argentina,AR,Garments,2009-,2025,HS2022,162,61,611780,"611780 - Clothing accessories; knitted or crocheted, n.e.c. in heading no. 6117",broad_prefix_expansion,yes,screening_candidate_not_shipment_evidence
Argentina,AR,Garments,2009-,2025,HS2022,162,61,611790,"611790 - Clothing; parts, knitted or crocheted",broad_prefix_expansion,yes,screening_candidate_not_shipment_evidence
Argentina,AR,Garments,2009-,2025,HS2022,163,62,620120,"620120 - Coats; men's or boys', overcoats, raincoats, car-coats, capes, cloaks, anoraks (including ski-jackets) and similar articles, of wool or fine animal hair, other than those of heading no. 6203 (not knitted or crocheted)",broad_prefix_expansion,yes,screening_candidate_not_shipment_evidence
Argentina,AR,Garments,2009-,2025,HS2022,163,62,620130,"620130 - Coats; men's or boys', overcoats, raincoats, car-coats, capes, cloaks, anoraks (including ski-jackets) and similar articles, of cotton, other than those of heading no. 6203 (not knitted or crocheted)",broad_prefix_expansion,yes,screening_candidate_not_shipment_evidence
Argentina,AR,Garments,2009-,2025,HS2022,163,62,620140,"620140 - Coats; men's or boys', overcoats, raincoats, car-coats, capes, cloaks, anoraks (including ski-jackets) and similar articles, of man-made fibres, other than those of heading no. 6203 (not knitted or crocheted)",broad_prefix_expansion,yes,screening_candidate_not_shipment_evidence
Argentina,AR,Garments,2009-,2025,HS2022,163,62,620190,"620190 - Coats; men's or boys', overcoats, rain-coats, car-coats, capes, cloaks and similar, of textile materials (other than wool, fine animal hair, cotton or man-made fibres), other than those of heading no. 6203 (not knitted or crocheted)",broad_prefix_expansion,yes,screening_candidate_not_shipment_evidence
Argentina,AR,Garments,2009-,2025,HS2022,163,62,620220,"620220 - Coats; women's or girls', overcoats, raincoats, car-coats, capes, cloaks anoraks (including ski-jackets) and similar articles, of wool or fine animal hair, other than those of heading no. 6204 (not knitted or crocheted)",broad_prefix_expansion,yes,screening_candidate_not_shipment_evidence
Argentina,AR,Garments,2009-,2025,HS2022,163,62,620230,"620230 - Coats; women's or girls', overcoats, raincoats, car-coats, capes, cloaks anoraks (including ski-jackets) and similar articles, of cotton, other than those of heading no. 6204 (not knitted or crocheted)",broad_prefix_expansion,yes,screening_candidate_not_shipment_evidence
Argentina,AR,Garments,2009-,2025,HS2022,163,62,620240,"620240 - Coats; women's or girls', overcoats, raincoats, car-coats, capes, cloaks anoraks (including ski-jackets) and similar articles, of man-made fibres, other than those of heading no. 6204 (not knitted or crocheted)",broad_prefix_expansion,yes,screening_candidate_not_shipment_evidence
Argentina,AR,Garments,2009-,2025,HS2022,163,62,620290,"620290 - Coats; women's or girls', overcoats, raincoats, car-coats, capes, cloaks and similar articles, of textile materials (other than wool, fine animal hair, cotton or man-made fibres), other than those of heading no. 6204 (not knitted or crocheted)",broad_prefix_expansion,yes,screening_candidate_not_shipment_evidence
Argentina,AR,Garments,2009-,2025,HS2022,163,62,620311,"620311 - Suits; men's or boys', of wool or fine animal hair (not knitted or crocheted)",broad_prefix_expansion,yes,screening_candidate_not_shipment_evidence
Argentina,AR,Garments,2009-,2025,HS2022,163,62,620312,"620312 - Suits; men's or boys', of synthetic fibres (not knitted or crocheted)",broad_prefix_expansion,yes,screening_candidate_not_shipment_evidence
Argentina,AR,Garments,2009-,2025,HS2022,163,62,620319,"620319 - Suits; men's or boys', of textile materials n.e.c. in item no. 6203.1 (not knitted or crocheted)",broad_prefix_expansion,yes,screening_candidate_not_shipment_evidence
Argentina,AR,Garments,2009-,2025,HS2022,163,62,620322,"620322 - Ensembles; men's or boys', of cotton (not knitted or crocheted)",broad_prefix_expansion,yes,screening_candidate_not_shipment_evidence
Argentina,AR,Garments,2009-,2025,HS2022,163,62,620323,"620323 - Ensembles; men's or boys', of synthetic fibres (not knitted or crocheted)",broad_prefix_expansion,yes,screening_candidate_not_shipment_evidence
Argentina,AR,Garments,2009-,2025,HS2022,163,62,620329,"620329 - Ensembles; men's or boys', of textile materials n.e.c. in item no. 6203.2 (not knitted or crocheted)",broad_prefix_expansion,yes,screening_candidate_not_shipment_evidence
Argentina,AR,Garments,2009-,2025,HS2022,163,62,620331,"620331 - Jackets and blazers; men's or boys', of wool or fine animal hair (not knitted or crocheted)",broad_prefix_expansion,yes,screening_candidate_not_shipment_evidence
Argentina,AR,Garments,2009-,2025,HS2022,163,62,620332,"620332 - Jackets and blazers; men's or boys', of cotton (not knitted or crocheted)",broad_prefix_expansion,yes,screening_candidate_not_shipment_evidence
Argentina,AR,Garments,2009-,2025,HS2022,163,62,620333,"620333 - Jackets and blazers; men's or boys', of synthetic fibres (not knitted or crocheted)",broad_prefix_expansion,yes,screening_candidate_not_shipment_evidence
Argentina,AR,Garments,2009-,2025,HS2022,163,62,620339,"620339 - Jackets and blazers; men's or boys', of textile materials n.e.c. in item no. 6203.3 (not knitted or crocheted)",broad_prefix_expansion,yes,screening_candidate_not_shipment_evidence
Argentina,AR,Garments,2009-,2025,HS2022,163,62,620341,"620341 - Trousers, bib and brace overalls, breeches and shorts; men's or boys', of wool or fine animal hair (not knitted or crocheted)",broad_prefix_expansion,yes,screening_candidate_not_shipment_evidence
Argentina,AR,Garments,2009-,2025,HS2022,163,62,620342,"620342 - Trousers, bib and brace overalls, breeches and shorts; men's or boys', of cotton (not knitted or crocheted)",broad_prefix_expansion,yes,screening_candidate_not_shipment_evidence
Argentina,AR,Garments,2009-,2025,HS2022,163,62,620343,"620343 - Trousers, bib and brace overalls, breeches and shorts; men's or boys', of synthetic fibres (not knitted or crocheted)",broad_prefix_expansion,yes,screening_candidate_not_shipment_evidence
Argentina,AR,Garments,2009-,2025,HS2022,163,62,620349,"620349 - Trousers, bib and brace overalls, breeches and shorts; men's or boys', of textile materials (other than wool, fine animal hair, cotton or synthetic fibres), (not knitted or crocheted)",broad_prefix_expansion,yes,screening_candidate_not_shipment_evidence
Argentina,AR,Garments,2009-,2025,HS2022,163,62,620411,"620411 - Suits; women's or girls', of wool or fine animal hair (not knitted or crocheted)",broad_prefix_expansion,yes,screening_candidate_not_shipment_evidence
Argentina,AR,Garments,2009-,2025,HS2022,163,62,620412,"620412 - Suits; women's or girls', of cotton (not knitted or crocheted)",broad_prefix_expansion,yes,screening_candidate_not_shipment_evidence
Argentina,AR,Garments,2009-,2025,HS2022,163,62,620413,"620413 - Suits; women's or girls', of synthetic fibres (not knitted or crocheted)",broad_prefix_expansion,yes,screening_candidate_not_shipment_evidence
Argentina,AR,Garments,2009-,2025,HS2022,163,62,620419,"620419 - Suits; women's or girls', of textile materials n.e.c. in item no. 6204.1 (not knitted or crocheted)",broad_prefix_expansion,yes,screening_candidate_not_shipment_evidence
Argentina,AR,Garments,2009-,2025,HS2022,163,62,620421,"620421 - Ensembles; women's or girls', of wool or fine animal hair (not knitted or crocheted)",broad_prefix_expansion,yes,screening_candidate_not_shipment_evidence
Argentina,AR,Garments,2009-,2025,HS2022,163,62,620422,"620422 - Ensembles; women's or girls', of cotton (not knitted or crocheted)",broad_prefix_expansion,yes,screening_candidate_not_shipment_evidence
Argentina,AR,Garments,2009-,2025,HS2022,163,62,620423,"620423 - Ensembles; women's or girls', of synthetic fibres (not knitted or crocheted)",broad_prefix_expansion,yes,screening_candidate_not_shipment_evidence
Argentina,AR,Garments,2009-,2025,HS2022,163,62,620429,"620429 - Ensembles; women's or girls', of textile materials n.e.c. in item no. 6204.2 (not knitted or crocheted)",broad_prefix_expansion,yes,screening_candidate_not_shipment_evidence
Argentina,AR,Garments,2009-,2025,HS2022,163,62,620431,"620431 - Jackets and blazers; women's or girls', of wool or fine animal hair (not knitted or crocheted)",broad_prefix_expansion,yes,screening_candidate_not_shipment_evidence
Argentina,AR,Garments,2009-,2025,HS2022,163,62,620432,"620432 - Jackets and blazers; women's or girls', of cotton (not knitted or crocheted)",broad_prefix_expansion,yes,screening_candidate_not_shipment_evidence
Argentina,AR,Garments,2009-,2025,HS2022,163,62,620433,"620433 - Jackets and blazers; women's or girls', of synthetic fibres (not knitted or crocheted)",broad_prefix_expansion,yes,screening_candidate_not_shipment_evidence
Argentina,AR,Garments,2009-,2025,HS2022,163,62,620439,"620439 - Jackets and blazers; women's or girls', of textile materials n.e.c. in item no. 6204.3 (not knitted or crocheted)",broad_prefix_expansion,yes,screening_candidate_not_shipment_evidence
Argentina,AR,Garments,2009-,2025,HS2022,163,62,620441,"620441 - Dresses; women's or girls', of wool or fine animal hair (not knitted or crocheted)",broad_prefix_expansion,yes,screening_candidate_not_shipment_evidence
Argentina,AR,Garments,2009-,2025,HS2022,163,62,620442,"620442 - Dresses; women's or girls', of cotton (not knitted or crocheted)",broad_prefix_expansion,yes,screening_candidate_not_shipment_evidence
Argentina,AR,Garments,2009-,2025,HS2022,163,62,620443,"620443 - Dresses; women's or girls', of synthetic fibres (not knitted or crocheted)",broad_prefix_expansion,yes,screening_candidate_not_shipment_evidence
Argentina,AR,Garments,2009-,2025,HS2022,163,62,620444,"620444 - Dresses; women's or girls', of artificial fibres (not knitted or crocheted)",broad_prefix_expansion,yes,screening_candidate_not_shipment_evidence
Argentina,AR,Garments,2009-,2025,HS2022,163,62,620449,"620449 - Dresses; women's or girls', of textile materials n.e.c. in item no. 6204.4 (not knitted or crocheted)",broad_prefix_expansion,yes,screening_candidate_not_shipment_evidence
Argentina,AR,Garments,2009-,2025,HS2022,163,62,620451,"620451 - Skirts and divided skirts; women's or girls', of wool or fine animal hair (not knitted or crocheted)",broad_prefix_expansion,yes,screening_candidate_not_shipment_evidence
Argentina,AR,Garments,2009-,2025,HS2022,163,62,620452,"620452 - Skirts and divided skirts; women's or girls', of cotton (not knitted or crocheted)",broad_prefix_expansion,yes,screening_candidate_not_shipment_evidence
Argentina,AR,Garments,2009-,2025,HS2022,163,62,620453,"620453 - Skirts and divided skirts; women's or girls', of synthetic fibres (not knitted or crocheted)",broad_prefix_expansion,yes,screening_candidate_not_shipment_evidence
Argentina,AR,Garments,2009-,2025,HS2022,163,62,620459,"620459 - Skirts and divided skirts; women's or girls', of textile materials n.e.c. in item no. 6204.5 (not knitted or crocheted)",broad_prefix_expansion,yes,screening_candidate_not_shipment_evidence
Argentina,AR,Garments,2009-,2025,HS2022,163,62,620461,"620461 - Trousers, bib and brace overalls, breeches and shorts; women's or girls', of wool or fine animal hair (not knitted or crocheted)",broad_prefix_expansion,yes,screening_candidate_not_shipment_evidence
Argentina,AR,Garments,2009-,2025,HS2022,163,62,620462,"620462 - Trousers, bib and brace overalls, breeches and shorts; women's or girls', of cotton (not knitted or crocheted)",broad_prefix_expansion,yes,screening_candidate_not_shipment_evidence
Argentina,AR,Garments,2009-,2025,HS2022,163,62,620463,"620463 - Trousers, bib and brace overalls, breeches and shorts; women's or girls', of synthetic fibres (not knitted or crocheted)",broad_prefix_expansion,yes,screening_candidate_not_shipment_evidence
Argentina,AR,Garments,2009-,2025,HS2022,163,62,620469,"620469 - Trousers, bib and brace overalls, breeches and shorts; women's or girls', of textile materials (other than wool, fine animal hair, cotton or synthetic fibres), (not knitted or crocheted)",broad_prefix_expansion,yes,screening_candidate_not_shipment_evidence
Argentina,AR,Garments,2009-,2025,HS2022,163,62,620520,"620520 - Shirts; men's or boys', of cotton (not knitted or crocheted)",broad_prefix_expansion,yes,screening_candidate_not_shipment_evidence
Argentina,AR,Garments,2009-,2025,HS2022,163,62,620530,"620530 - Shirts; men's or boys', of man-made fibres (not knitted or crocheted)",broad_prefix_expansion,yes,screening_candidate_not_shipment_evidence
Argentina,AR,Garments,2009-,2025,HS2022,163,62,620590,"620590 - Shirts; men's or boys', of textile materials n.e.c. in heading no. 6205 (not knitted or crocheted)",broad_prefix_expansion,yes,screening_candidate_not_shipment_evidence
Argentina,AR,Garments,2009-,2025,HS2022,163,62,620610,"620610 - Blouses, shirts and shirt-blouses; women's or girls', of silk or silk waste (not knitted or crocheted)",broad_prefix_expansion,yes,screening_candidate_not_shipment_evidence
Argentina,AR,Garments,2009-,2025,HS2022,163,62,620620,"620620 - Blouses, shirts and shirt-blouses; women's or girls', of wool or fine animal hair (not knitted or crocheted)",broad_prefix_expansion,yes,screening_candidate_not_shipment_evidence
Argentina,AR,Garments,2009-,2025,HS2022,163,62,620630,"620630 - Blouses, shirts and shirt-blouses; women's or girls', of cotton (not knitted or crocheted)",broad_prefix_expansion,yes,screening_candidate_not_shipment_evidence
Argentina,AR,Garments,2009-,2025,HS2022,163,62,620640,"620640 - Blouses, shirts and shirt-blouses; women's or girls', of man-made fibres (not knitted or crocheted)",broad_prefix_expansion,yes,screening_candidate_not_shipment_evidence
Argentina,AR,Garments,2009-,2025,HS2022,163,62,620690,"620690 - Blouses, shirts and shirt-blouses; women's or girls', of textile materials n.e.c. in heading no. 6206 (not knitted or crocheted)",broad_prefix_expansion,yes,screening_candidate_not_shipment_evidence
Argentina,AR,Garments,2009-,2025,HS2022,163,62,620711,"620711 - Underpants and briefs; men's or boys', of cotton (not knitted or crocheted)",broad_prefix_expansion,yes,screening_candidate_not_shipment_evidence
Argentina,AR,Garments,2009-,2025,HS2022,163,62,620719,"620719 - Underpants and briefs; men's or boys', of textile materials other than cotton (not knitted or crocheted)",broad_prefix_expansion,yes,screening_candidate_not_shipment_evidence
Argentina,AR,Garments,2009-,2025,HS2022,163,62,620721,"620721 - Nightshirts and pyjamas; men's or boys', of cotton (not knitted or crocheted)",broad_prefix_expansion,yes,screening_candidate_not_shipment_evidence
Argentina,AR,Garments,2009-,2025,HS2022,163,62,620722,"620722 - Nightshirts and pyjamas; men's or boys', of man-made fibres (not knitted or crocheted)",broad_prefix_expansion,yes,screening_candidate_not_shipment_evidence
Argentina,AR,Garments,2009-,2025,HS2022,163,62,620729,"620729 - Nightshirts and pyjamas; men's or boys', of textile materials other than cotton or man-made fibres (not knitted or crocheted)",broad_prefix_expansion,yes,screening_candidate_not_shipment_evidence
Argentina,AR,Garments,2009-,2025,HS2022,163,62,620791,"620791 - Singlets and other vests, bathrobes, dressing gowns and similar articles; men's or boys', of cotton (not knitted or crocheted)",broad_prefix_expansion,yes,screening_candidate_not_shipment_evidence
Argentina,AR,Garments,2009-,2025,HS2022,163,62,620799,"620799 - Singlets and other vests, bathrobes, dressing gowns and similar articles; men's or boys', of textile materials other than cotton (not knitted or crocheted)",broad_prefix_expansion,yes,screening_candidate_not_shipment_evidence
Argentina,AR,Garments,2009-,2025,HS2022,163,62,620811,"620811 - Slips and petticoats; women's or girls', of man-made fibres (not knitted or crocheted)",broad_prefix_expansion,yes,screening_candidate_not_shipment_evidence
Argentina,AR,Garments,2009-,2025,HS2022,163,62,620819,"620819 - Slips and petticoats; women's or girls', of textile materials other than man-made fibres (not knitted or crocheted)",broad_prefix_expansion,yes,screening_candidate_not_shipment_evidence
Argentina,AR,Garments,2009-,2025,HS2022,163,62,620821,"620821 - Nightdresses and pyjamas; women's or girls', of cotton (not knitted or crocheted)",broad_prefix_expansion,yes,screening_candidate_not_shipment_evidence
Argentina,AR,Garments,2009-,2025,HS2022,163,62,620822,"620822 - Nightdresses and pyjamas; women's or girls', of man-made fibres (not knitted or crocheted)",broad_prefix_expansion,yes,screening_candidate_not_shipment_evidence
Argentina,AR,Garments,2009-,2025,HS2022,163,62,620829,"620829 - Nightdresses and pyjamas; women's or girls', of textile materials other than cotton or man-made fibres (not knitted or crocheted)",broad_prefix_expansion,yes,screening_candidate_not_shipment_evidence
Argentina,AR,Garments,2009-,2025,HS2022,163,62,620891,"620891 - Singlets and other vests, briefs, panties, negligees, bathrobes, dressing gowns and similar articles; women's or girls', of cotton (not knitted or crocheted)",broad_prefix_expansion,yes,screening_candidate_not_shipment_evidence
Argentina,AR,Garments,2009-,2025,HS2022,163,62,620892,"620892 - Singlets and other vests, briefs, panties, negligees, bathrobes, dressing gowns etc.; women's or girls', of man-made fibres (not knitted or crocheted), excluding incontinence or other sanitary garments or garment liners of heading no. 96.19",broad_prefix_expansion,yes,screening_candidate_not_shipment_evidence
Argentina,AR,Garments,2009-,2025,HS2022,163,62,620899,"620899 - Singlets and other vests, briefs, panties, negligees, bathrobes, dressing gowns and similar articles; women's or girls', of textile materials other than cotton or man-made fibres (not knitted or crocheted)",broad_prefix_expansion,yes,screening_candidate_not_shipment_evidence
Argentina,AR,Garments,2009-,2025,HS2022,163,62,620920,"620920 - Garments and clothing accessories; babies', of cotton (not knitted or crocheted)",broad_prefix_expansion,yes,screening_candidate_not_shipment_evidence
Argentina,AR,Garments,2009-,2025,HS2022,163,62,620930,"620930 - Garments and clothing accessories; babies', of synthetic fibres (not knitted or crocheted)",broad_prefix_expansion,yes,screening_candidate_not_shipment_evidence
Argentina,AR,Garments,2009-,2025,HS2022,163,62,620990,"620990 - Garments and clothing accessories; babies', of textile materials other than cotton or synthetic fibres (not knitted or crocheted)",broad_prefix_expansion,yes,screening_candidate_not_shipment_evidence
Argentina,AR,Garments,2009-,2025,HS2022,163,62,621010,621010 - Garments; of felt or non-wovens (not knitted or crocheted),broad_prefix_expansion,yes,screening_candidate_not_shipment_evidence
Argentina,AR,Garments,2009-,2025,HS2022,163,62,621020,"621020 - Garments; overcoats, raincoats, car-coats, capes, cloaks, anoraks (including ski-jackets) and similar articles, men's or boys', of the fabrics of heading no. 5602, 5603, 5903, 5906 or 5907 (not knitted or crocheted)",broad_prefix_expansion,yes,screening_candidate_not_shipment_evidence
Argentina,AR,Garments,2009-,2025,HS2022,163,62,621030,"621030 - Garments; overcoats, raincoats, car-coats, capes, cloaks, anoraks (including ski-jackets) and similar articles, women's or girls', of the fabrics of heading no. 5602, 5603, 5903, 5906 or 5907 (not knitted or crocheted)",broad_prefix_expansion,yes,screening_candidate_not_shipment_evidence
Argentina,AR,Garments,2009-,2025,HS2022,163,62,621040,"621040 - Garments; men's or boys', n.e.c. in item no. 6210.2, of the fabrics of heading no. 5602, 5603, 5903, 5906 or 5907 (not knitted or crocheted)",broad_prefix_expansion,yes,screening_candidate_not_shipment_evidence
Argentina,AR,Garments,2009-,2025,HS2022,163,62,621050,"621050 - Garments; women's or girls', n.e.c. in item no. 6210.3, of the fabrics of heading no. 5602, 5603, 5903, 5906 or 5907 (not knitted or crocheted)",broad_prefix_expansion,yes,screening_candidate_not_shipment_evidence
Argentina,AR,Garments,2009-,2025,HS2022,163,62,621111,"621111 - Swimwear; men's or boys', (not knitted or crocheted)",broad_prefix_expansion,yes,screening_candidate_not_shipment_evidence
Argentina,AR,Garments,2009-,2025,HS2022,163,62,621112,"621112 - Swimwear; women's or girls', (not knitted or crocheted)",broad_prefix_expansion,yes,screening_candidate_not_shipment_evidence
Argentina,AR,Garments,2009-,2025,HS2022,163,62,621120,621120 - Ski suits; (not knitted or crocheted),broad_prefix_expansion,yes,screening_candidate_not_shipment_evidence
Argentina,AR,Garments,2009-,2025,HS2022,163,62,621132,"621132 - Track suits and other garments n.e.c.; men's or boys', of cotton (not knitted or crocheted)",broad_prefix_expansion,yes,screening_candidate_not_shipment_evidence
Argentina,AR,Garments,2009-,2025,HS2022,163,62,621133,"621133 - Track suits and other garments n.e.c.; men's or boys', of man-made fibres (not knitted or crocheted)",broad_prefix_expansion,yes,screening_candidate_not_shipment_evidence
Argentina,AR,Garments,2009-,2025,HS2022,163,62,621139,"621139 - Track suits and other garments n.e.c.; men's or boys', of textile materials n.e.c. in item no. 6211.3 (not knitted or crocheted)",broad_prefix_expansion,yes,screening_candidate_not_shipment_evidence
Argentina,AR,Garments,2009-,2025,HS2022,163,62,621142,"621142 - Track suits and other garments n.e.c.; women's or girls', of cotton (not knitted or crocheted)",broad_prefix_expansion,yes,screening_candidate_not_shipment_evidence
Argentina,AR,Garments,2009-,2025,HS2022,163,62,621143,"621143 - Track suits and other garments n.e.c.; women's or girls', of man-made fibres (not knitted or crocheted)",broad_prefix_expansion,yes,screening_candidate_not_shipment_evidence
Argentina,AR,Garments,2009-,2025,HS2022,163,62,621149,"621149 - Track suits and other garments n.e.c.; women's or girls', of textile materials n.e.c. in item no. 6211.4 (not knitted or crocheted)",broad_prefix_expansion,yes,screening_candidate_not_shipment_evidence
Argentina,AR,Garments,2009-,2025,HS2022,163,62,621210,621210 - Brassieres; whether or not knitted or crocheted,broad_prefix_expansion,yes,screening_candidate_not_shipment_evidence
Argentina,AR,Garments,2009-,2025,HS2022,163,62,621220,621220 - Girdles and panty-girdles; whether or not knitted or crocheted,broad_prefix_expansion,yes,screening_candidate_not_shipment_evidence
Argentina,AR,Garments,2009-,2025,HS2022,163,62,621230,621230 - Corselettes; whether or not knitted or crocheted,broad_prefix_expansion,yes,screening_candidate_not_shipment_evidence
Argentina,AR,Garments,2009-,2025,HS2022,163,62,621290,"621290 - Braces, suspenders, garters and similar articles; whether or not knitted or crocheted, n.e.c. in heading no. 6212",broad_prefix_expansion,yes,screening_candidate_not_shipment_evidence
Argentina,AR,Garments,2009-,2025,HS2022,163,62,621320,621320 - Handkerchiefs; of cotton (not knitted or crocheted),broad_prefix_expansion,yes,screening_candidate_not_shipment_evidence
Argentina,AR,Garments,2009-,2025,HS2022,163,62,621390,621390 - Handkerchiefs; of textile materials other than cotton (not knitted or crocheted),broad_prefix_expansion,yes,screening_candidate_not_shipment_evidence
Argentina,AR,Garments,2009-,2025,HS2022,163,62,621410,"621410 - Shawls, scarves, mufflers, mantillas, veils and the like; of silk or silk waste (not knitted or crocheted)",broad_prefix_expansion,yes,screening_candidate_not_shipment_evidence
Argentina,AR,Garments,2009-,2025,HS2022,163,62,621420,"621420 - Shawls, scarves, mufflers, mantillas, veils and the like; of wool or fine animal hair (not knitted or crocheted)",broad_prefix_expansion,yes,screening_candidate_not_shipment_evidence
Argentina,AR,Garments,2009-,2025,HS2022,163,62,621430,"621430 - Shawls, scarves, mufflers, mantillas, veils and the like; of synthetic fibres (not knitted or crocheted)",broad_prefix_expansion,yes,screening_candidate_not_shipment_evidence
Argentina,AR,Garments,2009-,2025,HS2022,163,62,621440,"621440 - Shawls, scarves, mufflers, mantillas, veils and the like; of artificial fibres (not knitted or crocheted)",broad_prefix_expansion,yes,screening_candidate_not_shipment_evidence
Argentina,AR,Garments,2009-,2025,HS2022,163,62,621490,"621490 - Shawls, scarves, mufflers, mantillas, veils and the like; of textile materials n.e.c. in heading no. 6214 (not knitted or crocheted)",broad_prefix_expansion,yes,screening_candidate_not_shipment_evidence
Argentina,AR,Garments,2009-,2025,HS2022,163,62,621510,"621510 - Ties, bow ties and cravats; of silk or silk waste (not knitted or crocheted)",broad_prefix_expansion,yes,screening_candidate_not_shipment_evidence
Argentina,AR,Garments,2009-,2025,HS2022,163,62,621520,"621520 - Ties, bow ties and cravats; of man-made fibres (not knitted or crocheted)",broad_prefix_expansion,yes,screening_candidate_not_shipment_evidence
Argentina,AR,Garments,2009-,2025,HS2022,163,62,621590,"621590 - Ties, bow ties and cravats; of textile materials other than silk or man-made fibres (not knitted or crocheted)",broad_prefix_expansion,yes,screening_candidate_not_shipment_evidence
Argentina,AR,Garments,2009-,2025,HS2022,163,62,621600,"621600 - Gloves, mittens and mitts (not knitted or crocheted)",broad_prefix_expansion,yes,screening_candidate_not_shipment_evidence
Argentina,AR,Garments,2009-,2025,HS2022,163,62,621710,621710 - Clothing accessories; other than those of heading no. 6212 (not knitted or crocheted),broad_prefix_expansion,yes,screening_candidate_not_shipment_evidence
Argentina,AR,Garments,2009-,2025,HS2022,163,62,621790,"621790 - Clothing; parts of garments or of clothing accessories, other than those of heading no. 6212 (not knitted or crocheted)",broad_prefix_expansion,yes,screening_candidate_not_shipment_evidence
Bangladesh,BD,Dried Fish,2012-,2025,HS2022,118,0305.31.0100,030531,"030531 - Fish fillets; dried, salted or in brine, but not smoked, tilapias, catfish, carp, eels, Nile perch, and snakeheads",hts_prefix_to_hs6,yes,screening_candidate_not_shipment_evidence
Bangladesh,BD,Dried Fish,2012-,2025,HS2022,119,0305.32,030532,"030532 - Fish fillets; dried, salted or in brine, but not smoked, of the families Bregmacerotidae, Euclichthyidae, Gadidae, Macrouridae, Melanonidae, Merlucciidae, Moridae and Muraenolepididae",exact_hs6,no,screening_candidate_not_shipment_evidence
Bangladesh,BD,Dried Fish,2012-,2025,HS2022,120,0305.39,030539,"030539 - Fish fillets; dried, salted or in brine, but not smoked, n.e.c. in item no. 0305.3",exact_hs6,no,screening_candidate_not_shipment_evidence
Bangladesh,BD,Dried Fish,2012-,2025,HS2022,121,0305.51.0000,030551,"030551 - Fish; dried, whether or not salted but not smoked, other than edible fish offal, cod (Gadus morhua, Gadus ogac, Gadus macrocephalus)",hts_prefix_to_hs6,yes,screening_candidate_not_shipment_evidence
Bangladesh,BD,Dried Fish,2012-,2025,HS2022,122,0305.52.0000,030552,"030552 - Fish; dried, whether or not salted but not smoked, tilapias, catfish, carp, eels, Nile perch, and snakeheads",hts_prefix_to_hs6,yes,screening_candidate_not_shipment_evidence
Bangladesh,BD,Dried Fish,2012-,2025,HS2022,123,0305.53.0000,030553,"030553 - Fish; dried, whether or not salted but not smoked, fish of the families Bregmacerotidae, Euclichthyidae, Gadidae, Macrouridae, Melanonidae, Merlucciidae, Moridae and Muraenolepididae, other than cod",hts_prefix_to_hs6,yes,screening_candidate_not_shipment_evidence
Bangladesh,BD,Dried Fish,2012-,2025,HS2022,124,0305.54.0000,030554,"030554 - Dried herrings, anchovies, sardines, sardinella, brisling or sprats, mackerel (incl Indian, jack, or horse), seerfishes, jacks, crevalles, cobia, silver pomfrets, Pacific saury, scads, capelin, swordfish, Kawakawa, bonitos, marlins, sailfishes, spearfish",hts_prefix_to_hs6,yes,screening_candidate_not_shipment_evidence
Bangladesh,BD,Dried Fish,2012-,2025,HS2022,125,0305.59.0001,030559,"030559 - Fish; dried, whether or not salted but not smoked, other than edible fish offal, n.e.c. in item no. 0305.5",hts_prefix_to_hs6,yes,screening_candidate_not_shipment_evidence
Burkina Faso,BF,Cotton,2009-,2025,HS2022,111,5201,520100,520100 - Cotton; not carded or combed,broad_prefix_expansion,yes,screening_candidate_not_shipment_evidence
Burkina Faso,BF,Gold,2009-,2025,HS2022,173,7108,710811,"710811 - Metals; gold, non-monetary, powder",broad_prefix_expansion,yes,screening_candidate_not_shipment_evidence
Burkina Faso,BF,Gold,2009-,2025,HS2022,173,7108,710812,"710812 - Metals; gold, non-monetary, unwrought (but not powder)",broad_prefix_expansion,yes,screening_candidate_not_shipment_evidence
Burkina Faso,BF,Gold,2009-,2025,HS2022,173,7108,710813,"710813 - Metals; gold, semi-manufactured",broad_prefix_expansion,yes,screening_candidate_not_shipment_evidence
Burkina Faso,BF,Gold,2009-,2025,HS2022,173,7108,710820,"710820 - Gold, monetary",broad_prefix_expansion,yes,screening_candidate_not_shipment_evidence
Burkina Faso,BF,Gold,2009-,2025,HS2022,174,7115.90.0530,711590,"711590 - Metal; precious or metal clad with precious metal, other than that of item no. 7115.10",hts_prefix_to_hs6,yes,screening_candidate_not_shipment_evidence
Benin,BJ,Cotton,2009-,2025,HS2022,111,5201,520100,520100 - Cotton; not carded or combed,broad_prefix_expansion,yes,screening_candidate_not_shipment_evidence
Bolivia,BO,Brazil Nuts/Chestnuts,2009-,2025,HS2022,45,0801.21.0000,080121,"080121 - Nuts, edible; brazil nuts, fresh or dried, in shell",hts_prefix_to_hs6,yes,screening_candidate_not_shipment_evidence
Bolivia,BO,Brazil Nuts/Chestnuts,2009-,2025,HS2022,46,0801.22.0000,080122,"080122 - Nuts, edible; brazil nuts, fresh or dried, shelled",hts_prefix_to_hs6,yes,screening_candidate_not_shipment_evidence
Bolivia,BO,Brazil Nuts/Chestnuts,2009-,2025,HS2022,47,0802.41.0000,080241,"080241 - Nuts, edible; chestnuts (Castanea spp.), fresh or dried, in shell",hts_prefix_to_hs6,yes,screening_candidate_not_shipment_evidence
Bolivia,BO,Brazil Nuts/Chestnuts,2009-,2025,HS2022,48,0802.42.0000,080242,"080242 - Nuts, edible; chestnuts (Castanea spp.), fresh or dried, shelled",hts_prefix_to_hs6,yes,screening_candidate_not_shipment_evidence
Bolivia,BO,Cattle,2009-,2025,HS2022,74,0102.21,010221,"010221 - Cattle; live, pure-bred breeding animals",exact_hs6,no,screening_candidate_not_shipment_evidence
Bolivia,BO,Cattle,2009-,2025,HS2022,75,0102.29,010229,"010229 - Cattle; live, other than pure-bred breeding animals",exact_hs6,no,screening_candidate_not_shipment_evidence
Bolivia,BO,Corn,2009-,2025,HS2022,105,0709.99.4500,070999,"070999 - Vegetables; edible, n.e.c. in chapter 07, fresh or chilled",hts_prefix_to_hs6,yes,screening_candidate_not_shipment_evidence
Bolivia,BO,Corn,2009-,2025,HS2022,106,0710.40.0000,071040,"071040 - Vegetables; sweetcorn, uncooked or cooked by steaming or boiling in water, frozen",hts_prefix_to_hs6,yes,screening_candidate_not_shipment_evidence
Bolivia,BO,Corn,2009-,2025,HS2022,107,1005.1,100510,"100510 - Cereals; maize (corn), seed",broad_prefix_expansion,yes,screening_candidate_not_shipment_evidence
Bolivia,BO,Corn,2009-,2025,HS2022,108,1005.90.2015,100590,"100590 - Cereals; maize (corn), other than seed",hts_prefix_to_hs6,yes,screening_candidate_not_shipment_evidence
Bolivia,BO,Corn,2009-,2025,HS2022,109,1005.90.2025,100590,"100590 - Cereals; maize (corn), other than seed",hts_prefix_to_hs6,yes,screening_candidate_not_shipment_evidence
Bolivia,BO,Corn,2009-,2025,HS2022,110,1005.90.4060,100590,"100590 - Cereals; maize (corn), other than seed",hts_prefix_to_hs6,yes,screening_candidate_not_shipment_evidence
Bolivia,BO,Peanuts,2009-,2025,HS2022,252,1202,120230,"120230 - Ground-nuts; seed, not roasted or otherwise cooked, whether or not shelled or broken",broad_prefix_expansion,yes,screening_candidate_not_shipment_evidence
Bolivia,BO,Peanuts,2009-,2025,HS2022,252,1202,120241,"120241 - Ground-nuts; other than seed, not roasted or otherwise cooked, in shell",broad_prefix_expansion,yes,screening_candidate_not_shipment_evidence
Bolivia,BO,Peanuts,2009-,2025,HS2022,252,1202,120242,"120242 - Ground-nuts; other than seed, not roasted or otherwise cooked, shelled, whether or not broken,",broad_prefix_expansion,yes,screening_candidate_not_shipment_evidence
Brazil,BR,Cattle,2009-,2025,HS2022,74,0102.21,010221,"010221 - Cattle; live, pure-bred breeding animals",exact_hs6,no,screening_candidate_not_shipment_evidence
Brazil,BR,Cattle,2009-,2025,HS2022,75,0102.29,010229,"010229 - Cattle; live, other than pure-bred breeding animals",exact_hs6,no,screening_candidate_not_shipment_evidence
Brazil,BR,Charcoal,2009-,2025,HS2022,88,4402,440210,"440210 - Wood; charcoal of bamboo, whether or not agglomerated",broad_prefix_expansion,yes,screening_candidate_not_shipment_evidence
Brazil,BR,Charcoal,2009-,2025,HS2022,88,4402,440220,"440220 - Wood; charcoal of nut or shell, whether or not agglomerated",broad_prefix_expansion,yes,screening_candidate_not_shipment_evidence
Brazil,BR,Charcoal,2009-,2025,HS2022,88,4402,440290,"440290 - Wood; charcoal of wood other than bamboo, nut or shell, whether or not agglomerated",broad_prefix_expansion,yes,screening_candidate_not_shipment_evidence
Brazil,BR,Coffee,2020-,2025,HS2022,103,0901,090111,090111 - Coffee; not roasted or decaffeinated,broad_prefix_expansion,yes,screening_candidate_not_shipment_evidence
Brazil,BR,Coffee,2020-,2025,HS2022,103,0901,090112,"090112 - Coffee; decaffeinated, not roasted",broad_prefix_expansion,yes,screening_candidate_not_shipment_evidence
Brazil,BR,Coffee,2020-,2025,HS2022,103,0901,090121,"090121 - Coffee; roasted, not decaffeinated",broad_prefix_expansion,yes,screening_candidate_not_shipment_evidence
Brazil,BR,Coffee,2020-,2025,HS2022,103,0901,090122,"090122 - Coffee; roasted, decaffeinated",broad_prefix_expansion,yes,screening_candidate_not_shipment_evidence
Brazil,BR,Coffee,2020-,2025,HS2022,103,0901,090190,"090190 - Coffee; husks and skins, coffee substitutes containing coffee in any proportion",broad_prefix_expansion,yes,screening_candidate_not_shipment_evidence
Brazil,BR,Garments,2012-,2025,HS2022,162,61,610120,"610120 - Coats; men's or boys' overcoats, car-coats, capes, anoraks, wind-jackets and similar articles, of cotton, knitted or crocheted (excluding those of heading no. 6103)",broad_prefix_expansion,yes,screening_candidate_not_shipment_evidence
Brazil,BR,Garments,2012-,2025,HS2022,162,61,610130,"610130 - Coats; men's or boys' overcoats, car-coats, capes, anoraks, wind-jackets and similar articles, of man-made fibres, knitted or crocheted, (excluding those of heading no. 6103)",broad_prefix_expansion,yes,screening_candidate_not_shipment_evidence
Brazil,BR,Garments,2012-,2025,HS2022,162,61,610190,"610190 - Coats; men's or boys' overcoats, car-coats, capes, anoraks, wind-jackets and similar articles, of textile materials n.e.c. in heading no. 6101, knitted or crocheted (excluding those of heading no. 6103)",broad_prefix_expansion,yes,screening_candidate_not_shipment_evidence
Brazil,BR,Garments,2012-,2025,HS2022,162,61,610210,"610210 - Coats; women's or girls' overcoats, car-coats, capes, anoraks, wind-jackets and similar articles, of wool or fine animal hair, knitted or crocheted (excluding those of heading no. 6104)",broad_prefix_expansion,yes,screening_candidate_not_shipment_evidence
Brazil,BR,Garments,2012-,2025,HS2022,162,61,610220,"610220 - Coats; women's or girls' overcoats, car-coats, capes, anoraks, wind-jackets and similar articles, of cotton, knitted or crocheted (excluding those of heading no. 6104)",broad_prefix_expansion,yes,screening_candidate_not_shipment_evidence
Brazil,BR,Garments,2012-,2025,HS2022,162,61,610230,"610230 - Coats; women's or girls' overcoats, car-coats, capes, anoraks, wind-jackets and similar articles, of man-made fibres, knitted or crocheted (excluding those of heading no. 6104)",broad_prefix_expansion,yes,screening_candidate_not_shipment_evidence
Brazil,BR,Garments,2012-,2025,HS2022,162,61,610290,"610290 - Coats; women's or girls' overcoats, car-coats, capes, anoraks, wind-jackets and similar articles, of textile materials n.e.c. in heading no. 6102, knitted or crocheted (excluding those of heading no. 6104)",broad_prefix_expansion,yes,screening_candidate_not_shipment_evidence
Brazil,BR,Garments,2012-,2025,HS2022,162,61,610310,"610310 - Suits; men's or boys', knitted or crocheted",broad_prefix_expansion,yes,screening_candidate_not_shipment_evidence
Brazil,BR,Garments,2012-,2025,HS2022,162,61,610322,"610322 - Ensembles; men's or boys', of cotton, knitted or crocheted",broad_prefix_expansion,yes,screening_candidate_not_shipment_evidence
Brazil,BR,Garments,2012-,2025,HS2022,162,61,610323,"610323 - Ensembles; men's or boys', of synthetic fibres, knitted or crocheted",broad_prefix_expansion,yes,screening_candidate_not_shipment_evidence
Brazil,BR,Garments,2012-,2025,HS2022,162,61,610329,"610329 - Ensembles; men's or boys', of textile materials (other than cotton or synthetic fibres), knitted or crocheted",broad_prefix_expansion,yes,screening_candidate_not_shipment_evidence
Brazil,BR,Garments,2012-,2025,HS2022,162,61,610331,"610331 - Jackets and blazers; men's or boys', of wool or fine animal hair, knitted or crocheted",broad_prefix_expansion,yes,screening_candidate_not_shipment_evidence
Brazil,BR,Garments,2012-,2025,HS2022,162,61,610332,"610332 - Jackets and blazers; men's or boys', of cotton, knitted or crocheted",broad_prefix_expansion,yes,screening_candidate_not_shipment_evidence
Brazil,BR,Garments,2012-,2025,HS2022,162,61,610333,"610333 - Jackets and blazers; men's or boys', of synthetic fibres, knitted or crocheted",broad_prefix_expansion,yes,screening_candidate_not_shipment_evidence
Brazil,BR,Garments,2012-,2025,HS2022,162,61,610339,"610339 - Jackets and blazers; men's or boys', of textile materials (other than wool or fine animal hair, cotton or synthetic fibres), knitted or crocheted",broad_prefix_expansion,yes,screening_candidate_not_shipment_evidence
Brazil,BR,Garments,2012-,2025,HS2022,162,61,610341,"610341 - Trousers, bib and brace overalls, breeches and shorts; men's or boys', of wool or fine animal hair, knitted or crocheted",broad_prefix_expansion,yes,screening_candidate_not_shipment_evidence
Brazil,BR,Garments,2012-,2025,HS2022,162,61,610342,"610342 - Trousers, bib and brace overalls, breeches and shorts; men's or boys', of cotton, knitted or crocheted",broad_prefix_expansion,yes,screening_candidate_not_shipment_evidence
Brazil,BR,Garments,2012-,2025,HS2022,162,61,610343,"610343 - Trousers, bib and brace overalls, breeches and shorts; men's or boys', of synthetic fibres, knitted or crocheted",broad_prefix_expansion,yes,screening_candidate_not_shipment_evidence
Brazil,BR,Garments,2012-,2025,HS2022,162,61,610349,"610349 - Trousers, bib and brace overalls, breeches and shorts; men's or boys', of textile materials (other than wool or fine animal hair, cotton or synthetic fibres), knitted or crocheted",broad_prefix_expansion,yes,screening_candidate_not_shipment_evidence
Brazil,BR,Garments,2012-,2025,HS2022,162,61,610413,"610413 - Suits; women's or girls', of synthetic fibres, knitted or crocheted",broad_prefix_expansion,yes,screening_candidate_not_shipment_evidence
Brazil,BR,Garments,2012-,2025,HS2022,162,61,610419,"610419 - Suits; women's or girls', of textile materials (other than synthetic fibres), knitted or crocheted",broad_prefix_expansion,yes,screening_candidate_not_shipment_evidence
Brazil,BR,Garments,2012-,2025,HS2022,162,61,610422,"610422 - Ensembles; women's or girls', of cotton, knitted or crocheted",broad_prefix_expansion,yes,screening_candidate_not_shipment_evidence
Brazil,BR,Garments,2012-,2025,HS2022,162,61,610423,"610423 - Ensembles; women's or girls', of synthetic fibres, knitted or crocheted",broad_prefix_expansion,yes,screening_candidate_not_shipment_evidence
Brazil,BR,Garments,2012-,2025,HS2022,162,61,610429,"610429 - Ensembles; women's or girls', of textile materials (other than cotton or synthetic fibres), knitted or crocheted",broad_prefix_expansion,yes,screening_candidate_not_shipment_evidence
Brazil,BR,Garments,2012-,2025,HS2022,162,61,610431,"610431 - Jackets; women's or girls', of wool or fine animal hair, knitted or crocheted",broad_prefix_expansion,yes,screening_candidate_not_shipment_evidence
Brazil,BR,Garments,2012-,2025,HS2022,162,61,610432,"610432 - Jackets; women's or girls', of cotton, knitted or crocheted",broad_prefix_expansion,yes,screening_candidate_not_shipment_evidence
Brazil,BR,Garments,2012-,2025,HS2022,162,61,610433,"610433 - Jackets; women's or girls', of synthetic fibres, knitted or crocheted",broad_prefix_expansion,yes,screening_candidate_not_shipment_evidence
Brazil,BR,Garments,2012-,2025,HS2022,162,61,610439,"610439 - Jackets; women's or girls', of textile materials (other than wool or fine animal hair, cotton or synthetic fibres), knitted or crocheted",broad_prefix_expansion,yes,screening_candidate_not_shipment_evidence
Brazil,BR,Garments,2012-,2025,HS2022,162,61,610441,"610441 - Dresses; women's or girls', of wool or fine animal hair, knitted or crocheted",broad_prefix_expansion,yes,screening_candidate_not_shipment_evidence
Brazil,BR,Garments,2012-,2025,HS2022,162,61,610442,"610442 - Dresses; women's or girls', of cotton, knitted or crocheted",broad_prefix_expansion,yes,screening_candidate_not_shipment_evidence
Brazil,BR,Garments,2012-,2025,HS2022,162,61,610443,"610443 - Dresses; women's or girls', of synthetic fibres, knitted or crocheted",broad_prefix_expansion,yes,screening_candidate_not_shipment_evidence
Brazil,BR,Garments,2012-,2025,HS2022,162,61,610444,"610444 - Dresses; women's or girls', of artificial fibres, knitted or crocheted",broad_prefix_expansion,yes,screening_candidate_not_shipment_evidence
Brazil,BR,Garments,2012-,2025,HS2022,162,61,610449,"610449 - Dresses; women's or girls', of textile materials (other than wool or fine animal hair, cotton, synthetic or artificial fibres), knitted or crocheted",broad_prefix_expansion,yes,screening_candidate_not_shipment_evidence
Brazil,BR,Garments,2012-,2025,HS2022,162,61,610451,"610451 - Skirts and divided skirts; women's or girls', of wool or fine animal hair, knitted or crocheted",broad_prefix_expansion,yes,screening_candidate_not_shipment_evidence
Brazil,BR,Garments,2012-,2025,HS2022,162,61,610452,"610452 - Skirts and divided skirts; women's or girls', of cotton, knitted or crocheted",broad_prefix_expansion,yes,screening_candidate_not_shipment_evidence
Brazil,BR,Garments,2012-,2025,HS2022,162,61,610453,"610453 - Skirts and divided skirts; women's or girls', of synthetic fibres, knitted or crocheted",broad_prefix_expansion,yes,screening_candidate_not_shipment_evidence
Brazil,BR,Garments,2012-,2025,HS2022,162,61,610459,"610459 - Skirts and divided skirts; women's or girls', of textile materials (other than wool or fine animal hair, cotton or synthetic fibres), knitted or crocheted",broad_prefix_expansion,yes,screening_candidate_not_shipment_evidence
Brazil,BR,Garments,2012-,2025,HS2022,162,61,610461,"610461 - Trousers, bib and brace overalls, breeches and shorts; women's or girls', of wool or fine animal hair, knitted or crocheted",broad_prefix_expansion,yes,screening_candidate_not_shipment_evidence
Brazil,BR,Garments,2012-,2025,HS2022,162,61,610462,"610462 - Trousers, bib and brace overalls, breeches and shorts; women's or girls', of cotton, knitted or crocheted",broad_prefix_expansion,yes,screening_candidate_not_shipment_evidence
Brazil,BR,Garments,2012-,2025,HS2022,162,61,610463,"610463 - Trousers, bib and brace overalls, breeches and shorts; women's or girls', of synthetic fibres, knitted or crocheted",broad_prefix_expansion,yes,screening_candidate_not_shipment_evidence
Brazil,BR,Garments,2012-,2025,HS2022,162,61,610469,"610469 - Trousers, bib and brace overalls, breeches and shorts; women's or girls', of textile materials (other than wool or fine animal hair, cotton or synthetic fibres), knitted or crocheted",broad_prefix_expansion,yes,screening_candidate_not_shipment_evidence
Brazil,BR,Garments,2012-,2025,HS2022,162,61,610510,"610510 - Shirts; men's or boys', of cotton, knitted or crocheted",broad_prefix_expansion,yes,screening_candidate_not_shipment_evidence
Brazil,BR,Garments,2012-,2025,HS2022,162,61,610520,"610520 - Shirts; men's or boys', of man-made fibres, knitted or crocheted",broad_prefix_expansion,yes,screening_candidate_not_shipment_evidence
Brazil,BR,Garments,2012-,2025,HS2022,162,61,610590,"610590 - Shirts; men's or boys', of textile materials (other than cotton or man-made fibres), knitted or crocheted",broad_prefix_expansion,yes,screening_candidate_not_shipment_evidence
Brazil,BR,Garments,2012-,2025,HS2022,162,61,610610,"610610 - Blouses, shirts and shirt-blouses; women's or girls', of cotton, knitted or crocheted",broad_prefix_expansion,yes,screening_candidate_not_shipment_evidence
Brazil,BR,Garments,2012-,2025,HS2022,162,61,610620,"610620 - Blouses, shirts and shirt-blouses; women's or girls', of man-made fibres, knitted or crocheted",broad_prefix_expansion,yes,screening_candidate_not_shipment_evidence
Brazil,BR,Garments,2012-,2025,HS2022,162,61,610690,"610690 - Blouses, shirts and shirt-blouses; women's or girls', of textile materials (other than cotton or man-made fibres), knitted or crocheted",broad_prefix_expansion,yes,screening_candidate_not_shipment_evidence
Brazil,BR,Garments,2012-,2025,HS2022,162,61,610711,"610711 - Underpants and briefs; men's or boys', of cotton, knitted or crocheted",broad_prefix_expansion,yes,screening_candidate_not_shipment_evidence
Brazil,BR,Garments,2012-,2025,HS2022,162,61,610712,"610712 - Underpants and briefs; men's or boys', of man-made fibres, knitted or crocheted",broad_prefix_expansion,yes,screening_candidate_not_shipment_evidence
Brazil,BR,Garments,2012-,2025,HS2022,162,61,610719,"610719 - Underpants and briefs; men's or boys', of textile materials (other than cotton or man-made fibres), knitted or crocheted",broad_prefix_expansion,yes,screening_candidate_not_shipment_evidence
Brazil,BR,Garments,2012-,2025,HS2022,162,61,610721,"610721 - Nightshirts and pyjamas; men's or boys', of cotton, knitted or crocheted",broad_prefix_expansion,yes,screening_candidate_not_shipment_evidence
Brazil,BR,Garments,2012-,2025,HS2022,162,61,610722,"610722 - Nightshirts and pyjamas; men's or boys', of man-made fibres, knitted or crocheted",broad_prefix_expansion,yes,screening_candidate_not_shipment_evidence
Brazil,BR,Garments,2012-,2025,HS2022,162,61,610729,"610729 - Nightshirts and pyjamas; men's or boys', of textile materials (other than cotton or man-made fibres), knitted or crocheted",broad_prefix_expansion,yes,screening_candidate_not_shipment_evidence
Brazil,BR,Garments,2012-,2025,HS2022,162,61,610791,"610791 - Bathrobes, dressing gowns and similar articles; men's or boys', of cotton, knitted or crocheted",broad_prefix_expansion,yes,screening_candidate_not_shipment_evidence
Brazil,BR,Garments,2012-,2025,HS2022,162,61,610799,"610799 - Bathrobes, dressing gowns and similar articles; men's or boys', of textile materials (other than cotton), knitted or crocheted",broad_prefix_expansion,yes,screening_candidate_not_shipment_evidence
Brazil,BR,Garments,2012-,2025,HS2022,162,61,610811,"610811 - Slips and petticoats; women's or girls', of man-made fibres, knitted or crocheted",broad_prefix_expansion,yes,screening_candidate_not_shipment_evidence
Brazil,BR,Garments,2012-,2025,HS2022,162,61,610819,"610819 - Slips and petticoats; women's or girls', of textile materials (other than man-made fibres), knitted or crocheted",broad_prefix_expansion,yes,screening_candidate_not_shipment_evidence
Brazil,BR,Garments,2012-,2025,HS2022,162,61,610821,"610821 - Briefs and panties; women's or girls', of cotton, knitted or crocheted",broad_prefix_expansion,yes,screening_candidate_not_shipment_evidence
Brazil,BR,Garments,2012-,2025,HS2022,162,61,610822,"610822 - Briefs and panties; women's or girls', of man-made fibres, knitted or crocheted",broad_prefix_expansion,yes,screening_candidate_not_shipment_evidence
Brazil,BR,Garments,2012-,2025,HS2022,162,61,610829,"610829 - Briefs and panties; women's or girls', of textile materials (other than cotton or man-made fibres), knitted or crocheted",broad_prefix_expansion,yes,screening_candidate_not_shipment_evidence
Brazil,BR,Garments,2012-,2025,HS2022,162,61,610831,"610831 - Nightdresses and pyjamas; women's or girls', of cotton, knitted or crocheted",broad_prefix_expansion,yes,screening_candidate_not_shipment_evidence
Brazil,BR,Garments,2012-,2025,HS2022,162,61,610832,"610832 - Nightdresses and pyjamas; women's or girls', of man-made fibres, knitted or crocheted",broad_prefix_expansion,yes,screening_candidate_not_shipment_evidence
Brazil,BR,Garments,2012-,2025,HS2022,162,61,610839,"610839 - Nightdresses and pyjamas; women's or girls', of textile materials (other than cotton or man-made fibres), knitted or crocheted",broad_prefix_expansion,yes,screening_candidate_not_shipment_evidence
Brazil,BR,Garments,2012-,2025,HS2022,162,61,610891,"610891 - Negligees, bathrobes, dressing gowns and similar articles; women's or girls', of cotton, knitted or crocheted",broad_prefix_expansion,yes,screening_candidate_not_shipment_evidence
Brazil,BR,Garments,2012-,2025,HS2022,162,61,610892,"610892 - Negligees, bathrobes, dressing gowns and similar articles; women's or girls', of man-made fibres, knitted or crocheted",broad_prefix_expansion,yes,screening_candidate_not_shipment_evidence
Brazil,BR,Garments,2012-,2025,HS2022,162,61,610899,"610899 - Negligees, bathrobes, dressing gowns and similar articles; women's or girls', of textile materials (other than cotton or man-made fibres), knitted or crocheted",broad_prefix_expansion,yes,screening_candidate_not_shipment_evidence
Brazil,BR,Garments,2012-,2025,HS2022,162,61,610910,"610910 - T-shirts, singlets and other vests; of cotton, knitted or crocheted",broad_prefix_expansion,yes,screening_candidate_not_shipment_evidence
Brazil,BR,Garments,2012-,2025,HS2022,162,61,610990,"610990 - T-shirts, singlets and other vests; of textile materials (other than cotton), knitted or crocheted",broad_prefix_expansion,yes,screening_candidate_not_shipment_evidence
Brazil,BR,Garments,2012-,2025,HS2022,162,61,611011,"611011 - Jerseys, pullovers, cardigans, waistcoats and similar articles; knitted or crocheted, of wool or fine animal hair",broad_prefix_expansion,yes,screening_candidate_not_shipment_evidence
Brazil,BR,Garments,2012-,2025,HS2022,162,61,611012,"611012 - Jerseys, pullovers, cardigans, waistcoats and similar articles; knitted or crocheted, of fibres from kashmir (cashmere) goats",broad_prefix_expansion,yes,screening_candidate_not_shipment_evidence
Brazil,BR,Garments,2012-,2025,HS2022,162,61,611019,"611019 - Jerseys, pullovers, cardigans, waistcoats and similar articles; knitted or crocheted, of fine animal hair other than that of kashmir (cashmere) goats",broad_prefix_expansion,yes,screening_candidate_not_shipment_evidence
Brazil,BR,Garments,2012-,2025,HS2022,162,61,611020,"611020 - Jerseys, pullovers, cardigans, waistcoats and similar articles; of cotton, knitted or crocheted",broad_prefix_expansion,yes,screening_candidate_not_shipment_evidence
Brazil,BR,Garments,2012-,2025,HS2022,162,61,611030,"611030 - Jerseys, pullovers, cardigans, waistcoats and similar articles; of man-made fibres, knitted or crocheted",broad_prefix_expansion,yes,screening_candidate_not_shipment_evidence
Brazil,BR,Garments,2012-,2025,HS2022,162,61,611090,"611090 - Jerseys, pullovers, cardigans, waistcoats and similar articles; of textile materials (other than wool or fine animal hair, cotton or man-made fibres), knitted or crocheted",broad_prefix_expansion,yes,screening_candidate_not_shipment_evidence
Brazil,BR,Garments,2012-,2025,HS2022,162,61,611120,"611120 - Garments and clothing accessories; babies', of cotton, knitted or crocheted",broad_prefix_expansion,yes,screening_candidate_not_shipment_evidence
Brazil,BR,Garments,2012-,2025,HS2022,162,61,611130,"611130 - Garments and clothing accessories; babies', of synthetic fibres, knitted or crocheted",broad_prefix_expansion,yes,screening_candidate_not_shipment_evidence
Brazil,BR,Garments,2012-,2025,HS2022,162,61,611190,"611190 - Garments and clothing accessories; babies', of textile materials (other than cotton or synthetic fibres), knitted or crocheted",broad_prefix_expansion,yes,screening_candidate_not_shipment_evidence
Brazil,BR,Garments,2012-,2025,HS2022,162,61,611211,"611211 - Track suits; of cotton, knitted or crocheted",broad_prefix_expansion,yes,screening_candidate_not_shipment_evidence
Brazil,BR,Garments,2012-,2025,HS2022,162,61,611212,"611212 - Track suits; of synthetic fibres, knitted or crocheted",broad_prefix_expansion,yes,screening_candidate_not_shipment_evidence
Brazil,BR,Garments,2012-,2025,HS2022,162,61,611219,"611219 - Track suits; of textile materials (other than cotton or synthetic fibres), knitted or crocheted",broad_prefix_expansion,yes,screening_candidate_not_shipment_evidence
Brazil,BR,Garments,2012-,2025,HS2022,162,61,611220,611220 - Ski suits; knitted or crocheted,broad_prefix_expansion,yes,screening_candidate_not_shipment_evidence
Brazil,BR,Garments,2012-,2025,HS2022,162,61,611231,"611231 - Swimwear; men's or boys', of synthetic fibres, knitted or crocheted",broad_prefix_expansion,yes,screening_candidate_not_shipment_evidence
Brazil,BR,Garments,2012-,2025,HS2022,162,61,611239,"611239 - Swimwear; men's or boys', of textile materials (other than synthetic fibres), knitted or crocheted",broad_prefix_expansion,yes,screening_candidate_not_shipment_evidence
Brazil,BR,Garments,2012-,2025,HS2022,162,61,611241,"611241 - Swimwear; women's or girls', of synthetic fibres, knitted or crocheted",broad_prefix_expansion,yes,screening_candidate_not_shipment_evidence
Brazil,BR,Garments,2012-,2025,HS2022,162,61,611249,"611249 - Swimwear; women's or girls', of textile materials (other than synthetic fibres), knitted or crocheted",broad_prefix_expansion,yes,screening_candidate_not_shipment_evidence
Brazil,BR,Garments,2012-,2025,HS2022,162,61,611300,"611300 - Garments made up of knitted or crocheted fabrics of heading no. 5903, 5906 and 5907",broad_prefix_expansion,yes,screening_candidate_not_shipment_evidence
Brazil,BR,Garments,2012-,2025,HS2022,162,61,611420,"611420 - Garments; of cotton, knitted or crocheted, n.e.c. in chapter 61",broad_prefix_expansion,yes,screening_candidate_not_shipment_evidence
Brazil,BR,Garments,2012-,2025,HS2022,162,61,611430,"611430 - Garments; of man-made fibres, knitted or crocheted, n.e.c. in chapter 61",broad_prefix_expansion,yes,screening_candidate_not_shipment_evidence
Brazil,BR,Garments,2012-,2025,HS2022,162,61,611490,"611490 - Garments; of textile materials (other than cotton or man-made fibres), knitted or crocheted, n.e.c. in chapter 61",broad_prefix_expansion,yes,screening_candidate_not_shipment_evidence
Brazil,BR,Garments,2012-,2025,HS2022,162,61,611510,"611510 - Graduated compression hosiery (for example, stockings for varicose veins), knitted or crocheted",broad_prefix_expansion,yes,screening_candidate_not_shipment_evidence
Brazil,BR,Garments,2012-,2025,HS2022,162,61,611521,"611521 - Hosiery; panty hose and tights (other than graduated compression hosiery), of synthetic fibres, measuring per single yarn less than 67 decitex, knitted or crocheted",broad_prefix_expansion,yes,screening_candidate_not_shipment_evidence
Brazil,BR,Garments,2012-,2025,HS2022,162,61,611522,"611522 - Hosiery; panty hose and tights (other than graduated compression hosiery), of synthetic fibres, measuring per single yarn 67 decitex or more, knitted or crocheted",broad_prefix_expansion,yes,screening_candidate_not_shipment_evidence
Brazil,BR,Garments,2012-,2025,HS2022,162,61,611529,"611529 - Hosiery; panty hose and tights (other than graduated compression hosiery), of textile materials (other than synthetic fibres), knitted or crocheted",broad_prefix_expansion,yes,screening_candidate_not_shipment_evidence
Brazil,BR,Garments,2012-,2025,HS2022,162,61,611530,"611530 - Hosiery; women's, full-length or knee-length (other than graduated compression hosiery), measuring per single yarn less than 67 decitex, knitted or crocheted",broad_prefix_expansion,yes,screening_candidate_not_shipment_evidence
Brazil,BR,Garments,2012-,2025,HS2022,162,61,611594,"611594 - Hosiery and footwear; without applied soles, of wool or fine animal hair, knitted or crocheted (excluding graduated compression hosiery, panty hose, tights, women's full or knee-length hosiery measuring per single yarn less than 67 decitex)",broad_prefix_expansion,yes,screening_candidate_not_shipment_evidence
Brazil,BR,Garments,2012-,2025,HS2022,162,61,611595,"611595 - Hosiery and footwear; without applied soles, of cotton, knitted or crocheted (excluding graduated compression hosiery, panty hose, tights, full or knee-length hosiery measuring per single yarn less than 67 decitex)",broad_prefix_expansion,yes,screening_candidate_not_shipment_evidence
Brazil,BR,Garments,2012-,2025,HS2022,162,61,611596,"611596 - Hosiery and footwear; without applied soles, of synthetic fibres, knitted or crocheted (excluding graduated compression hosiery, panty hose, tights, full or knee-length hosiery measuring per single yarn less than 67 decitex)",broad_prefix_expansion,yes,screening_candidate_not_shipment_evidence
Brazil,BR,Garments,2012-,2025,HS2022,162,61,611599,"611599 - Hosiery and footwear; without applied soles, of textile materials n.e.c. in item no. 6115.9, knitted or crocheted (excluding graduated compression hosiery, panty hose, tights, full or knee-length hosiery measuring per single yarn less than 67 decitex)",broad_prefix_expansion,yes,screening_candidate_not_shipment_evidence
Brazil,BR,Garments,2012-,2025,HS2022,162,61,611610,"611610 - Gloves, mittens and mitts; knitted or crocheted, impregnated, coated, covered or laminated with plastics or rubber",broad_prefix_expansion,yes,screening_candidate_not_shipment_evidence
Brazil,BR,Garments,2012-,2025,HS2022,162,61,611691,"611691 - Gloves, mittens and mitts; of wool or fine animal hair, knitted or crocheted, (other than impregnated, coated, covered or laminated with plastics or rubber)",broad_prefix_expansion,yes,screening_candidate_not_shipment_evidence
Brazil,BR,Garments,2012-,2025,HS2022,162,61,611692,"611692 - Gloves, mittens and mitts; of cotton, knitted or crocheted, (other than impregnated, coated, covered or laminated with plastics or rubber)",broad_prefix_expansion,yes,screening_candidate_not_shipment_evidence
Brazil,BR,Garments,2012-,2025,HS2022,162,61,611693,"611693 - Gloves, mittens and mitts; of synthetic fibres, knitted or crocheted, (other than impregnated, coated, covered or laminated with plastics or rubber)",broad_prefix_expansion,yes,screening_candidate_not_shipment_evidence
Brazil,BR,Garments,2012-,2025,HS2022,162,61,611699,"611699 - Gloves, mittens and mitts; of textile materials (other than wool or fine animal hair, cotton or synthetic fibres), knitted or crocheted, (other than impregnated, coated, covered or laminated with plastics or rubber)",broad_prefix_expansion,yes,screening_candidate_not_shipment_evidence
Brazil,BR,Garments,2012-,2025,HS2022,162,61,611710,"611710 - Shawls, scarves, mufflers, mantillas, veils and the like; knitted or crocheted",broad_prefix_expansion,yes,screening_candidate_not_shipment_evidence
Brazil,BR,Garments,2012-,2025,HS2022,162,61,611780,"611780 - Clothing accessories; knitted or crocheted, n.e.c. in heading no. 6117",broad_prefix_expansion,yes,screening_candidate_not_shipment_evidence
Brazil,BR,Garments,2012-,2025,HS2022,162,61,611790,"611790 - Clothing; parts, knitted or crocheted",broad_prefix_expansion,yes,screening_candidate_not_shipment_evidence
Brazil,BR,Garments,2012-,2025,HS2022,163,62,620120,"620120 - Coats; men's or boys', overcoats, raincoats, car-coats, capes, cloaks, anoraks (including ski-jackets) and similar articles, of wool or fine animal hair, other than those of heading no. 6203 (not knitted or crocheted)",broad_prefix_expansion,yes,screening_candidate_not_shipment_evidence
Brazil,BR,Garments,2012-,2025,HS2022,163,62,620130,"620130 - Coats; men's or boys', overcoats, raincoats, car-coats, capes, cloaks, anoraks (including ski-jackets) and similar articles, of cotton, other than those of heading no. 6203 (not knitted or crocheted)",broad_prefix_expansion,yes,screening_candidate_not_shipment_evidence
Brazil,BR,Garments,2012-,2025,HS2022,163,62,620140,"620140 - Coats; men's or boys', overcoats, raincoats, car-coats, capes, cloaks, anoraks (including ski-jackets) and similar articles, of man-made fibres, other than those of heading no. 6203 (not knitted or crocheted)",broad_prefix_expansion,yes,screening_candidate_not_shipment_evidence
Brazil,BR,Garments,2012-,2025,HS2022,163,62,620190,"620190 - Coats; men's or boys', overcoats, rain-coats, car-coats, capes, cloaks and similar, of textile materials (other than wool, fine animal hair, cotton or man-made fibres), other than those of heading no. 6203 (not knitted or crocheted)",broad_prefix_expansion,yes,screening_candidate_not_shipment_evidence
Brazil,BR,Garments,2012-,2025,HS2022,163,62,620220,"620220 - Coats; women's or girls', overcoats, raincoats, car-coats, capes, cloaks anoraks (including ski-jackets) and similar articles, of wool or fine animal hair, other than those of heading no. 6204 (not knitted or crocheted)",broad_prefix_expansion,yes,screening_candidate_not_shipment_evidence
Brazil,BR,Garments,2012-,2025,HS2022,163,62,620230,"620230 - Coats; women's or girls', overcoats, raincoats, car-coats, capes, cloaks anoraks (including ski-jackets) and similar articles, of cotton, other than those of heading no. 6204 (not knitted or crocheted)",broad_prefix_expansion,yes,screening_candidate_not_shipment_evidence
Brazil,BR,Garments,2012-,2025,HS2022,163,62,620240,"620240 - Coats; women's or girls', overcoats, raincoats, car-coats, capes, cloaks anoraks (including ski-jackets) and similar articles, of man-made fibres, other than those of heading no. 6204 (not knitted or crocheted)",broad_prefix_expansion,yes,screening_candidate_not_shipment_evidence
Brazil,BR,Garments,2012-,2025,HS2022,163,62,620290,"620290 - Coats; women's or girls', overcoats, raincoats, car-coats, capes, cloaks and similar articles, of textile materials (other than wool, fine animal hair, cotton or man-made fibres), other than those of heading no. 6204 (not knitted or crocheted)",broad_prefix_expansion,yes,screening_candidate_not_shipment_evidence
Brazil,BR,Garments,2012-,2025,HS2022,163,62,620311,"620311 - Suits; men's or boys', of wool or fine animal hair (not knitted or crocheted)",broad_prefix_expansion,yes,screening_candidate_not_shipment_evidence
Brazil,BR,Garments,2012-,2025,HS2022,163,62,620312,"620312 - Suits; men's or boys', of synthetic fibres (not knitted or crocheted)",broad_prefix_expansion,yes,screening_candidate_not_shipment_evidence
Brazil,BR,Garments,2012-,2025,HS2022,163,62,620319,"620319 - Suits; men's or boys', of textile materials n.e.c. in item no. 6203.1 (not knitted or crocheted)",broad_prefix_expansion,yes,screening_candidate_not_shipment_evidence
Brazil,BR,Garments,2012-,2025,HS2022,163,62,620322,"620322 - Ensembles; men's or boys', of cotton (not knitted or crocheted)",broad_prefix_expansion,yes,screening_candidate_not_shipment_evidence
Brazil,BR,Garments,2012-,2025,HS2022,163,62,620323,"620323 - Ensembles; men's or boys', of synthetic fibres (not knitted or crocheted)",broad_prefix_expansion,yes,screening_candidate_not_shipment_evidence
Brazil,BR,Garments,2012-,2025,HS2022,163,62,620329,"620329 - Ensembles; men's or boys', of textile materials n.e.c. in item no. 6203.2 (not knitted or crocheted)",broad_prefix_expansion,yes,screening_candidate_not_shipment_evidence
Brazil,BR,Garments,2012-,2025,HS2022,163,62,620331,"620331 - Jackets and blazers; men's or boys', of wool or fine animal hair (not knitted or crocheted)",broad_prefix_expansion,yes,screening_candidate_not_shipment_evidence
Brazil,BR,Garments,2012-,2025,HS2022,163,62,620332,"620332 - Jackets and blazers; men's or boys', of cotton (not knitted or crocheted)",broad_prefix_expansion,yes,screening_candidate_not_shipment_evidence
Brazil,BR,Garments,2012-,2025,HS2022,163,62,620333,"620333 - Jackets and blazers; men's or boys', of synthetic fibres (not knitted or crocheted)",broad_prefix_expansion,yes,screening_candidate_not_shipment_evidence
Brazil,BR,Garments,2012-,2025,HS2022,163,62,620339,"620339 - Jackets and blazers; men's or boys', of textile materials n.e.c. in item no. 6203.3 (not knitted or crocheted)",broad_prefix_expansion,yes,screening_candidate_not_shipment_evidence
Brazil,BR,Garments,2012-,2025,HS2022,163,62,620341,"620341 - Trousers, bib and brace overalls, breeches and shorts; men's or boys', of wool or fine animal hair (not knitted or crocheted)",broad_prefix_expansion,yes,screening_candidate_not_shipment_evidence
Brazil,BR,Garments,2012-,2025,HS2022,163,62,620342,"620342 - Trousers, bib and brace overalls, breeches and shorts; men's or boys', of cotton (not knitted or crocheted)",broad_prefix_expansion,yes,screening_candidate_not_shipment_evidence
Brazil,BR,Garments,2012-,2025,HS2022,163,62,620343,"620343 - Trousers, bib and brace overalls, breeches and shorts; men's or boys', of synthetic fibres (not knitted or crocheted)",broad_prefix_expansion,yes,screening_candidate_not_shipment_evidence
Brazil,BR,Garments,2012-,2025,HS2022,163,62,620349,"620349 - Trousers, bib and brace overalls, breeches and shorts; men's or boys', of textile materials (other than wool, fine animal hair, cotton or synthetic fibres), (not knitted or crocheted)",broad_prefix_expansion,yes,screening_candidate_not_shipment_evidence
Brazil,BR,Garments,2012-,2025,HS2022,163,62,620411,"620411 - Suits; women's or girls', of wool or fine animal hair (not knitted or crocheted)",broad_prefix_expansion,yes,screening_candidate_not_shipment_evidence
Brazil,BR,Garments,2012-,2025,HS2022,163,62,620412,"620412 - Suits; women's or girls', of cotton (not knitted or crocheted)",broad_prefix_expansion,yes,screening_candidate_not_shipment_evidence
Brazil,BR,Garments,2012-,2025,HS2022,163,62,620413,"620413 - Suits; women's or girls', of synthetic fibres (not knitted or crocheted)",broad_prefix_expansion,yes,screening_candidate_not_shipment_evidence
Brazil,BR,Garments,2012-,2025,HS2022,163,62,620419,"620419 - Suits; women's or girls', of textile materials n.e.c. in item no. 6204.1 (not knitted or crocheted)",broad_prefix_expansion,yes,screening_candidate_not_shipment_evidence
Brazil,BR,Garments,2012-,2025,HS2022,163,62,620421,"620421 - Ensembles; women's or girls', of wool or fine animal hair (not knitted or crocheted)",broad_prefix_expansion,yes,screening_candidate_not_shipment_evidence
Brazil,BR,Garments,2012-,2025,HS2022,163,62,620422,"620422 - Ensembles; women's or girls', of cotton (not knitted or crocheted)",broad_prefix_expansion,yes,screening_candidate_not_shipment_evidence
Brazil,BR,Garments,2012-,2025,HS2022,163,62,620423,"620423 - Ensembles; women's or girls', of synthetic fibres (not knitted or crocheted)",broad_prefix_expansion,yes,screening_candidate_not_shipment_evidence
Brazil,BR,Garments,2012-,2025,HS2022,163,62,620429,"620429 - Ensembles; women's or girls', of textile materials n.e.c. in item no. 6204.2 (not knitted or crocheted)",broad_prefix_expansion,yes,screening_candidate_not_shipment_evidence
Brazil,BR,Garments,2012-,2025,HS2022,163,62,620431,"620431 - Jackets and blazers; women's or girls', of wool or fine animal hair (not knitted or crocheted)",broad_prefix_expansion,yes,screening_candidate_not_shipment_evidence
Brazil,BR,Garments,2012-,2025,HS2022,163,62,620432,"620432 - Jackets and blazers; women's or girls', of cotton (not knitted or crocheted)",broad_prefix_expansion,yes,screening_candidate_not_shipment_evidence
Brazil,BR,Garments,2012-,2025,HS2022,163,62,620433,"620433 - Jackets and blazers; women's or girls', of synthetic fibres (not knitted or crocheted)",broad_prefix_expansion,yes,screening_candidate_not_shipment_evidence
Brazil,BR,Garments,2012-,2025,HS2022,163,62,620439,"620439 - Jackets and blazers; women's or girls', of textile materials n.e.c. in item no. 6204.3 (not knitted or crocheted)",broad_prefix_expansion,yes,screening_candidate_not_shipment_evidence
Brazil,BR,Garments,2012-,2025,HS2022,163,62,620441,"620441 - Dresses; women's or girls', of wool or fine animal hair (not knitted or crocheted)",broad_prefix_expansion,yes,screening_candidate_not_shipment_evidence
Brazil,BR,Garments,2012-,2025,HS2022,163,62,620442,"620442 - Dresses; women's or girls', of cotton (not knitted or crocheted)",broad_prefix_expansion,yes,screening_candidate_not_shipment_evidence
Brazil,BR,Garments,2012-,2025,HS2022,163,62,620443,"620443 - Dresses; women's or girls', of synthetic fibres (not knitted or crocheted)",broad_prefix_expansion,yes,screening_candidate_not_shipment_evidence
Brazil,BR,Garments,2012-,2025,HS2022,163,62,620444,"620444 - Dresses; women's or girls', of artificial fibres (not knitted or crocheted)",broad_prefix_expansion,yes,screening_candidate_not_shipment_evidence
Brazil,BR,Garments,2012-,2025,HS2022,163,62,620449,"620449 - Dresses; women's or girls', of textile materials n.e.c. in item no. 6204.4 (not knitted or crocheted)",broad_prefix_expansion,yes,screening_candidate_not_shipment_evidence
Brazil,BR,Garments,2012-,2025,HS2022,163,62,620451,"620451 - Skirts and divided skirts; women's or girls', of wool or fine animal hair (not knitted or crocheted)",broad_prefix_expansion,yes,screening_candidate_not_shipment_evidence
Brazil,BR,Garments,2012-,2025,HS2022,163,62,620452,"620452 - Skirts and divided skirts; women's or girls', of cotton (not knitted or crocheted)",broad_prefix_expansion,yes,screening_candidate_not_shipment_evidence
Brazil,BR,Garments,2012-,2025,HS2022,163,62,620453,"620453 - Skirts and divided skirts; women's or girls', of synthetic fibres (not knitted or crocheted)",broad_prefix_expansion,yes,screening_candidate_not_shipment_evidence
Brazil,BR,Garments,2012-,2025,HS2022,163,62,620459,"620459 - Skirts and divided skirts; women's or girls', of textile materials n.e.c. in item no. 6204.5 (not knitted or crocheted)",broad_prefix_expansion,yes,screening_candidate_not_shipment_evidence
Brazil,BR,Garments,2012-,2025,HS2022,163,62,620461,"620461 - Trousers, bib and brace overalls, breeches and shorts; women's or girls', of wool or fine animal hair (not knitted or crocheted)",broad_prefix_expansion,yes,screening_candidate_not_shipment_evidence
Brazil,BR,Garments,2012-,2025,HS2022,163,62,620462,"620462 - Trousers, bib and brace overalls, breeches and shorts; women's or girls', of cotton (not knitted or crocheted)",broad_prefix_expansion,yes,screening_candidate_not_shipment_evidence
Brazil,BR,Garments,2012-,2025,HS2022,163,62,620463,"620463 - Trousers, bib and brace overalls, breeches and shorts; women's or girls', of synthetic fibres (not knitted or crocheted)",broad_prefix_expansion,yes,screening_candidate_not_shipment_evidence
Brazil,BR,Garments,2012-,2025,HS2022,163,62,620469,"620469 - Trousers, bib and brace overalls, breeches and shorts; women's or girls', of textile materials (other than wool, fine animal hair, cotton or synthetic fibres), (not knitted or crocheted)",broad_prefix_expansion,yes,screening_candidate_not_shipment_evidence
Brazil,BR,Garments,2012-,2025,HS2022,163,62,620520,"620520 - Shirts; men's or boys', of cotton (not knitted or crocheted)",broad_prefix_expansion,yes,screening_candidate_not_shipment_evidence
Brazil,BR,Garments,2012-,2025,HS2022,163,62,620530,"620530 - Shirts; men's or boys', of man-made fibres (not knitted or crocheted)",broad_prefix_expansion,yes,screening_candidate_not_shipment_evidence
Brazil,BR,Garments,2012-,2025,HS2022,163,62,620590,"620590 - Shirts; men's or boys', of textile materials n.e.c. in heading no. 6205 (not knitted or crocheted)",broad_prefix_expansion,yes,screening_candidate_not_shipment_evidence
Brazil,BR,Garments,2012-,2025,HS2022,163,62,620610,"620610 - Blouses, shirts and shirt-blouses; women's or girls', of silk or silk waste (not knitted or crocheted)",broad_prefix_expansion,yes,screening_candidate_not_shipment_evidence
Brazil,BR,Garments,2012-,2025,HS2022,163,62,620620,"620620 - Blouses, shirts and shirt-blouses; women's or girls', of wool or fine animal hair (not knitted or crocheted)",broad_prefix_expansion,yes,screening_candidate_not_shipment_evidence
Brazil,BR,Garments,2012-,2025,HS2022,163,62,620630,"620630 - Blouses, shirts and shirt-blouses; women's or girls', of cotton (not knitted or crocheted)",broad_prefix_expansion,yes,screening_candidate_not_shipment_evidence
Brazil,BR,Garments,2012-,2025,HS2022,163,62,620640,"620640 - Blouses, shirts and shirt-blouses; women's or girls', of man-made fibres (not knitted or crocheted)",broad_prefix_expansion,yes,screening_candidate_not_shipment_evidence
Brazil,BR,Garments,2012-,2025,HS2022,163,62,620690,"620690 - Blouses, shirts and shirt-blouses; women's or girls', of textile materials n.e.c. in heading no. 6206 (not knitted or crocheted)",broad_prefix_expansion,yes,screening_candidate_not_shipment_evidence
Brazil,BR,Garments,2012-,2025,HS2022,163,62,620711,"620711 - Underpants and briefs; men's or boys', of cotton (not knitted or crocheted)",broad_prefix_expansion,yes,screening_candidate_not_shipment_evidence
Brazil,BR,Garments,2012-,2025,HS2022,163,62,620719,"620719 - Underpants and briefs; men's or boys', of textile materials other than cotton (not knitted or crocheted)",broad_prefix_expansion,yes,screening_candidate_not_shipment_evidence
Brazil,BR,Garments,2012-,2025,HS2022,163,62,620721,"620721 - Nightshirts and pyjamas; men's or boys', of cotton (not knitted or crocheted)",broad_prefix_expansion,yes,screening_candidate_not_shipment_evidence
Brazil,BR,Garments,2012-,2025,HS2022,163,62,620722,"620722 - Nightshirts and pyjamas; men's or boys', of man-made fibres (not knitted or crocheted)",broad_prefix_expansion,yes,screening_candidate_not_shipment_evidence
Brazil,BR,Garments,2012-,2025,HS2022,163,62,620729,"620729 - Nightshirts and pyjamas; men's or boys', of textile materials other than cotton or man-made fibres (not knitted or crocheted)",broad_prefix_expansion,yes,screening_candidate_not_shipment_evidence
Brazil,BR,Garments,2012-,2025,HS2022,163,62,620791,"620791 - Singlets and other vests, bathrobes, dressing gowns and similar articles; men's or boys', of cotton (not knitted or crocheted)",broad_prefix_expansion,yes,screening_candidate_not_shipment_evidence
Brazil,BR,Garments,2012-,2025,HS2022,163,62,620799,"620799 - Singlets and other vests, bathrobes, dressing gowns and similar articles; men's or boys', of textile materials other than cotton (not knitted or crocheted)",broad_prefix_expansion,yes,screening_candidate_not_shipment_evidence
Brazil,BR,Garments,2012-,2025,HS2022,163,62,620811,"620811 - Slips and petticoats; women's or girls', of man-made fibres (not knitted or crocheted)",broad_prefix_expansion,yes,screening_candidate_not_shipment_evidence
Brazil,BR,Garments,2012-,2025,HS2022,163,62,620819,"620819 - Slips and petticoats; women's or girls', of textile materials other than man-made fibres (not knitted or crocheted)",broad_prefix_expansion,yes,screening_candidate_not_shipment_evidence
Brazil,BR,Garments,2012-,2025,HS2022,163,62,620821,"620821 - Nightdresses and pyjamas; women's or girls', of cotton (not knitted or crocheted)",broad_prefix_expansion,yes,screening_candidate_not_shipment_evidence
Brazil,BR,Garments,2012-,2025,HS2022,163,62,620822,"620822 - Nightdresses and pyjamas; women's or girls', of man-made fibres (not knitted or crocheted)",broad_prefix_expansion,yes,screening_candidate_not_shipment_evidence
Brazil,BR,Garments,2012-,2025,HS2022,163,62,620829,"620829 - Nightdresses and pyjamas; women's or girls', of textile materials other than cotton or man-made fibres (not knitted or crocheted)",broad_prefix_expansion,yes,screening_candidate_not_shipment_evidence
Brazil,BR,Garments,2012-,2025,HS2022,163,62,620891,"620891 - Singlets and other vests, briefs, panties, negligees, bathrobes, dressing gowns and similar articles; women's or girls', of cotton (not knitted or crocheted)",broad_prefix_expansion,yes,screening_candidate_not_shipment_evidence
Brazil,BR,Garments,2012-,2025,HS2022,163,62,620892,"620892 - Singlets and other vests, briefs, panties, negligees, bathrobes, dressing gowns etc.; women's or girls', of man-made fibres (not knitted or crocheted), excluding incontinence or other sanitary garments or garment liners of heading no. 96.19",broad_prefix_expansion,yes,screening_candidate_not_shipment_evidence
Brazil,BR,Garments,2012-,2025,HS2022,163,62,620899,"620899 - Singlets and other vests, briefs, panties, negligees, bathrobes, dressing gowns and similar articles; women's or girls', of textile materials other than cotton or man-made fibres (not knitted or crocheted)",broad_prefix_expansion,yes,screening_candidate_not_shipment_evidence
Brazil,BR,Garments,2012-,2025,HS2022,163,62,620920,"620920 - Garments and clothing accessories; babies', of cotton (not knitted or crocheted)",broad_prefix_expansion,yes,screening_candidate_not_shipment_evidence
Brazil,BR,Garments,2012-,2025,HS2022,163,62,620930,"620930 - Garments and clothing accessories; babies', of synthetic fibres (not knitted or crocheted)",broad_prefix_expansion,yes,screening_candidate_not_shipment_evidence
Brazil,BR,Garments,2012-,2025,HS2022,163,62,620990,"620990 - Garments and clothing accessories; babies', of textile materials other than cotton or synthetic fibres (not knitted or crocheted)",broad_prefix_expansion,yes,screening_candidate_not_shipment_evidence
Brazil,BR,Garments,2012-,2025,HS2022,163,62,621010,621010 - Garments; of felt or non-wovens (not knitted or crocheted),broad_prefix_expansion,yes,screening_candidate_not_shipment_evidence
Brazil,BR,Garments,2012-,2025,HS2022,163,62,621020,"621020 - Garments; overcoats, raincoats, car-coats, capes, cloaks, anoraks (including ski-jackets) and similar articles, men's or boys', of the fabrics of heading no. 5602, 5603, 5903, 5906 or 5907 (not knitted or crocheted)",broad_prefix_expansion,yes,screening_candidate_not_shipment_evidence
Brazil,BR,Garments,2012-,2025,HS2022,163,62,621030,"621030 - Garments; overcoats, raincoats, car-coats, capes, cloaks, anoraks (including ski-jackets) and similar articles, women's or girls', of the fabrics of heading no. 5602, 5603, 5903, 5906 or 5907 (not knitted or crocheted)",broad_prefix_expansion,yes,screening_candidate_not_shipment_evidence
Brazil,BR,Garments,2012-,2025,HS2022,163,62,621040,"621040 - Garments; men's or boys', n.e.c. in item no. 6210.2, of the fabrics of heading no. 5602, 5603, 5903, 5906 or 5907 (not knitted or crocheted)",broad_prefix_expansion,yes,screening_candidate_not_shipment_evidence
Brazil,BR,Garments,2012-,2025,HS2022,163,62,621050,"621050 - Garments; women's or girls', n.e.c. in item no. 6210.3, of the fabrics of heading no. 5602, 5603, 5903, 5906 or 5907 (not knitted or crocheted)",broad_prefix_expansion,yes,screening_candidate_not_shipment_evidence
Brazil,BR,Garments,2012-,2025,HS2022,163,62,621111,"621111 - Swimwear; men's or boys', (not knitted or crocheted)",broad_prefix_expansion,yes,screening_candidate_not_shipment_evidence
Brazil,BR,Garments,2012-,2025,HS2022,163,62,621112,"621112 - Swimwear; women's or girls', (not knitted or crocheted)",broad_prefix_expansion,yes,screening_candidate_not_shipment_evidence
Brazil,BR,Garments,2012-,2025,HS2022,163,62,621120,621120 - Ski suits; (not knitted or crocheted),broad_prefix_expansion,yes,screening_candidate_not_shipment_evidence
Brazil,BR,Garments,2012-,2025,HS2022,163,62,621132,"621132 - Track suits and other garments n.e.c.; men's or boys', of cotton (not knitted or crocheted)",broad_prefix_expansion,yes,screening_candidate_not_shipment_evidence
Brazil,BR,Garments,2012-,2025,HS2022,163,62,621133,"621133 - Track suits and other garments n.e.c.; men's or boys', of man-made fibres (not knitted or crocheted)",broad_prefix_expansion,yes,screening_candidate_not_shipment_evidence
Brazil,BR,Garments,2012-,2025,HS2022,163,62,621139,"621139 - Track suits and other garments n.e.c.; men's or boys', of textile materials n.e.c. in item no. 6211.3 (not knitted or crocheted)",broad_prefix_expansion,yes,screening_candidate_not_shipment_evidence
Brazil,BR,Garments,2012-,2025,HS2022,163,62,621142,"621142 - Track suits and other garments n.e.c.; women's or girls', of cotton (not knitted or crocheted)",broad_prefix_expansion,yes,screening_candidate_not_shipment_evidence
Brazil,BR,Garments,2012-,2025,HS2022,163,62,621143,"621143 - Track suits and other garments n.e.c.; women's or girls', of man-made fibres (not knitted or crocheted)",broad_prefix_expansion,yes,screening_candidate_not_shipment_evidence
Brazil,BR,Garments,2012-,2025,HS2022,163,62,621149,"621149 - Track suits and other garments n.e.c.; women's or girls', of textile materials n.e.c. in item no. 6211.4 (not knitted or crocheted)",broad_prefix_expansion,yes,screening_candidate_not_shipment_evidence
Brazil,BR,Garments,2012-,2025,HS2022,163,62,621210,621210 - Brassieres; whether or not knitted or crocheted,broad_prefix_expansion,yes,screening_candidate_not_shipment_evidence
Brazil,BR,Garments,2012-,2025,HS2022,163,62,621220,621220 - Girdles and panty-girdles; whether or not knitted or crocheted,broad_prefix_expansion,yes,screening_candidate_not_shipment_evidence
Brazil,BR,Garments,2012-,2025,HS2022,163,62,621230,621230 - Corselettes; whether or not knitted or crocheted,broad_prefix_expansion,yes,screening_candidate_not_shipment_evidence
Brazil,BR,Garments,2012-,2025,HS2022,163,62,621290,"621290 - Braces, suspenders, garters and similar articles; whether or not knitted or crocheted, n.e.c. in heading no. 6212",broad_prefix_expansion,yes,screening_candidate_not_shipment_evidence
Brazil,BR,Garments,2012-,2025,HS2022,163,62,621320,621320 - Handkerchiefs; of cotton (not knitted or crocheted),broad_prefix_expansion,yes,screening_candidate_not_shipment_evidence
Brazil,BR,Garments,2012-,2025,HS2022,163,62,621390,621390 - Handkerchiefs; of textile materials other than cotton (not knitted or crocheted),broad_prefix_expansion,yes,screening_candidate_not_shipment_evidence
Brazil,BR,Garments,2012-,2025,HS2022,163,62,621410,"621410 - Shawls, scarves, mufflers, mantillas, veils and the like; of silk or silk waste (not knitted or crocheted)",broad_prefix_expansion,yes,screening_candidate_not_shipment_evidence
Brazil,BR,Garments,2012-,2025,HS2022,163,62,621420,"621420 - Shawls, scarves, mufflers, mantillas, veils and the like; of wool or fine animal hair (not knitted or crocheted)",broad_prefix_expansion,yes,screening_candidate_not_shipment_evidence
Brazil,BR,Garments,2012-,2025,HS2022,163,62,621430,"621430 - Shawls, scarves, mufflers, mantillas, veils and the like; of synthetic fibres (not knitted or crocheted)",broad_prefix_expansion,yes,screening_candidate_not_shipment_evidence
Brazil,BR,Garments,2012-,2025,HS2022,163,62,621440,"621440 - Shawls, scarves, mufflers, mantillas, veils and the like; of artificial fibres (not knitted or crocheted)",broad_prefix_expansion,yes,screening_candidate_not_shipment_evidence
Brazil,BR,Garments,2012-,2025,HS2022,163,62,621490,"621490 - Shawls, scarves, mufflers, mantillas, veils and the like; of textile materials n.e.c. in heading no. 6214 (not knitted or crocheted)",broad_prefix_expansion,yes,screening_candidate_not_shipment_evidence
Brazil,BR,Garments,2012-,2025,HS2022,163,62,621510,"621510 - Ties, bow ties and cravats; of silk or silk waste (not knitted or crocheted)",broad_prefix_expansion,yes,screening_candidate_not_shipment_evidence
Brazil,BR,Garments,2012-,2025,HS2022,163,62,621520,"621520 - Ties, bow ties and cravats; of man-made fibres (not knitted or crocheted)",broad_prefix_expansion,yes,screening_candidate_not_shipment_evidence
Brazil,BR,Garments,2012-,2025,HS2022,163,62,621590,"621590 - Ties, bow ties and cravats; of textile materials other than silk or man-made fibres (not knitted or crocheted)",broad_prefix_expansion,yes,screening_candidate_not_shipment_evidence
Brazil,BR,Garments,2012-,2025,HS2022,163,62,621600,"621600 - Gloves, mittens and mitts (not knitted or crocheted)",broad_prefix_expansion,yes,screening_candidate_not_shipment_evidence
Brazil,BR,Garments,2012-,2025,HS2022,163,62,621710,621710 - Clothing accessories; other than those of heading no. 6212 (not knitted or crocheted),broad_prefix_expansion,yes,screening_candidate_not_shipment_evidence
Brazil,BR,Garments,2012-,2025,HS2022,163,62,621790,"621790 - Clothing; parts of garments or of clothing accessories, other than those of heading no. 6212 (not knitted or crocheted)",broad_prefix_expansion,yes,screening_candidate_not_shipment_evidence
"Congo, Democratic Republic of the",CD,Gold,2012-,2025,HS2022,173,7108,710811,"710811 - Metals; gold, non-monetary, powder",broad_prefix_expansion,yes,screening_candidate_not_shipment_evidence
"Congo, Democratic Republic of the",CD,Gold,2012-,2025,HS2022,173,7108,710812,"710812 - Metals; gold, non-monetary, unwrought (but not powder)",broad_prefix_expansion,yes,screening_candidate_not_shipment_evidence
"Congo, Democratic Republic of the",CD,Gold,2012-,2025,HS2022,173,7108,710813,"710813 - Metals; gold, semi-manufactured",broad_prefix_expansion,yes,screening_candidate_not_shipment_evidence
"Congo, Democratic Republic of the",CD,Gold,2012-,2025,HS2022,173,7108,710820,"710820 - Gold, monetary",broad_prefix_expansion,yes,screening_candidate_not_shipment_evidence
"Congo, Democratic Republic of the",CD,Gold,2012-,2025,HS2022,174,7115.90.0530,711590,"711590 - Metal; precious or metal clad with precious metal, other than that of item no. 7115.10",hts_prefix_to_hs6,yes,screening_candidate_not_shipment_evidence
CÃ´te d'Ivoire,CI,Cocoa,2009-,2025,HS2022,98,1801.00.0000,180100,"180100 - Cocoa beans; whole or broken, raw or roasted",hts_prefix_to_hs6,yes,screening_candidate_not_shipment_evidence
CÃ´te d'Ivoire,CI,Cocoa,2009-,2025,HS2022,99,1802.00.0000,180200,"180200 - Cocoa; shells, husks, skins and other cocoa waste",hts_prefix_to_hs6,yes,screening_candidate_not_shipment_evidence
CÃ´te d'Ivoire,CI,Coffee,2009-,2025,HS2022,103,0901,090111,090111 - Coffee; not roasted or decaffeinated,broad_prefix_expansion,yes,screening_candidate_not_shipment_evidence
CÃ´te d'Ivoire,CI,Coffee,2009-,2025,HS2022,103,0901,090112,"090112 - Coffee; decaffeinated, not roasted",broad_prefix_expansion,yes,screening_candidate_not_shipment_evidence
CÃ´te d'Ivoire,CI,Coffee,2009-,2025,HS2022,103,0901,090121,"090121 - Coffee; roasted, not decaffeinated",broad_prefix_expansion,yes,screening_candidate_not_shipment_evidence
CÃ´te d'Ivoire,CI,Coffee,2009-,2025,HS2022,103,0901,090122,"090122 - Coffee; roasted, decaffeinated",broad_prefix_expansion,yes,screening_candidate_not_shipment_evidence
CÃ´te d'Ivoire,CI,Coffee,2009-,2025,HS2022,103,0901,090190,"090190 - Coffee; husks and skins, coffee substitutes containing coffee in any proportion",broad_prefix_expansion,yes,screening_candidate_not_shipment_evidence
China,CN,Artificial Flowers,2009-,2025,HS2022,8,6702,670210,"670210 - Flowers, foliage and fruit, artificial, and parts thereof; articles made of artificial flowers, foliage or fruit, of plastics",broad_prefix_expansion,yes,screening_candidate_not_shipment_evidence
China,CN,Artificial Flowers,2009-,2025,HS2022,8,6702,670290,"670290 - Flowers, foliage and fruit, artificial, and parts thereof; articles made of artificial flowers, foliage or fruit, of materials other than plastics",broad_prefix_expansion,yes,screening_candidate_not_shipment_evidence
China,CN,Bricks,2009-,2025,HS2022,49,6810.11,681011,"681011 - Cement, concrete or artificial stone; building blocks or bricks, whether or not reinforced",exact_hs6,no,screening_candidate_not_shipment_evidence
China,CN,Bricks,2009-,2025,HS2022,50,6901,690100,"690100 - Bricks, blocks, tiles and other ceramic goods of siliceous fossil meals (e.g. kieselguhr, tripolite or diatomite) or of similar siliceous earths",broad_prefix_expansion,yes,screening_candidate_not_shipment_evidence
China,CN,Bricks,2009-,2025,HS2022,51,6902.1,690210,"690210 - Refractory bricks, blocks, tiles and similar refractory ceramic constructional goods; containing by weight, singly or together, more than 50% of the elements Mg, Ca or Cr, expressed as MgO, CaO or Cr2o3",broad_prefix_expansion,yes,screening_candidate_not_shipment_evidence
China,CN,Bricks,2009-,2025,HS2022,52,6902.20.10,690220,"690220 - Refractory bricks, blocks, tiles and similar refractory ceramic constructional goods; containing by weight more than 50% of alumina (Al2o3), of silica (SiO2) or of a mixture or compound of these",hts_prefix_to_hs6,yes,screening_candidate_not_shipment_evidence
China,CN,Bricks,2009-,2025,HS2022,53,6902.90.10,690290,"690290 - Refractory bricks, blocks, tiles and similar refractory ceramic constructional goods; n.e.c. in item no. 6902.1 or 6902.2",hts_prefix_to_hs6,yes,screening_candidate_not_shipment_evidence
China,CN,Bricks,2009-,2025,HS2022,54,6904,690410,690410 - Ceramic building bricks,broad_prefix_expansion,yes,screening_candidate_not_shipment_evidence
China,CN,Bricks,2009-,2025,HS2022,54,6904,690490,"690490 - Ceramic flooring blocks, supports or filler tiles and the like (excluding building bricks)",broad_prefix_expansion,yes,screening_candidate_not_shipment_evidence
China,CN,Christmas Decorations,2009-,2025,HS2022,90,8539.22.4000,853922,"853922 - Lamps; filament, (excluding ultra-violet or infra-red), of a power not exceeding 200W and for a voltage exceeding 100 volts, other than tungsten halogen",hts_prefix_to_hs6,yes,screening_candidate_not_shipment_evidence
China,CN,Christmas Decorations,2009-,2025,HS2022,91,9405.3,940531,"940531 - Luminaires and light fittings; electric, lighting strings of a kind used for Christmas trees, for use solely with light-emitting diode (LED) light sources",broad_prefix_expansion,yes,screening_candidate_not_shipment_evidence
China,CN,Christmas Decorations,2009-,2025,HS2022,91,9405.3,940539,"940539 - Luminaires and light fittings; electric, lighting strings of a kind used for Christmas trees, for other than use solely with light-emitting diode (LED) light sources",broad_prefix_expansion,yes,screening_candidate_not_shipment_evidence
China,CN,Christmas Decorations,2009-,2025,HS2022,92,9505.1,950510,950510 - Christmas festivity articles,broad_prefix_expansion,yes,screening_candidate_not_shipment_evidence
China,CN,Coal,2009-,2025,HS2022,95,2701,270111,"270111 - Coal; anthracite, whether or not pulverised, but not agglomerated",broad_prefix_expansion,yes,screening_candidate_not_shipment_evidence
China,CN,Coal,2009-,2025,HS2022,95,2701,270112,"270112 - Coal; bituminous, whether or not pulverised, but not agglomerated",broad_prefix_expansion,yes,screening_candidate_not_shipment_evidence
China,CN,Coal,2009-,2025,HS2022,95,2701,270119,"270119 - Coal; (other than anthracite and bituminous), whether or not pulverised but not agglomerated",broad_prefix_expansion,yes,screening_candidate_not_shipment_evidence
China,CN,Coal,2009-,2025,HS2022,95,2701,270120,"270120 - Briquettes, ovoids and similar solid fuels; manufactured from coal",broad_prefix_expansion,yes,screening_candidate_not_shipment_evidence
China,CN,Cotton,2009-,2025,HS2022,111,5201,520100,520100 - Cotton; not carded or combed,broad_prefix_expansion,yes,screening_candidate_not_shipment_evidence
China,CN,Electronics,2009-,2025,HS2022,127,85,850110,850110 - Electric motors; of an output not exceeding 37.5W,broad_prefix_expansion,yes,screening_candidate_not_shipment_evidence
China,CN,Electronics,2009-,2025,HS2022,127,85,850120,850120 - Electric motors; universal AC/DC of an output exceeding 37.5W,broad_prefix_expansion,yes,screening_candidate_not_shipment_evidence
China,CN,Electronics,2009-,2025,HS2022,127,85,850131,"850131 - Electric motors and generators; DC, of an output not exceeding 750W",broad_prefix_expansion,yes,screening_candidate_not_shipment_evidence
China,CN,Electronics,2009-,2025,HS2022,127,85,850132,"850132 - Electric motors and generators; DC, of an output exceeding 750W but not exceeding 75kW",broad_prefix_expansion,yes,screening_candidate_not_shipment_evidence
China,CN,Electronics,2009-,2025,HS2022,127,85,850133,"850133 - Electric motors and generators; DC, of an output exceeding 75kW but not exceeding 375kW",broad_prefix_expansion,yes,screening_candidate_not_shipment_evidence
China,CN,Electronics,2009-,2025,HS2022,127,85,850134,"850134 - Electric motors and generators; DC, of an output exceeding 375kW",broad_prefix_expansion,yes,screening_candidate_not_shipment_evidence
China,CN,Electronics,2009-,2025,HS2022,127,85,850140,"850140 - Electric motors; AC motors, single-phase",broad_prefix_expansion,yes,screening_candidate_not_shipment_evidence
China,CN,Electronics,2009-,2025,HS2022,127,85,850151,"850151 - Electric motors; AC motors, multi-phase, of an output not exceeding 750W",broad_prefix_expansion,yes,screening_candidate_not_shipment_evidence
China,CN,Electronics,2009-,2025,HS2022,127,85,850152,"850152 - Electric motors; AC motors, multi-phase, of an output exceeding 750W but not exceeding 75kW",broad_prefix_expansion,yes,screening_candidate_not_shipment_evidence
China,CN,Electronics,2009-,2025,HS2022,127,85,850153,"850153 - Electric motors; AC motors, multi-phase, of an output exceeding 75kW",broad_prefix_expansion,yes,screening_candidate_not_shipment_evidence
China,CN,Electronics,2009-,2025,HS2022,127,85,850161,"850161 - Generators; AC generators, (alternators), other than photovoltaic generators, of an output not exceeding 75kVA",broad_prefix_expansion,yes,screening_candidate_not_shipment_evidence
China,CN,Electronics,2009-,2025,HS2022,127,85,850162,"850162 - Electric generators; AC generators, (alternators), other than photovoltaic generators, of an output exceeding 75kVA but not exceeding 375kVA",broad_prefix_expansion,yes,screening_candidate_not_shipment_evidence
China,CN,Electronics,2009-,2025,HS2022,127,85,850163,"850163 - Electric generators; AC generators, (alternators), other than photovoltaic generators, of an output exceeding 375kVA but not exceeding 750kVA",broad_prefix_expansion,yes,screening_candidate_not_shipment_evidence
China,CN,Electronics,2009-,2025,HS2022,127,85,850164,"850164 - Electric generators; AC generators, (alternators), other than photovoltaic generators, of an output exceeding 750kVA",broad_prefix_expansion,yes,screening_candidate_not_shipment_evidence
China,CN,Electronics,2009-,2025,HS2022,127,85,850171,"850171 - Electric generators; photovoltaic DC generators, of an output not exceeding 50W",broad_prefix_expansion,yes,screening_candidate_not_shipment_evidence
China,CN,Electronics,2009-,2025,HS2022,127,85,850172,"850172 - Electric generators; photovoltaic DC generators, of an output exceeding 50W",broad_prefix_expansion,yes,screening_candidate_not_shipment_evidence
China,CN,Electronics,2009-,2025,HS2022,127,85,850180,"850180 - Electric generators; (excluding generating sets), photovoltaic AC generators (alternators)",broad_prefix_expansion,yes,screening_candidate_not_shipment_evidence
China,CN,Electronics,2009-,2025,HS2022,127,85,850211,"850211 - Electric generating sets; with compression-ignition internal combustion piston engines (diesel or semi-diesel engines), of an output not exceeding 75kVA",broad_prefix_expansion,yes,screening_candidate_not_shipment_evidence
China,CN,Electronics,2009-,2025,HS2022,127,85,850212,"850212 - Electric generating sets; with compression-ignition internal combustion piston engines (diesel or semi-diesel engines), of an output exceeding 75kVA but not exceeding 375kVA",broad_prefix_expansion,yes,screening_candidate_not_shipment_evidence
China,CN,Electronics,2009-,2025,HS2022,127,85,850213,"850213 - Electric generating sets; with compression-ignition internal combustion piston engines (diesel or semi-diesel engines), of an output exceeding 375kVA",broad_prefix_expansion,yes,screening_candidate_not_shipment_evidence
China,CN,Electronics,2009-,2025,HS2022,127,85,850220,850220 - Electric generating sets; with spark-ignition internal combustion piston engines,broad_prefix_expansion,yes,screening_candidate_not_shipment_evidence
China,CN,Electronics,2009-,2025,HS2022,127,85,850231,"850231 - Electric generating sets; wind-powered, (excluding those with spark-ignition or compression-ignition internal combustion piston engines)",broad_prefix_expansion,yes,screening_candidate_not_shipment_evidence
China,CN,Electronics,2009-,2025,HS2022,127,85,850239,"850239 - Electric generating sets; (excluding those with spark-ignition or compression-ignition internal combustion piston engines), other than wind powered",broad_prefix_expansion,yes,screening_candidate_not_shipment_evidence
China,CN,Electronics,2009-,2025,HS2022,127,85,850240,850240 - Electric rotary converters,broad_prefix_expansion,yes,screening_candidate_not_shipment_evidence
China,CN,Electronics,2009-,2025,HS2022,127,85,850300,850300 - Electric motors and generators; parts suitable for use solely or principally with the machines of heading no. 8501 or 8502,broad_prefix_expansion,yes,screening_candidate_not_shipment_evidence
China,CN,Electronics,2009-,2025,HS2022,127,85,850410,850410 - Discharge lamps or tubes; ballasts therefor,broad_prefix_expansion,yes,screening_candidate_not_shipment_evidence
China,CN,Electronics,2009-,2025,HS2022,127,85,850421,"850421 - Electrical transformers; liquid dielectric, having a power handling capacity not exceeding 650kVA",broad_prefix_expansion,yes,screening_candidate_not_shipment_evidence
China,CN,Electronics,2009-,2025,HS2022,127,85,850422,"850422 - Electrical transformers; liquid dielectric, having a power handling capacity exceeding 650kVA but not exceeding 10,000kVA",broad_prefix_expansion,yes,screening_candidate_not_shipment_evidence
China,CN,Electronics,2009-,2025,HS2022,127,85,850423,"850423 - Electrical transformers; liquid dielectric, having a power handling capacity exceeding 10,000kVA",broad_prefix_expansion,yes,screening_candidate_not_shipment_evidence
China,CN,Electronics,2009-,2025,HS2022,127,85,850431,"850431 - Electrical transformers; n.e.c. in item no. 8504.2, having a power handling capacity not exceeding 1kVA",broad_prefix_expansion,yes,screening_candidate_not_shipment_evidence
China,CN,Electronics,2009-,2025,HS2022,127,85,850432,"850432 - Transformers; n.e.c. in item no. 8504.2, having a power handling capacity exceeding 1kVA but not exceeding 16kVA",broad_prefix_expansion,yes,screening_candidate_not_shipment_evidence
China,CN,Electronics,2009-,2025,HS2022,127,85,850433,"850433 - Transformers; n.e.c. in item no. 8504.2, having a power handling capacity exceeding 16kVA but not exceeding 500kVA",broad_prefix_expansion,yes,screening_candidate_not_shipment_evidence
China,CN,Electronics,2009-,2025,HS2022,127,85,850434,"850434 - Transformers; n.e.c. in item no. 8504.2, having a power handling capacity exceeding 500kVA",broad_prefix_expansion,yes,screening_candidate_not_shipment_evidence
China,CN,Electronics,2009-,2025,HS2022,127,85,850440,850440 - Electrical static converters,broad_prefix_expansion,yes,screening_candidate_not_shipment_evidence
China,CN,Electronics,2009-,2025,HS2022,127,85,850450,850450 - Electrical inductors; n.e.c. in heading no. 8504,broad_prefix_expansion,yes,screening_candidate_not_shipment_evidence
China,CN,Electronics,2009-,2025,HS2022,127,85,850490,"850490 - Electrical transformers, static converters and inductors; parts thereof",broad_prefix_expansion,yes,screening_candidate_not_shipment_evidence
China,CN,Electronics,2009-,2025,HS2022,127,85,850511,"850511 - Magnets; permanent magnets and articles intended to become permanent magnets after magnetisation, of metal",broad_prefix_expansion,yes,screening_candidate_not_shipment_evidence
China,CN,Electronics,2009-,2025,HS2022,127,85,850519,"850519 - Magnets; permanent magnets and articles intended to become permanent magnets after magnetisation, other than of metal",broad_prefix_expansion,yes,screening_candidate_not_shipment_evidence
China,CN,Electronics,2009-,2025,HS2022,127,85,850520,"850520 - Magnets; electro-magnetic couplings, clutches and brakes",broad_prefix_expansion,yes,screening_candidate_not_shipment_evidence
China,CN,Electronics,2009-,2025,HS2022,127,85,850590,"850590 - Magnets; electro-magnets, holding devices and parts n.e.c. in heading no. 8505",broad_prefix_expansion,yes,screening_candidate_not_shipment_evidence
China,CN,Electronics,2009-,2025,HS2022,127,85,850610,"850610 - Cells and batteries; primary, manganese dioxide",broad_prefix_expansion,yes,screening_candidate_not_shipment_evidence
China,CN,Electronics,2009-,2025,HS2022,127,85,850630,"850630 - Cells and batteries; primary, mercuric oxide",broad_prefix_expansion,yes,screening_candidate_not_shipment_evidence
China,CN,Electronics,2009-,2025,HS2022,127,85,850640,"850640 - Cells and batteries; primary, silver oxide",broad_prefix_expansion,yes,screening_candidate_not_shipment_evidence
China,CN,Electronics,2009-,2025,HS2022,127,85,850650,"850650 - Cells and batteries; primary, lithium",broad_prefix_expansion,yes,screening_candidate_not_shipment_evidence
China,CN,Electronics,2009-,2025,HS2022,127,85,850660,"850660 - Cells and batteries; primary, air-zinc",broad_prefix_expansion,yes,screening_candidate_not_shipment_evidence
China,CN,Electronics,2009-,2025,HS2022,127,85,850680,"850680 - Cells and batteries; primary, (other than manganese dioxide, mercuric oxide, silver oxide, lithium or air-zinc)",broad_prefix_expansion,yes,screening_candidate_not_shipment_evidence
China,CN,Electronics,2009-,2025,HS2022,127,85,850690,"850690 - Cells and batteries; primary, parts thereof",broad_prefix_expansion,yes,screening_candidate_not_shipment_evidence
China,CN,Electronics,2009-,2025,HS2022,127,85,850710,"850710 - Electric accumulators; lead-acid, of a kind used for starting piston engines, including separators, whether or not rectangular (including square)",broad_prefix_expansion,yes,screening_candidate_not_shipment_evidence
China,CN,Electronics,2009-,2025,HS2022,127,85,850720,"850720 - Electric accumulators; lead-acid, (other than for starting piston engines), including separators, whether or not rectangular (including square)",broad_prefix_expansion,yes,screening_candidate_not_shipment_evidence
China,CN,Electronics,2009-,2025,HS2022,127,85,850730,"850730 - Electric accumulators; nickel-cadmium, including separators, whether or not rectangular (including square)",broad_prefix_expansion,yes,screening_candidate_not_shipment_evidence
China,CN,Electronics,2009-,2025,HS2022,127,85,850750,"850750 - Electric accumulators; nickel-metal hydride, including separators, whether or not rectangular (including square)",broad_prefix_expansion,yes,screening_candidate_not_shipment_evidence
China,CN,Electronics,2009-,2025,HS2022,127,85,850760,"850760 - Electric accumulators; lithium-ion, including separators, whether or not rectangular (including square)",broad_prefix_expansion,yes,screening_candidate_not_shipment_evidence
China,CN,Electronics,2009-,2025,HS2022,127,85,850780,"850780 - Electric accumulators; other than lead-acid, nickel-cadmium, nickel-metal hydride and lithium-ion, including separators, whether or not rectangular (including square)",broad_prefix_expansion,yes,screening_candidate_not_shipment_evidence
China,CN,Electronics,2009-,2025,HS2022,127,85,850790,850790 - Electric accumulators; parts n.e.c. in heading no. 8507,broad_prefix_expansion,yes,screening_candidate_not_shipment_evidence
China,CN,Electronics,2009-,2025,HS2022,127,85,850811,"850811 - Vacuum cleaners, with self-contained electric motor, of a power not exceeding 1,500 W and having a dust bag or other receptacle capacity not exceeding 20L",broad_prefix_expansion,yes,screening_candidate_not_shipment_evidence
China,CN,Electronics,2009-,2025,HS2022,127,85,850819,"850819 - Vacuum cleaners, with self-contained electric motor, n.e.c. in item no. 8508.1",broad_prefix_expansion,yes,screening_candidate_not_shipment_evidence
China,CN,Electronics,2009-,2025,HS2022,127,85,850860,"850860 - Vacuum cleaners, other than with a self-contained electric motor",broad_prefix_expansion,yes,screening_candidate_not_shipment_evidence
China,CN,Electronics,2009-,2025,HS2022,127,85,850870,850870 - Parts of vacuum cleaners,broad_prefix_expansion,yes,screening_candidate_not_shipment_evidence
China,CN,Electronics,2009-,2025,HS2022,127,85,850940,"850940 - Electro-mechanical domestic appliances; food grinders and mixers, fruit or vegetable juice extractors, with self-contained electric motor",broad_prefix_expansion,yes,screening_candidate_not_shipment_evidence
China,CN,Electronics,2009-,2025,HS2022,127,85,850980,"850980 - Electro-mechanical domestic appliances; with self-contained electric motor, other than vacuum cleaners of heading 85.08, n.e.c. in heading no. 8509",broad_prefix_expansion,yes,screening_candidate_not_shipment_evidence
China,CN,Electronics,2009-,2025,HS2022,127,85,850990,850990 - Electro-mechanical domestic appliances; parts for the appliances of heading no. 8509,broad_prefix_expansion,yes,screening_candidate_not_shipment_evidence
China,CN,Electronics,2009-,2025,HS2022,127,85,851010,851010 - Shavers; with self-contained electric motor,broad_prefix_expansion,yes,screening_candidate_not_shipment_evidence
China,CN,Electronics,2009-,2025,HS2022,127,85,851020,851020 - Hair clippers; with a self-contained electric motor,broad_prefix_expansion,yes,screening_candidate_not_shipment_evidence
China,CN,Electronics,2009-,2025,HS2022,127,85,851030,851030 - Hair-removing appliances; with self-contained electric motor,broad_prefix_expansion,yes,screening_candidate_not_shipment_evidence
China,CN,Electronics,2009-,2025,HS2022,127,85,851090,851090 - Shavers and hair clippers; parts of those with self-contained electric motor,broad_prefix_expansion,yes,screening_candidate_not_shipment_evidence
China,CN,Electronics,2009-,2025,HS2022,127,85,851110,"851110 - Ignition or starting equipment; spark plugs, of a kind used for spark or compression-ignition internal combustion engines",broad_prefix_expansion,yes,screening_candidate_not_shipment_evidence
China,CN,Electronics,2009-,2025,HS2022,127,85,851120,"851120 - Ignition or starting equipment; ignition magnetos, magneto-dynamos and magnetic flywheels, of a kind used for spark or compression-ignition internal combustion engines",broad_prefix_expansion,yes,screening_candidate_not_shipment_evidence
China,CN,Electronics,2009-,2025,HS2022,127,85,851130,851130 - Ignition or starting equipment; distributors and ignition coils of a kind used for spark-ignition or compression-ignition internal combustion engines,broad_prefix_expansion,yes,screening_candidate_not_shipment_evidence
China,CN,Electronics,2009-,2025,HS2022,127,85,851140,"851140 - Ignition or starting equipment; starter motors and dual purpose starter-generators, of a kind used for spark or compression-ignition internal combustion engines",broad_prefix_expansion,yes,screening_candidate_not_shipment_evidence
China,CN,Electronics,2009-,2025,HS2022,127,85,851150,"851150 - Ignition or starting equipment; generators n.e.c. in heading no. 8511, of a kind used for spark or compression-ignition internal combustion engines",broad_prefix_expansion,yes,screening_candidate_not_shipment_evidence
China,CN,Electronics,2009-,2025,HS2022,127,85,851180,"851180 - Ignition or starting equipment; n.e.c. in heading no. 8511, of a kind used for spark or compression-ignition internal combustion engines",broad_prefix_expansion,yes,screening_candidate_not_shipment_evidence
China,CN,Electronics,2009-,2025,HS2022,127,85,851190,"851190 - Ignition or starting equipment; parts of the equipment of heading no. 8511, for use in spark-ignition or compression-ignition internal combustion engines",broad_prefix_expansion,yes,screening_candidate_not_shipment_evidence
China,CN,Electronics,2009-,2025,HS2022,127,85,851210,"851210 - Lighting or visual signalling equipment; electrical, of a kind used on bicycles, excluding articles of heading no. 8539",broad_prefix_expansion,yes,screening_candidate_not_shipment_evidence
China,CN,Electronics,2009-,2025,HS2022,127,85,851220,"851220 - Lighting or visual signalling equipment; electrical, of a kind used on motor vehicles (excluding articles of heading no. 8539)",broad_prefix_expansion,yes,screening_candidate_not_shipment_evidence
China,CN,Electronics,2009-,2025,HS2022,127,85,851230,"851230 - Sound signalling equipment; electrical, used on cycles or motor vehicles (excluding articles of heading no. 8539)",broad_prefix_expansion,yes,screening_candidate_not_shipment_evidence
China,CN,Electronics,2009-,2025,HS2022,127,85,851240,"851240 - Windscreen wipers, defrosters and demisters; electrical, of kinds used for cycles or motor vehicles",broad_prefix_expansion,yes,screening_candidate_not_shipment_evidence
China,CN,Electronics,2009-,2025,HS2022,127,85,851290,"851290 - Lighting or signalling equipment; electrical, (excluding articles of heading no. 8539), windscreen wipers, defrosters and demisters; parts, of those kinds used for cycles or motor vehicles",broad_prefix_expansion,yes,screening_candidate_not_shipment_evidence
China,CN,Electronics,2009-,2025,HS2022,127,85,851310,"851310 - Lamps; portable, electric, designed to function by their own source of energy (excluding lighting equipment of heading no. 8512)",broad_prefix_expansion,yes,screening_candidate_not_shipment_evidence
China,CN,Electronics,2009-,2025,HS2022,127,85,851390,"851390 - Lamps; parts of portable, electric lamps of heading no. 8513, designed to function by their own source of energy",broad_prefix_expansion,yes,screening_candidate_not_shipment_evidence
China,CN,Electronics,2009-,2025,HS2022,127,85,851411,"851411 - Furnaces and ovens; electric, for industrial or laboratory use, resistance heated; hot isostatic presses",broad_prefix_expansion,yes,screening_candidate_not_shipment_evidence
China,CN,Electronics,2009-,2025,HS2022,127,85,851419,"851419 - Furnaces and ovens; electric, for industrial or laboratory use, resistance heated; other than hot isostatic presses, for the manufacture of semiconductor devices on semiconductor wafers",broad_prefix_expansion,yes,screening_candidate_not_shipment_evidence
China,CN,Electronics,2009-,2025,HS2022,127,85,851420,"851420 - Furnaces and ovens; electric, for industrial or laboratory use, functioning by induction or dielectric loss",broad_prefix_expansion,yes,screening_candidate_not_shipment_evidence
China,CN,Electronics,2009-,2025,HS2022,127,85,851431,"851431 - Furnaces and ovens; electric, for industrial or laboratory use, other than those functioning by induction, dielectric loss or resistance heated, electron beam furnaces",broad_prefix_expansion,yes,screening_candidate_not_shipment_evidence
China,CN,Electronics,2009-,2025,HS2022,127,85,851432,"851432 - Furnaces and ovens; electric, for industrial or laboratory use, other than those functioning by induction, dielectric loss or resistance heated, plasma and vacuum arc furnaces",broad_prefix_expansion,yes,screening_candidate_not_shipment_evidence
China,CN,Electronics,2009-,2025,HS2022,127,85,851439,"851439 - Furnaces and ovens; electric, for industrial or laboratory use, other than those functioning by induction, dielectric loss or resistance heated, other than electron beam, plasma or vacuum arc furnaces",broad_prefix_expansion,yes,screening_candidate_not_shipment_evidence
China,CN,Electronics,2009-,2025,HS2022,127,85,851440,"851440 - Heating equipment; for the heat treatment of materials by induction or dielectric loss, industrial or laboratory, other than furnaces and ovens",broad_prefix_expansion,yes,screening_candidate_not_shipment_evidence
China,CN,Electronics,2009-,2025,HS2022,127,85,851490,"851490 - Furnaces, ovens and heating equipment; parts of the industrial or laboratory equipment of heading no. 8514",broad_prefix_expansion,yes,screening_candidate_not_shipment_evidence
China,CN,Electronics,2009-,2025,HS2022,127,85,851511,"851511 - Brazing or soldering machines and apparatus; soldering irons and guns, whether or not capable of cutting",broad_prefix_expansion,yes,screening_candidate_not_shipment_evidence
China,CN,Electronics,2009-,2025,HS2022,127,85,851519,"851519 - Brazing or soldering machines and apparatus; other than soldering irons and guns, whether or not capable of cutting",broad_prefix_expansion,yes,screening_candidate_not_shipment_evidence
China,CN,Electronics,2009-,2025,HS2022,127,85,851521,"851521 - Welding machines and apparatus; for resistance welding of metal, fully or partly automatic, whether or not capable of cutting",broad_prefix_expansion,yes,screening_candidate_not_shipment_evidence
China,CN,Electronics,2009-,2025,HS2022,127,85,851529,"851529 - Welding machines and apparatus; for resistance welding of metal, other than fully or partly automatic, whether or not capable of cutting",broad_prefix_expansion,yes,screening_candidate_not_shipment_evidence
China,CN,Electronics,2009-,2025,HS2022,127,85,851531,"851531 - Welding machines and apparatus; for arc (including plasma arc) welding of metals, fully or partly automatic, whether or not capable of cutting",broad_prefix_expansion,yes,screening_candidate_not_shipment_evidence
China,CN,Electronics,2009-,2025,HS2022,127,85,851539,"851539 - Welding machines and apparatus; for arc (including plasma arc) welding of metals, other than fully or partly automatic, whether or not capable of cutting",broad_prefix_expansion,yes,screening_candidate_not_shipment_evidence
China,CN,Electronics,2009-,2025,HS2022,127,85,851580,"851580 - Welding machines and apparatus; n.e.c. in heading no. 8515, whether or not capable of cutting",broad_prefix_expansion,yes,screening_candidate_not_shipment_evidence
China,CN,Electronics,2009-,2025,HS2022,127,85,851590,"851590 - Welding, brazing or soldering machines; parts of the machines of heading no. 8515",broad_prefix_expansion,yes,screening_candidate_not_shipment_evidence
China,CN,Electronics,2009-,2025,HS2022,127,85,851610,"851610 - Heaters; electric, instantaneous or storage water and immersion heaters",broad_prefix_expansion,yes,screening_candidate_not_shipment_evidence
China,CN,Electronics,2009-,2025,HS2022,127,85,851621,851621 - Heating apparatus; electric storage heating radiators,broad_prefix_expansion,yes,screening_candidate_not_shipment_evidence
China,CN,Electronics,2009-,2025,HS2022,127,85,851629,851629 - Heating apparatus; electric soil heating apparatus and space heating apparatus (excluding storage heating radiators),broad_prefix_expansion,yes,screening_candidate_not_shipment_evidence
China,CN,Electronics,2009-,2025,HS2022,127,85,851631,851631 - Hair-dressing apparatus; electro-thermic hair dryers,broad_prefix_expansion,yes,screening_candidate_not_shipment_evidence
China,CN,Electronics,2009-,2025,HS2022,127,85,851632,"851632 - Hair-dressing apparatus; electro-thermic, other than hair dryers",broad_prefix_expansion,yes,screening_candidate_not_shipment_evidence
China,CN,Electronics,2009-,2025,HS2022,127,85,851633,851633 - Hand-drying apparatus; electro-thermic,broad_prefix_expansion,yes,screening_candidate_not_shipment_evidence
China,CN,Electronics,2009-,2025,HS2022,127,85,851640,851640 - Smoothing irons; electric,broad_prefix_expansion,yes,screening_candidate_not_shipment_evidence
China,CN,Electronics,2009-,2025,HS2022,127,85,851650,"851650 - Ovens; microwave, of a kind used for domestic purposes",broad_prefix_expansion,yes,screening_candidate_not_shipment_evidence
China,CN,Electronics,2009-,2025,HS2022,127,85,851660,"851660 - Ovens, cookers, cooking plates, boiling rings, grillers and roasters; of a kind used for domestic purposes (excluding microwaves)",broad_prefix_expansion,yes,screening_candidate_not_shipment_evidence
China,CN,Electronics,2009-,2025,HS2022,127,85,851671,"851671 - Electro-thermic appliances; coffee or tea makers, of a kind used for domestic purposes",broad_prefix_expansion,yes,screening_candidate_not_shipment_evidence
China,CN,Electronics,2009-,2025,HS2022,127,85,851672,"851672 - Electro-thermic appliances; toasters, of a kind used for domestic purposes",broad_prefix_expansion,yes,screening_candidate_not_shipment_evidence
China,CN,Electronics,2009-,2025,HS2022,127,85,851679,"851679 - Electro-thermic appliances; n.e.c. in heading no. 8516, used for domestic purposes",broad_prefix_expansion,yes,screening_candidate_not_shipment_evidence
China,CN,Electronics,2009-,2025,HS2022,127,85,851680,"851680 - Resistors; electric heating, other than those of heading no. 8545",broad_prefix_expansion,yes,screening_candidate_not_shipment_evidence
China,CN,Electronics,2009-,2025,HS2022,127,85,851690,"851690 - Electro-thermic appliances; parts, of heating resistors, of water, space and soil heaters, hair-dressing apparatus, hand dryers, smoothing irons and other domestic appliances of heading no. 8516",broad_prefix_expansion,yes,screening_candidate_not_shipment_evidence
China,CN,Electronics,2009-,2025,HS2022,127,85,851711,851711 - Line telephone sets with cordless handsets,broad_prefix_expansion,yes,screening_candidate_not_shipment_evidence
China,CN,Electronics,2009-,2025,HS2022,127,85,851713,851713 - Telephone sets; smartphones for cellular or other wireless networks,broad_prefix_expansion,yes,screening_candidate_not_shipment_evidence
China,CN,Electronics,2009-,2025,HS2022,127,85,851714,"851714 - Telephone sets; other than smartphones, for cellular or other wireless networks",broad_prefix_expansion,yes,screening_candidate_not_shipment_evidence
China,CN,Electronics,2009-,2025,HS2022,127,85,851718,851718 - Telephone sets n.e.c. in item no. 8517.1,broad_prefix_expansion,yes,screening_candidate_not_shipment_evidence
China,CN,Electronics,2009-,2025,HS2022,127,85,851761,851761 - Base stations,broad_prefix_expansion,yes,screening_candidate_not_shipment_evidence
China,CN,Electronics,2009-,2025,HS2022,127,85,851762,"851762 - Communication apparatus (excluding telephone sets or base stations); machines for the reception, conversion and transmission or regeneration of voice, images or other data, including switching and routing apparatus",broad_prefix_expansion,yes,screening_candidate_not_shipment_evidence
China,CN,Electronics,2009-,2025,HS2022,127,85,851769,"851769 - Communication apparatus (excluding telephone sets or base stations); machines for the transmission or reception of voice, images or other data (including wired/wireless networks), n.e.c. in item no. 8517.6",broad_prefix_expansion,yes,screening_candidate_not_shipment_evidence
China,CN,Electronics,2009-,2025,HS2022,127,85,851771,"851771 - Communication apparatus; parts, aerials and aerial reflectors of all kinds, part suitable for use therewith",broad_prefix_expansion,yes,screening_candidate_not_shipment_evidence
China,CN,Electronics,2009-,2025,HS2022,127,85,851779,"851779 - Communication apparatus; parts, other than aerials and aerial reflectors of all kinds",broad_prefix_expansion,yes,screening_candidate_not_shipment_evidence
China,CN,Electronics,2009-,2025,HS2022,127,85,851810,851810 - Microphones and stands therefor,broad_prefix_expansion,yes,screening_candidate_not_shipment_evidence
China,CN,Electronics,2009-,2025,HS2022,127,85,851821,"851821 - Loudspeakers; single, mounted in their enclosures",broad_prefix_expansion,yes,screening_candidate_not_shipment_evidence
China,CN,Electronics,2009-,2025,HS2022,127,85,851822,"851822 - Loudspeakers; multiple, mounted in the same enclosure",broad_prefix_expansion,yes,screening_candidate_not_shipment_evidence
China,CN,Electronics,2009-,2025,HS2022,127,85,851829,851829 - Loudspeakers; not mounted in their enclosures,broad_prefix_expansion,yes,screening_candidate_not_shipment_evidence
China,CN,Electronics,2009-,2025,HS2022,127,85,851830,"851830 - Headphones and earphones, whether or not combined with a microphone, and sets consisting of a microphone and one or more loudspeakers",broad_prefix_expansion,yes,screening_candidate_not_shipment_evidence
China,CN,Electronics,2009-,2025,HS2022,127,85,851840,851840 - Amplifiers; audio-frequency electric,broad_prefix_expansion,yes,screening_candidate_not_shipment_evidence
China,CN,Electronics,2009-,2025,HS2022,127,85,851850,851850 - Amplifier sets; electric sound,broad_prefix_expansion,yes,screening_candidate_not_shipment_evidence
China,CN,Electronics,2009-,2025,HS2022,127,85,851890,"851890 - Microphones, headphones, earphones, amplifier equipment; parts of the equipment of heading no. 8518",broad_prefix_expansion,yes,screening_candidate_not_shipment_evidence
China,CN,Electronics,2009-,2025,HS2022,127,85,851920,"851920 - Sound recording or reproducing apparatus; operated by coins, banknotes, bank cards, tokens or by other means of payment",broad_prefix_expansion,yes,screening_candidate_not_shipment_evidence
China,CN,Electronics,2009-,2025,HS2022,127,85,851930,851930 - Sound recording or reproducing apparatus; turntables (record-decks),broad_prefix_expansion,yes,screening_candidate_not_shipment_evidence
China,CN,Electronics,2009-,2025,HS2022,127,85,851981,"851981 - Sound recording or reproducing apparatus; using magnetic, optical or semiconductor media, n.e.c. in item no 8519.20, 8519.30 or 8519.50",broad_prefix_expansion,yes,screening_candidate_not_shipment_evidence
China,CN,Electronics,2009-,2025,HS2022,127,85,851989,851989 - Sound recording or reproducing apparatus; n.e.c. in heading no 8519,broad_prefix_expansion,yes,screening_candidate_not_shipment_evidence
China,CN,Electronics,2009-,2025,HS2022,127,85,852110,852110 - Video recording or reproducing apparatus; magnetic tape-type,broad_prefix_expansion,yes,screening_candidate_not_shipment_evidence
China,CN,Electronics,2009-,2025,HS2022,127,85,852190,852190 - Video recording or reproducing apparatus; other than magnetic tape-type,broad_prefix_expansion,yes,screening_candidate_not_shipment_evidence
China,CN,Electronics,2009-,2025,HS2022,127,85,852210,"852210 - Sound recording or reproducing apparatus; parts and accessories thereof, pick-up cartridges",broad_prefix_expansion,yes,screening_candidate_not_shipment_evidence
China,CN,Electronics,2009-,2025,HS2022,127,85,852290,"852290 - Sound or video recording or reproducing apparatus; parts and accessories thereof, other than pick-up cartridges",broad_prefix_expansion,yes,screening_candidate_not_shipment_evidence
China,CN,Electronics,2009-,2025,HS2022,127,85,852321,"852321 - Magnetic media; cards incorporating a magnetic stripe, whether or not recorded, excluding products of Chapter 37",broad_prefix_expansion,yes,screening_candidate_not_shipment_evidence
China,CN,Electronics,2009-,2025,HS2022,127,85,852329,"852329 - Magnetic media; other than cards incorporating a magnetic stripe, whether or not recorded, excluding products of Chapter 37",broad_prefix_expansion,yes,screening_candidate_not_shipment_evidence
China,CN,Electronics,2009-,2025,HS2022,127,85,852341,"852341 - Optical media; unrecorded, excluding products of Chapter 37",broad_prefix_expansion,yes,screening_candidate_not_shipment_evidence
China,CN,Electronics,2009-,2025,HS2022,127,85,852349,"852349 - Optical media; recorded, excluding products of Chapter 37",broad_prefix_expansion,yes,screening_candidate_not_shipment_evidence
China,CN,Electronics,2009-,2025,HS2022,127,85,852351,"852351 - Semiconductor media; solid-state non-volatile storage devices, whether or not recorded, excluding products of Chapter 37",broad_prefix_expansion,yes,screening_candidate_not_shipment_evidence
China,CN,Electronics,2009-,2025,HS2022,127,85,852352,"852352 - Semiconductor media; smart cards, whether or not recorded, excluding products of Chapter 37",broad_prefix_expansion,yes,screening_candidate_not_shipment_evidence
China,CN,Electronics,2009-,2025,HS2022,127,85,852359,"852359 - Semiconductor media; other than smart cards, whether or not recorded, excluding products of Chapter 37",broad_prefix_expansion,yes,screening_candidate_not_shipment_evidence
China,CN,Electronics,2009-,2025,HS2022,127,85,852380,"852380 - Media n.e.c. in heading 8523, whether or not recorded, excluding products of Chapter 37",broad_prefix_expansion,yes,screening_candidate_not_shipment_evidence
China,CN,Electronics,2009-,2025,HS2022,127,85,852411,"852411 - Flat panel display modules, whether or not incorporating touch-sensitive screens; of liquid crystals, without drivers or control circuits",broad_prefix_expansion,yes,screening_candidate_not_shipment_evidence
China,CN,Electronics,2009-,2025,HS2022,127,85,852412,"852412 - Flat panel display modules, whether or not incorporating touch-sensitive screens; of organic light-emitting diodes (OLED), without drivers or control circuits",broad_prefix_expansion,yes,screening_candidate_not_shipment_evidence
China,CN,Electronics,2009-,2025,HS2022,127,85,852419,"852419 - Flat panel display modules, whether or not incorporating touch-sensitive screens; of other than liquid crystals or organic light-emitting diodes (OLED), without drivers or control circuits",broad_prefix_expansion,yes,screening_candidate_not_shipment_evidence
China,CN,Electronics,2009-,2025,HS2022,127,85,852491,"852491 - Flat panel display modules, whether or not incorporating touch-sensitive screens; of liquid crystals, with drivers or control circuits",broad_prefix_expansion,yes,screening_candidate_not_shipment_evidence
China,CN,Electronics,2009-,2025,HS2022,127,85,852492,"852492 - Flat panel display modules, whether or not incorporating touch-sensitive screens; of organic light-emitting diodes (OLED), with drivers or control circuits",broad_prefix_expansion,yes,screening_candidate_not_shipment_evidence
China,CN,Electronics,2009-,2025,HS2022,127,85,852499,"852499 - Flat panel display modules, whether or not incorporating touch-sensitive screens; of other than liquid crystals or organic light-emitting diodes (OLED), with drivers or control circuits",broad_prefix_expansion,yes,screening_candidate_not_shipment_evidence
China,CN,Electronics,2009-,2025,HS2022,127,85,852550,"852550 - Transmission apparatus for radio-broadcasting or television, whether or not incorporating sound recording or reproducing apparatus, not incorporating reception apparatus",broad_prefix_expansion,yes,screening_candidate_not_shipment_evidence
China,CN,Electronics,2009-,2025,HS2022,127,85,852560,"852560 - Transmission apparatus for radio-broadcasting or television, whether or not incorporating sound recording or reproducing apparatus, incorporating reception apparatus",broad_prefix_expansion,yes,screening_candidate_not_shipment_evidence
China,CN,Electronics,2009-,2025,HS2022,127,85,852581,"852581 - Television cameras, digital cameras and video camera recorders; high-speed goods as specified in subheading note 1 to this chapter",broad_prefix_expansion,yes,screening_candidate_not_shipment_evidence
China,CN,Electronics,2009-,2025,HS2022,127,85,852582,"852582 - Television cameras, digital cameras and video camera recorders; radiation-hardened or radiation-tolerant goods as specified in subheading note 2 to this chapter",broad_prefix_expansion,yes,screening_candidate_not_shipment_evidence
China,CN,Electronics,2009-,2025,HS2022,127,85,852583,"852583 - Television cameras, digital cameras and video camera recorders; night vision goods as specified in subheading note 3 to this chapter",broad_prefix_expansion,yes,screening_candidate_not_shipment_evidence
China,CN,Electronics,2009-,2025,HS2022,127,85,852589,852589 - Television cameras; n.e.c. in item no 8525.8,broad_prefix_expansion,yes,screening_candidate_not_shipment_evidence
China,CN,Electronics,2009-,2025,HS2022,127,85,852610,852610 - Radar apparatus,broad_prefix_expansion,yes,screening_candidate_not_shipment_evidence
China,CN,Electronics,2009-,2025,HS2022,127,85,852691,852691 - Radio navigational aid apparatus,broad_prefix_expansion,yes,screening_candidate_not_shipment_evidence
China,CN,Electronics,2009-,2025,HS2022,127,85,852692,852692 - Radio remote control apparatus,broad_prefix_expansion,yes,screening_candidate_not_shipment_evidence
China,CN,Electronics,2009-,2025,HS2022,127,85,852712,852712 - Radio broadcast receivers capable of operating without an external power source; pocket-size radio cassette-players,broad_prefix_expansion,yes,screening_candidate_not_shipment_evidence
China,CN,Electronics,2009-,2025,HS2022,127,85,852713,"852713 - Radio broadcast receivers capable of operating without an external power source; apparatus (other than pocket-size radio cassette-players), combined with sound recording or reproducing apparatus",broad_prefix_expansion,yes,screening_candidate_not_shipment_evidence
China,CN,Electronics,2009-,2025,HS2022,127,85,852719,852719 - Radio broadcast receivers capable of operating without an external power source; n.e.c. in item no. 8527.1,broad_prefix_expansion,yes,screening_candidate_not_shipment_evidence
China,CN,Electronics,2009-,2025,HS2022,127,85,852721,"852721 - Radio-broadcast receivers not capable of operating without an external source of power, of a kind used in motor vehicles; combined with sound recording or reproducing apparatus",broad_prefix_expansion,yes,screening_candidate_not_shipment_evidence
China,CN,Electronics,2009-,2025,HS2022,127,85,852729,"852729 - Radio-broadcast receivers not capable of operating without an external source of power, of a kind used in motor vehicles; not combined with sound recording or reproducing apparatus",broad_prefix_expansion,yes,screening_candidate_not_shipment_evidence
China,CN,Electronics,2009-,2025,HS2022,127,85,852791,852791 - Radio-broadcast receivers n.e.c. in heading no. 8527; combined with sound recording or reproducing apparatus,broad_prefix_expansion,yes,screening_candidate_not_shipment_evidence
China,CN,Electronics,2009-,2025,HS2022,127,85,852792,852792 - Radio-broadcast receivers n.e.c. in heading no. 8527; not combined with sound recording or reproducing apparatus but combined with a clock,broad_prefix_expansion,yes,screening_candidate_not_shipment_evidence
China,CN,Electronics,2009-,2025,HS2022,127,85,852799,852799 - Radio-broadcast receivers n.e.c. in heading no. 8527; not combined with sound recording or reproducing apparatus and not combined with a clock,broad_prefix_expansion,yes,screening_candidate_not_shipment_evidence
China,CN,Electronics,2009-,2025,HS2022,127,85,852842,"852842 - Monitors; cathode-ray tube, capable of directly connecting to and designed for use with an automatic data processing machine of heading 84.71",broad_prefix_expansion,yes,screening_candidate_not_shipment_evidence
China,CN,Electronics,2009-,2025,HS2022,127,85,852849,"852849 - Monitors; cathode-ray tube, n.e.c. in subheading 8528.42, whether or not colour",broad_prefix_expansion,yes,screening_candidate_not_shipment_evidence
China,CN,Electronics,2009-,2025,HS2022,127,85,852852,852852 - Monitors; other than cathode-ray tube; capable of directly connecting to and designed for use with an automatic data processing machine of heading 84.71,broad_prefix_expansion,yes,screening_candidate_not_shipment_evidence
China,CN,Electronics,2009-,2025,HS2022,127,85,852859,"852859 - Monitors other than cathode-ray tube; n.e.c. in subheading 8528.52, whether or not colour",broad_prefix_expansion,yes,screening_candidate_not_shipment_evidence
China,CN,Electronics,2009-,2025,HS2022,127,85,852862,852862 - Projectors; capable of directly connecting to and designed for use with an automatic data processing machine of heading 84.71,broad_prefix_expansion,yes,screening_candidate_not_shipment_evidence
China,CN,Electronics,2009-,2025,HS2022,127,85,852869,"852869 - Projectors; n.e.c. in subheading 8528.62, whether or not colour",broad_prefix_expansion,yes,screening_candidate_not_shipment_evidence
China,CN,Electronics,2009-,2025,HS2022,127,85,852871,"852871 - Reception apparatus for television, whether or not incorporating radio-broadcast receivers or sound or video recording or reproducing apparatus; not designed to incorporate a video display or screen",broad_prefix_expansion,yes,screening_candidate_not_shipment_evidence
China,CN,Electronics,2009-,2025,HS2022,127,85,852872,"852872 - Reception apparatus for television, whether or not incorporating radio-broadcast receivers or sound or video recording or reproducing apparatus; incorporating a colour video display or screen",broad_prefix_expansion,yes,screening_candidate_not_shipment_evidence
China,CN,Electronics,2009-,2025,HS2022,127,85,852873,"852873 - Reception apparatus for television, whether or not incorporating radio-broadcast receivers or sound or video recording or reproducing apparatus; incorporating a monochrome video display or screen",broad_prefix_expansion,yes,screening_candidate_not_shipment_evidence
China,CN,Electronics,2009-,2025,HS2022,127,85,852910,852910 - Reception and transmission apparatus; aerials and aerial reflectors of all kinds and parts suitable for use therewith,broad_prefix_expansion,yes,screening_candidate_not_shipment_evidence
China,CN,Electronics,2009-,2025,HS2022,127,85,852990,"852990 - Reception and transmission apparatus; for use with the apparatus of heading no. 8524 to 8528, excluding aerials and aerial reflectors",broad_prefix_expansion,yes,screening_candidate_not_shipment_evidence
China,CN,Electronics,2009-,2025,HS2022,127,85,853010,"853010 - Signalling, safety or traffic control equipment; for railways or tramways (excluding those of heading no. 8608)",broad_prefix_expansion,yes,screening_candidate_not_shipment_evidence
China,CN,Electronics,2009-,2025,HS2022,127,85,853080,"853080 - Signalling, safety or traffic control equipment; for roads, inland waterways, parking facilities, port installations or airfields (excluding those of heading no. 8608)",broad_prefix_expansion,yes,screening_candidate_not_shipment_evidence
China,CN,Electronics,2009-,2025,HS2022,127,85,853090,"853090 - Signalling apparatus; parts of safety, traffic control equipment for railways, tramways, roads, inland waterways, airfields, parking facilities, port instalments (excluding those of heading no. 8608)",broad_prefix_expansion,yes,screening_candidate_not_shipment_evidence
China,CN,Electronics,2009-,2025,HS2022,127,85,853110,"853110 - Signalling apparatus; electric, sound or visual, burglar or fire alarms and similar, other than those of heading no. 8512 or 8530",broad_prefix_expansion,yes,screening_candidate_not_shipment_evidence
China,CN,Electronics,2009-,2025,HS2022,127,85,853120,"853120 - Signalling apparatus; electric, sound or visual, indicator panels incorporating liquid crystal devices (LCD) or light-emitting diodes (LED), excluding those of heading no. 8512 or 8530",broad_prefix_expansion,yes,screening_candidate_not_shipment_evidence
China,CN,Electronics,2009-,2025,HS2022,127,85,853180,"853180 - Signalling apparatus; electric, sound or visual, apparatus n.e.c. in heading no. 8531, excluding those of heading no. 8512 or 8530",broad_prefix_expansion,yes,screening_candidate_not_shipment_evidence
China,CN,Electronics,2009-,2025,HS2022,127,85,853190,"853190 - Signalling apparatus; parts of the electric, sound or visual apparatus of heading no. 8531",broad_prefix_expansion,yes,screening_candidate_not_shipment_evidence
China,CN,Electronics,2009-,2025,HS2022,127,85,853210,"853210 - Electrical capacitors; fixed, designed for use in 50/60 Hz circuits and having a reactive power handling capacity of not less than 0.5 kvar (power capacitors)",broad_prefix_expansion,yes,screening_candidate_not_shipment_evidence
China,CN,Electronics,2009-,2025,HS2022,127,85,853221,"853221 - Electrical capacitors; fixed, tantalum",broad_prefix_expansion,yes,screening_candidate_not_shipment_evidence
China,CN,Electronics,2009-,2025,HS2022,127,85,853222,"853222 - Electrical capacitors; fixed, aluminium electrolytic",broad_prefix_expansion,yes,screening_candidate_not_shipment_evidence
China,CN,Electronics,2009-,2025,HS2022,127,85,853223,"853223 - Electrical capacitors; fixed, ceramic dielectric, single layer",broad_prefix_expansion,yes,screening_candidate_not_shipment_evidence
China,CN,Electronics,2009-,2025,HS2022,127,85,853224,"853224 - Electrical capacitors; fixed, ceramic dielectric, multilayer",broad_prefix_expansion,yes,screening_candidate_not_shipment_evidence
China,CN,Electronics,2009-,2025,HS2022,127,85,853225,"853225 - Electrical capacitors; fixed, dielectric of paper or plastics",broad_prefix_expansion,yes,screening_candidate_not_shipment_evidence
China,CN,Electronics,2009-,2025,HS2022,127,85,853229,"853229 - Electrical capacitors; fixed, n.e.c. in heading no. 8532",broad_prefix_expansion,yes,screening_candidate_not_shipment_evidence
China,CN,Electronics,2009-,2025,HS2022,127,85,853230,853230 - Electrical capacitors; variable or adjustable (pre-set) capacitors,broad_prefix_expansion,yes,screening_candidate_not_shipment_evidence
China,CN,Electronics,2009-,2025,HS2022,127,85,853290,853290 - Electrical capacitors; parts of the capacitors of heading no. 8532,broad_prefix_expansion,yes,screening_candidate_not_shipment_evidence
China,CN,Electronics,2009-,2025,HS2022,127,85,853310,"853310 - Electrical resistors; fixed carbon resistors, composition or film types (including rheostats and potentiometers but excluding heating resistors)",broad_prefix_expansion,yes,screening_candidate_not_shipment_evidence
China,CN,Electronics,2009-,2025,HS2022,127,85,853321,"853321 - Electrical resistors; fixed, for a power handling capacity not exceeding 20W (including rheostats and potentiometers but excluding heating resistors and carbon resistors)",broad_prefix_expansion,yes,screening_candidate_not_shipment_evidence
China,CN,Electronics,2009-,2025,HS2022,127,85,853329,"853329 - Electrical resistors; fixed, for a power handling capacity exceeding 20W (including rheostats and potentiometers but excluding heating resistors and carbon resistors)",broad_prefix_expansion,yes,screening_candidate_not_shipment_evidence
China,CN,Electronics,2009-,2025,HS2022,127,85,853331,"853331 - Electrical resistors; wirewound variable, including rheostats and potentiometers, for a power handling capacity not exceeding 20W (excluding heating)",broad_prefix_expansion,yes,screening_candidate_not_shipment_evidence
China,CN,Electronics,2009-,2025,HS2022,127,85,853339,"853339 - Electrical resistors; wirewound variable, including rheostats and potentiometers, for a power handling capacity exceeding 20W (excluding heating)",broad_prefix_expansion,yes,screening_candidate_not_shipment_evidence
China,CN,Electronics,2009-,2025,HS2022,127,85,853340,"853340 - Electrical resistors; variable, including rheostats and potentiometers (excluding heating)",broad_prefix_expansion,yes,screening_candidate_not_shipment_evidence
China,CN,Electronics,2009-,2025,HS2022,127,85,853390,853390 - Resistors; parts of the resistors of heading no. 8533,broad_prefix_expansion,yes,screening_candidate_not_shipment_evidence
China,CN,Electronics,2009-,2025,HS2022,127,85,853400,853400 - Circuits; printed,broad_prefix_expansion,yes,screening_candidate_not_shipment_evidence
China,CN,Electronics,2009-,2025,HS2022,127,85,853510,"853510 - Electrical apparatus; fuses, for a voltage exceeding 1000 volts",broad_prefix_expansion,yes,screening_candidate_not_shipment_evidence
China,CN,Electronics,2009-,2025,HS2022,127,85,853521,"853521 - Electrical apparatus; automatic circuit breakers, for a voltage exceeding 1000 volts but less than 72.5kV",broad_prefix_expansion,yes,screening_candidate_not_shipment_evidence
China,CN,Electronics,2009-,2025,HS2022,127,85,853529,"853529 - Electrical apparatus; automatic circuit breakers, for a voltage of 72.5kV or more",broad_prefix_expansion,yes,screening_candidate_not_shipment_evidence
China,CN,Electronics,2009-,2025,HS2022,127,85,853530,"853530 - Electrical apparatus; isolating and make-and-break switches, for a voltage exceeding 1000 volts",broad_prefix_expansion,yes,screening_candidate_not_shipment_evidence
China,CN,Electronics,2009-,2025,HS2022,127,85,853540,"853540 - Electrical apparatus; lightning arresters, voltage limiters and surge suppressors (for a voltage exceeding 1000 volts)",broad_prefix_expansion,yes,screening_candidate_not_shipment_evidence
China,CN,Electronics,2009-,2025,HS2022,127,85,853590,"853590 - Electrical apparatus; n.e.c. in heading no. 8535, for switching or protecting electrical circuits, for a voltage exceeding 1000 volts",broad_prefix_expansion,yes,screening_candidate_not_shipment_evidence
China,CN,Electronics,2009-,2025,HS2022,127,85,853610,"853610 - Electrical apparatus; fuses, for a voltage not exceeding 1000 volts",broad_prefix_expansion,yes,screening_candidate_not_shipment_evidence
China,CN,Electronics,2009-,2025,HS2022,127,85,853620,"853620 - Electrical apparatus; automatic circuit breakers, for a voltage not exceeding 1000 volts",broad_prefix_expansion,yes,screening_candidate_not_shipment_evidence
China,CN,Electronics,2009-,2025,HS2022,127,85,853630,"853630 - Electrical apparatus; for protecting electrical circuits, n.e.c. in heading no. 8536, for a voltage not exceeding 1000 volts",broad_prefix_expansion,yes,screening_candidate_not_shipment_evidence
China,CN,Electronics,2009-,2025,HS2022,127,85,853641,"853641 - Electrical apparatus; relays, (for a voltage not exceeding 60 volts)",broad_prefix_expansion,yes,screening_candidate_not_shipment_evidence
China,CN,Electronics,2009-,2025,HS2022,127,85,853649,"853649 - Electrical apparatus; relays, for a voltage exceeding 60 volts",broad_prefix_expansion,yes,screening_candidate_not_shipment_evidence
China,CN,Electronics,2009-,2025,HS2022,127,85,853650,"853650 - Electrical apparatus; switches n.e.c. in heading no. 8536, for a voltage not exceeding 1000 volts",broad_prefix_expansion,yes,screening_candidate_not_shipment_evidence
China,CN,Electronics,2009-,2025,HS2022,127,85,853661,"853661 - Electrical apparatus; lamp-holders, for a voltage not exceeding 1000 volts",broad_prefix_expansion,yes,screening_candidate_not_shipment_evidence
China,CN,Electronics,2009-,2025,HS2022,127,85,853669,"853669 - Electrical apparatus; plugs and sockets, for a voltage not exceeding 1000 volts",broad_prefix_expansion,yes,screening_candidate_not_shipment_evidence
China,CN,Electronics,2009-,2025,HS2022,127,85,853670,"853670 - Connectors for optical fibres, optical fibre bundles or cables",broad_prefix_expansion,yes,screening_candidate_not_shipment_evidence
China,CN,Electronics,2009-,2025,HS2022,127,85,853690,"853690 - Electrical apparatus; n.e.c. in heading no. 8536, for switching or protecting electrical circuits, for a voltage not exceeding 1000 volts",broad_prefix_expansion,yes,screening_candidate_not_shipment_evidence
China,CN,Electronics,2009-,2025,HS2022,127,85,853710,"853710 - Boards, panels, consoles, desks and other bases; for electric control or the distribution of electricity, (other than switching apparatus of heading no. 8517), for a voltage not exceeding 1000 volts",broad_prefix_expansion,yes,screening_candidate_not_shipment_evidence
China,CN,Electronics,2009-,2025,HS2022,127,85,853720,"853720 - Boards, panels, consoles, desks and other bases; for electric control or the distribution of electricity, (other than switching apparatus of heading no. 8517), for a voltage exceeding 1000 volts",broad_prefix_expansion,yes,screening_candidate_not_shipment_evidence
China,CN,Electronics,2009-,2025,HS2022,127,85,853810,"853810 - Electrical apparatus; parts (e.g. boards, panels, consoles, desks, cabinets, other bases), for goods of heading no. 8537, not equipped with their apparatus",broad_prefix_expansion,yes,screening_candidate_not_shipment_evidence
China,CN,Electronics,2009-,2025,HS2022,127,85,853890,"853890 - Electrical apparatus; parts suitable for use solely or principally with the apparatus of heading no. 8535, 8536 or 8537",broad_prefix_expansion,yes,screening_candidate_not_shipment_evidence
China,CN,Electronics,2009-,2025,HS2022,127,85,853910,853910 - Lamps; sealed beam units,broad_prefix_expansion,yes,screening_candidate_not_shipment_evidence
China,CN,Electronics,2009-,2025,HS2022,127,85,853921,"853921 - Lamps; filament, (excluding ultra-violet or infra-red), tungsten halogen",broad_prefix_expansion,yes,screening_candidate_not_shipment_evidence
China,CN,Electronics,2009-,2025,HS2022,127,85,853922,"853922 - Lamps; filament, (excluding ultra-violet or infra-red), of a power not exceeding 200W and for a voltage exceeding 100 volts, other than tungsten halogen",broad_prefix_expansion,yes,screening_candidate_not_shipment_evidence
China,CN,Electronics,2009-,2025,HS2022,127,85,853929,"853929 - Lamps; filament, (excluding ultra-violet or infra-red), n.e.c. in item no. 8539.2",broad_prefix_expansion,yes,screening_candidate_not_shipment_evidence
China,CN,Electronics,2009-,2025,HS2022,127,85,853931,"853931 - Lamps; discharge, (excluding ultra-violet), fluorescent, hot cathode",broad_prefix_expansion,yes,screening_candidate_not_shipment_evidence
China,CN,Electronics,2009-,2025,HS2022,127,85,853932,"853932 - Lamps; discharge, (excluding ultra-violet), mercury or sodium vapour lamps, metal halide lamps",broad_prefix_expansion,yes,screening_candidate_not_shipment_evidence
China,CN,Electronics,2009-,2025,HS2022,127,85,853939,"853939 - Lamps; discharge, (excluding ultra-violet, excluding fluorescent, hot cathode)",broad_prefix_expansion,yes,screening_candidate_not_shipment_evidence
China,CN,Electronics,2009-,2025,HS2022,127,85,853941,853941 - Lamps; arc-lamps,broad_prefix_expansion,yes,screening_candidate_not_shipment_evidence
China,CN,Electronics,2009-,2025,HS2022,127,85,853949,"853949 - Lamps; ultra-violet or infra-red lamps, (excluding arc-lamps)",broad_prefix_expansion,yes,screening_candidate_not_shipment_evidence
China,CN,Electronics,2009-,2025,HS2022,127,85,853951,"853951 - Lamps; light-emitting diode (LED) light sources, light-emitting diode (LED) modules",broad_prefix_expansion,yes,screening_candidate_not_shipment_evidence
China,CN,Electronics,2009-,2025,HS2022,127,85,853952,"853952 - Lamps; light-emitting diode (LED) light sources, light-emitting diode (LED) lamps",broad_prefix_expansion,yes,screening_candidate_not_shipment_evidence
China,CN,Electronics,2009-,2025,HS2022,127,85,853990,853990 - Lamps; parts of the lamps of heading no. 8539,broad_prefix_expansion,yes,screening_candidate_not_shipment_evidence
China,CN,Electronics,2009-,2025,HS2022,127,85,854011,"854011 - Tubes; cathode-ray television picture tubes, including video monitor cathode-ray tubes, colour",broad_prefix_expansion,yes,screening_candidate_not_shipment_evidence
China,CN,Electronics,2009-,2025,HS2022,127,85,854012,"854012 - Tubes; cathode-ray television picture tubes, including video monitor cathode-ray tubes, monochrome",broad_prefix_expansion,yes,screening_candidate_not_shipment_evidence
China,CN,Electronics,2009-,2025,HS2022,127,85,854020,"854020 - Tubes; television camera tubes, image converters and intensifiers, other photo-cathode tubes",broad_prefix_expansion,yes,screening_candidate_not_shipment_evidence
China,CN,Electronics,2009-,2025,HS2022,127,85,854040,"854040 - Tubes; data/graphic display tubes, monochrome; data/graphic display tubes, colour, with a phosphor dot screen pitch smaller than 0.4mm",broad_prefix_expansion,yes,screening_candidate_not_shipment_evidence
China,CN,Electronics,2009-,2025,HS2022,127,85,854060,"854060 - Tubes; cathode ray, n.e.c. in heading no. 8540",broad_prefix_expansion,yes,screening_candidate_not_shipment_evidence
China,CN,Electronics,2009-,2025,HS2022,127,85,854071,"854071 - Tubes; microwave, magnetrons, excluding grid-controlled tubes",broad_prefix_expansion,yes,screening_candidate_not_shipment_evidence
China,CN,Electronics,2009-,2025,HS2022,127,85,854079,"854079 - Tubes; microwave (for example klystrons, travelling wave tubes, carlinotrons), excluding magnetrons and grid-controlled tubes",broad_prefix_expansion,yes,screening_candidate_not_shipment_evidence
China,CN,Electronics,2009-,2025,HS2022,127,85,854081,854081 - Valves and tubes; receiver or amplifier,broad_prefix_expansion,yes,screening_candidate_not_shipment_evidence
China,CN,Electronics,2009-,2025,HS2022,127,85,854089,854089 - Valves and tubes; n.e.c. in heading no. 8540,broad_prefix_expansion,yes,screening_candidate_not_shipment_evidence
China,CN,Electronics,2009-,2025,HS2022,127,85,854091,854091 - Tubes; parts of cathode-ray tubes,broad_prefix_expansion,yes,screening_candidate_not_shipment_evidence
China,CN,Electronics,2009-,2025,HS2022,127,85,854099,"854099 - Valves and tubes; parts of the valves and tubes of heading no. 8540, excluding parts of cathode-ray tubes",broad_prefix_expansion,yes,screening_candidate_not_shipment_evidence
China,CN,Electronics,2009-,2025,HS2022,127,85,854110,"854110 - Electrical apparatus; diodes, other than photosensitive or light-emitting diodes (LED)",broad_prefix_expansion,yes,screening_candidate_not_shipment_evidence
China,CN,Electronics,2009-,2025,HS2022,127,85,854121,"854121 - Electrical apparatus; transistors, (other than photosensitive), with a dissipation rate of less than 1W",broad_prefix_expansion,yes,screening_candidate_not_shipment_evidence
China,CN,Electronics,2009-,2025,HS2022,127,85,854129,"854129 - Electrical apparatus; transistors, (other than photosensitive), with a dissipation rate of 1W or more",broad_prefix_expansion,yes,screening_candidate_not_shipment_evidence
China,CN,Electronics,2009-,2025,HS2022,127,85,854130,"854130 - Electrical apparatus; thyristors, diacs and triacs, other than photosensitive devices",broad_prefix_expansion,yes,screening_candidate_not_shipment_evidence
China,CN,Electronics,2009-,2025,HS2022,127,85,854141,"854141 - Electrical apparatus; photosensitive semiconductor devices, light emitting diodes (LED)",broad_prefix_expansion,yes,screening_candidate_not_shipment_evidence
China,CN,Electronics,2009-,2025,HS2022,127,85,854142,"854142 - Electrical apparatus; photosensitive semiconductor devices, photovoltaic cells not assembled in modules or made up into panels",broad_prefix_expansion,yes,screening_candidate_not_shipment_evidence
China,CN,Electronics,2009-,2025,HS2022,127,85,854143,"854143 - Electrical apparatus; photosensitive semiconductor devices, photovoltaic cells assembled in modules or made up into panels",broad_prefix_expansion,yes,screening_candidate_not_shipment_evidence
China,CN,Electronics,2009-,2025,HS2022,127,85,854149,"854149 - Electrical apparatus; photosensitive semiconductor devices, diodes other than light emitting diodes and photovoltaic cells whether or not assembled in modules or made up into panels",broad_prefix_expansion,yes,screening_candidate_not_shipment_evidence
China,CN,Electronics,2009-,2025,HS2022,127,85,854151,"854151 - Electrical apparatus; photosensitive semiconductor devices, semiconductor-based transducers",broad_prefix_expansion,yes,screening_candidate_not_shipment_evidence
China,CN,Electronics,2009-,2025,HS2022,127,85,854159,854159 - Electrical apparatus; photosensitive semiconductor devices n.e.c. in heading no. 8541,broad_prefix_expansion,yes,screening_candidate_not_shipment_evidence
China,CN,Electronics,2009-,2025,HS2022,127,85,854160,854160 - Crystals; mounted piezo-electric,broad_prefix_expansion,yes,screening_candidate_not_shipment_evidence
China,CN,Electronics,2009-,2025,HS2022,127,85,854190,"854190 - Electrical apparatus; parts for diodes, transistors and similar semiconductor devices and photosensitive semiconductor devices",broad_prefix_expansion,yes,screening_candidate_not_shipment_evidence
China,CN,Electronics,2009-,2025,HS2022,127,85,854231,"854231 - Electronic integrated circuits; processors and controllers, whether or not combined with memories, converters, logic circuits, amplifiers, clock and timing circuits, or other circuits",broad_prefix_expansion,yes,screening_candidate_not_shipment_evidence
China,CN,Electronics,2009-,2025,HS2022,127,85,854232,854232 - Electronic integrated circuits; memories,broad_prefix_expansion,yes,screening_candidate_not_shipment_evidence
China,CN,Electronics,2009-,2025,HS2022,127,85,854233,854233 - Electronic integrated circuits; amplifiers,broad_prefix_expansion,yes,screening_candidate_not_shipment_evidence
China,CN,Electronics,2009-,2025,HS2022,127,85,854239,854239 - Electronic integrated circuits; n.e.c. in heading no. 8542,broad_prefix_expansion,yes,screening_candidate_not_shipment_evidence
China,CN,Electronics,2009-,2025,HS2022,127,85,854290,854290 - Parts of electronic integrated circuits,broad_prefix_expansion,yes,screening_candidate_not_shipment_evidence
China,CN,Electronics,2009-,2025,HS2022,127,85,854310,854310 - Electrical machines and apparatus; particle accelerators,broad_prefix_expansion,yes,screening_candidate_not_shipment_evidence
China,CN,Electronics,2009-,2025,HS2022,127,85,854320,854320 - Electrical machines and apparatus; signal generators,broad_prefix_expansion,yes,screening_candidate_not_shipment_evidence
China,CN,Electronics,2009-,2025,HS2022,127,85,854330,"854330 - Electrical machines and apparatus; for electroplating, electrolysis or electrophoresis",broad_prefix_expansion,yes,screening_candidate_not_shipment_evidence
China,CN,Electronics,2009-,2025,HS2022,127,85,854340,854340 - Electrical machines and apparatus; electronic cigarettes and similar personal electric vaporising devices,broad_prefix_expansion,yes,screening_candidate_not_shipment_evidence
China,CN,Electronics,2009-,2025,HS2022,127,85,854370,"854370 - Electrical machines and apparatus; having individual functions, not specified or included elsewhere in this chapter, n.e.c. in heading no. 8543",broad_prefix_expansion,yes,screening_candidate_not_shipment_evidence
China,CN,Electronics,2009-,2025,HS2022,127,85,854390,854390 - Electrical machines and apparatus; parts of the electrical goods of heading no. 8543,broad_prefix_expansion,yes,screening_candidate_not_shipment_evidence
China,CN,Electronics,2009-,2025,HS2022,127,85,854411,"854411 - Insulated electric conductors; winding wire, of copper",broad_prefix_expansion,yes,screening_candidate_not_shipment_evidence
China,CN,Electronics,2009-,2025,HS2022,127,85,854419,"854419 - Insulated electric conductors; winding wire, (of other than copper)",broad_prefix_expansion,yes,screening_candidate_not_shipment_evidence
China,CN,Electronics,2009-,2025,HS2022,127,85,854420,854420 - Insulated electric conductors; co-axial cable and other co-axial electric conductors,broad_prefix_expansion,yes,screening_candidate_not_shipment_evidence
China,CN,Electronics,2009-,2025,HS2022,127,85,854430,"854430 - Insulated electric conductors; ignition wiring sets and other wiring sets of a kind used in vehicles, aircraft or ships",broad_prefix_expansion,yes,screening_candidate_not_shipment_evidence
China,CN,Electronics,2009-,2025,HS2022,127,85,854442,"854442 - Insulated electric conductors; for a voltage not exceeding 1000 volts, fitted with connectors",broad_prefix_expansion,yes,screening_candidate_not_shipment_evidence
China,CN,Electronics,2009-,2025,HS2022,127,85,854449,"854449 - Insulated electric conductors; for a voltage not exceeding 1000 volts, not fitted with connectors",broad_prefix_expansion,yes,screening_candidate_not_shipment_evidence
China,CN,Electronics,2009-,2025,HS2022,127,85,854460,854460 - Insulated electric conductors; for a voltage exceeding 1000 volts,broad_prefix_expansion,yes,screening_candidate_not_shipment_evidence
China,CN,Electronics,2009-,2025,HS2022,127,85,854470,854470 - Insulated electric conductors; optical fibre cables,broad_prefix_expansion,yes,screening_candidate_not_shipment_evidence
China,CN,Electronics,2009-,2025,HS2022,127,85,854511,"854511 - Carbon electrodes; with or without metal, of a kind used for furnaces",broad_prefix_expansion,yes,screening_candidate_not_shipment_evidence
China,CN,Electronics,2009-,2025,HS2022,127,85,854519,"854519 - Carbon electrodes; with or without metal, of a kind used for other than furnaces",broad_prefix_expansion,yes,screening_candidate_not_shipment_evidence
China,CN,Electronics,2009-,2025,HS2022,127,85,854520,"854520 - Carbon brushes; with or without metal, used for electrical purposes",broad_prefix_expansion,yes,screening_candidate_not_shipment_evidence
China,CN,Electronics,2009-,2025,HS2022,127,85,854590,"854590 - Carbon; lamp carbons, battery carbons and other articles of graphite or other carbon, with or without metal, of a kind used for electrical purposes",broad_prefix_expansion,yes,screening_candidate_not_shipment_evidence
China,CN,Electronics,2009-,2025,HS2022,127,85,854610,854610 - Electrical insulators; of glass,broad_prefix_expansion,yes,screening_candidate_not_shipment_evidence
China,CN,Electronics,2009-,2025,HS2022,127,85,854620,854620 - Electrical insulators; of ceramics,broad_prefix_expansion,yes,screening_candidate_not_shipment_evidence
China,CN,Electronics,2009-,2025,HS2022,127,85,854690,854690 - Electrical insulators; other than of glass and ceramics,broad_prefix_expansion,yes,screening_candidate_not_shipment_evidence
China,CN,Electronics,2009-,2025,HS2022,127,85,854710,"854710 - Insulating fittings; of ceramics, for electrical machines, of insulating material only (except minor assembly parts), excluding those of heading no. 8546",broad_prefix_expansion,yes,screening_candidate_not_shipment_evidence
China,CN,Electronics,2009-,2025,HS2022,127,85,854720,"854720 - Insulating fittings; of plastics, for electrical machines, of insulating material only (except minor assembly parts), excluding those of heading no. 8546",broad_prefix_expansion,yes,screening_candidate_not_shipment_evidence
China,CN,Electronics,2009-,2025,HS2022,127,85,854790,"854790 - Insulating fittings; (other than of ceramics or plastics), for electrical machines, appliances and equipment, excluding insulators of heading no. 8546",broad_prefix_expansion,yes,screening_candidate_not_shipment_evidence
China,CN,Electronics,2009-,2025,HS2022,127,85,854800,854800 - Electrical parts of machinery or apparatus; not specified or elsewhere included in this chapter,broad_prefix_expansion,yes,screening_candidate_not_shipment_evidence
China,CN,Electronics,2009-,2025,HS2022,127,85,854911,854911 - Waste and scrap of lead-acid accumulators; spent lead-acid accumulators,broad_prefix_expansion,yes,screening_candidate_not_shipment_evidence
China,CN,Electronics,2009-,2025,HS2022,127,85,854912,"854912 - Waste and scrap; of primary cells, primary batteries and electric accumulators, spent or not, containing lead, cadmium or mercury, other than lead-acid accumulators",broad_prefix_expansion,yes,screening_candidate_not_shipment_evidence
China,CN,Electronics,2009-,2025,HS2022,127,85,854913,"854913 - Waste and scrap; of primary cells, primary batteries and electric accumulators, spent or not, sorted by chemical type and not containing lead, cadmium or mercury",broad_prefix_expansion,yes,screening_candidate_not_shipment_evidence
China,CN,Electronics,2009-,2025,HS2022,127,85,854914,"854914 - Waste and scrap; of primary cells, primary batteries and electric accumulators, spent or not, unsorted and not containing lead, cadmium or mercury",broad_prefix_expansion,yes,screening_candidate_not_shipment_evidence
China,CN,Electronics,2009-,2025,HS2022,127,85,854919,"854919 - Waste and scrap; of primary cells, primary batteries and electric accumulators, n.e.c. in item no 8549.1",broad_prefix_expansion,yes,screening_candidate_not_shipment_evidence
China,CN,Electronics,2009-,2025,HS2022,127,85,854921,"854921 - Electrical and electronic waste and scrap; of a kind used principally for the recovery of precious metal, containing primary cells and batteries, electric accumulators, mercury-switches, glass from cathode ray tubes or other activated glass, or electrical",broad_prefix_expansion,yes,screening_candidate_not_shipment_evidence
China,CN,Electronics,2009-,2025,HS2022,127,85,854929,854929 - Waste and scrap; of a kind used principally for the recovery of precious metal n.e.c. in item no 8549.21,broad_prefix_expansion,yes,screening_candidate_not_shipment_evidence
China,CN,Electronics,2009-,2025,HS2022,127,85,854931,"854931 - Electrical and electronic waste and scrap; electrical and electronic assemblies and printed circuit boards, other than those used principally for the recovery of precious metal, containing primary cells and batteries, electric accumulators, mercury-switch",broad_prefix_expansion,yes,screening_candidate_not_shipment_evidence
China,CN,Electronics,2009-,2025,HS2022,127,85,854939,"854939 - Waste and scrap; electrical and electronic assemblies and printed circuit boards, other than those used principally for the recovery of precious metal n.e.c. in item no 8549.31",broad_prefix_expansion,yes,screening_candidate_not_shipment_evidence
China,CN,Electronics,2009-,2025,HS2022,127,85,854991,854991 - Waste and scrap; n.e.c. in heading no 8549,broad_prefix_expansion,yes,screening_candidate_not_shipment_evidence
China,CN,Electronics,2009-,2025,HS2022,127,85,854999,854999 - Waste and scrap; n.e.c. in item no 8549.91,broad_prefix_expansion,yes,screening_candidate_not_shipment_evidence
China,CN,Fireworks,2009-,2025,HS2022,142,3604.1,360410,360410 - Pyrotechnic products; fireworks,broad_prefix_expansion,yes,screening_candidate_not_shipment_evidence
China,CN,Fish,2020-,2025,HS2022,143,0301,030111,"030111 - Fish; live, ornamental, freshwater",broad_prefix_expansion,yes,screening_candidate_not_shipment_evidence
China,CN,Fish,2020-,2025,HS2022,143,0301,030119,"030119 - Fish; live, ornamental, other than freshwater",broad_prefix_expansion,yes,screening_candidate_not_shipment_evidence
China,CN,Fish,2020-,2025,HS2022,143,0301,030191,"030191 - Fish; live, trout (Salmo trutta, Oncorhynchus mykiss, Oncorhynchus clarki, Oncorhynchus aguabonita, Oncorhynchus gilae, Oncorhynchus apache and Oncorhynchus chrysogaster)",broad_prefix_expansion,yes,screening_candidate_not_shipment_evidence
China,CN,Fish,2020-,2025,HS2022,143,0301,030192,"030192 - Fish; live, eels (Anguilla spp.)",broad_prefix_expansion,yes,screening_candidate_not_shipment_evidence
China,CN,Fish,2020-,2025,HS2022,143,0301,030193,"030193 - Fish; live, carp (Cyprinus spp., Carassius spp., Ctenopharyngodon idellus, Hypophthalmichthys spp., Cirrhinus spp., Mylopharyngodon piceus, Catla catla, Labeo spp., Osteochilus hasselti, Leptobarbus hoeveni, Megalobrama spp.)",broad_prefix_expansion,yes,screening_candidate_not_shipment_evidence
China,CN,Fish,2020-,2025,HS2022,143,0301,030194,"030194 - Fish; live, Atlantic and Pacific bluefin tunas (Thunnus thynnus, Thunnus orientalis)",broad_prefix_expansion,yes,screening_candidate_not_shipment_evidence
China,CN,Fish,2020-,2025,HS2022,143,0301,030195,"030195 - Fish; live, southern bluefin tunas (Thunnus maccoyii)",broad_prefix_expansion,yes,screening_candidate_not_shipment_evidence
China,CN,Fish,2020-,2025,HS2022,143,0301,030199,"030199 - Fish; live, n.e.c. in heading 0301",broad_prefix_expansion,yes,screening_candidate_not_shipment_evidence
China,CN,Fish,2020-,2025,HS2022,144,0302,030211,"030211 - Fish; fresh or chilled, trout (Salmo trutta, Oncorhynchus mykiss, Oncorhynchus clarki, Oncorhynchus aguabonita, Oncorhynchus gilae, Oncorhynchus apache and Oncorhynchus chrysogaster), excluding fillets, fish meat of 0304, and edible fish offal of 0302.9",broad_prefix_expansion,yes,screening_candidate_not_shipment_evidence
China,CN,Fish,2020-,2025,HS2022,144,0302,030213,"030213 - Fish; fresh or chilled, Pacific salmon (Oncorhynchus nerka, Oncorhynchus gorbuscha, Oncorhynchus keta, Oncorhynchus tschawytscha, Oncorhynchus kisutch, Oncorhynchus masou, Oncorhynchus rhodurus), not fillets, meat of 0304, and edible fish offal of 0302.9",broad_prefix_expansion,yes,screening_candidate_not_shipment_evidence
China,CN,Fish,2020-,2025,HS2022,144,0302,030214,"030214 - Fish; fresh or chilled, Atlantic salmon (Salmo salar) and Danube salmon (Hucho hucho), excluding fillets, fish meat of 0304, and edible fish offal of subheadings 0302.91 to 0302.99",broad_prefix_expansion,yes,screening_candidate_not_shipment_evidence
China,CN,Fish,2020-,2025,HS2022,144,0302,030219,"030219 - Fish; fresh or chilled, salmonidae, n.e.c. in item no. 0302.1, excluding fillets, fish meat of 0304, and edible fish offal of subheadings 0302.91 to 0302.99",broad_prefix_expansion,yes,screening_candidate_not_shipment_evidence
China,CN,Fish,2020-,2025,HS2022,144,0302,030221,"030221 - Fish; fresh or chilled, halibut (Reinhardtius hippoglossoides, Hippoglossus hippoglossus, Hippoglossus stenolepis), excluding fillets, fish meat of 0304, and edible fish offal of subheadings 0302.91 to 0302.99",broad_prefix_expansion,yes,screening_candidate_not_shipment_evidence
China,CN,Fish,2020-,2025,HS2022,144,0302,030222,"030222 - Fish; fresh or chilled, plaice (Pleuronectes platessa), excluding fillets, fish meat of 0304, and edible fish offal of subheadings 0302.91 to 0302.99",broad_prefix_expansion,yes,screening_candidate_not_shipment_evidence
China,CN,Fish,2020-,2025,HS2022,144,0302,030223,"030223 - Fish; fresh or chilled, sole (Solea spp.), excluding fillets, fish meat of 0304, and edible fish offal of subheadings 0302.91 to 0302.99",broad_prefix_expansion,yes,screening_candidate_not_shipment_evidence
China,CN,Fish,2020-,2025,HS2022,144,0302,030224,"030224 - Fish; fresh or chilled, turbots (Psetta maxima, Scophthalmidae), excluding fillets, fish meat of 0304, and edible fish offal of subheadings 0302.91 to 0302.99",broad_prefix_expansion,yes,screening_candidate_not_shipment_evidence
China,CN,Fish,2020-,2025,HS2022,144,0302,030229,"030229 - Fish; fresh or chilled, flat fish, n.e.c. in item no. 0302.2, excluding fillets, fish meat of 0304, and edible fish offal of subheadings 0302.91 to 0302.99",broad_prefix_expansion,yes,screening_candidate_not_shipment_evidence
China,CN,Fish,2020-,2025,HS2022,144,0302,030231,"030231 - Fish; fresh or chilled, albacore or longfinned tunas (Thunnus alalunga), excluding fillets, fish meat of 0304, and edible fish offal of subheadings 0302.91 to 0302.99",broad_prefix_expansion,yes,screening_candidate_not_shipment_evidence
China,CN,Fish,2020-,2025,HS2022,144,0302,030232,"030232 - Fish; fresh or chilled, yellowfin tunas (Thunnus albacares), excluding fillets, fish meat of 0304, and edible fish offal of subheadings 0302.91 to 0302.99",broad_prefix_expansion,yes,screening_candidate_not_shipment_evidence
China,CN,Fish,2020-,2025,HS2022,144,0302,030233,"030233 - Fish; fresh or chilled, skipjack tuna (stripe-bellied bonito) (Katsuwonus pelamis), excluding fillets, fish meat of 0304, and edible fish offal of subheadings 0302.91 to 0302.99",broad_prefix_expansion,yes,screening_candidate_not_shipment_evidence
China,CN,Fish,2020-,2025,HS2022,144,0302,030234,"030234 - Fish; fresh or chilled, bigeye tunas (Thunnus obesus), excluding fillets, fish meat of 0304, and edible fish offal of subheadings 0302.91 to 0302.99",broad_prefix_expansion,yes,screening_candidate_not_shipment_evidence
China,CN,Fish,2020-,2025,HS2022,144,0302,030235,"030235 - Fish; fresh or chilled, Atlantic and Pacific bluefin tunas (Thunnus thynnus, Thunnus orientalis), excluding fillets, fish meat of 0304, and edible fish offal of subheadings 0302.91 to 0302.99",broad_prefix_expansion,yes,screening_candidate_not_shipment_evidence
China,CN,Fish,2020-,2025,HS2022,144,0302,030236,"030236 - Fish; fresh or chilled, southern bluefin tunas (Thunnus maccoyii), excluding fillets, fish meat of 0304, and edible fish offal of subheadings 0302.91 to 0302.99",broad_prefix_expansion,yes,screening_candidate_not_shipment_evidence
China,CN,Fish,2020-,2025,HS2022,144,0302,030239,"030239 - Fish; fresh or chilled, tuna, n.e.c. in item no. 0302.3, excluding fillets, fish meat of 0304, and edible fish offal of subheadings 0302.91 to 0302.99",broad_prefix_expansion,yes,screening_candidate_not_shipment_evidence
China,CN,Fish,2020-,2025,HS2022,144,0302,030241,"030241 - Fish; fresh or chilled, herrings (Clupea harengus, Clupea pallasii), excluding fillets, fish meat of 0304, and edible fish offal of subheadings 0302.91 to 0302.99",broad_prefix_expansion,yes,screening_candidate_not_shipment_evidence
China,CN,Fish,2020-,2025,HS2022,144,0302,030242,"030242 - Fish; fresh or chilled, anchovies (Engraulis spp.), excluding fillets, fish meat of 0304, and edible fish offal of subheadings 0302.91 to 0302.99",broad_prefix_expansion,yes,screening_candidate_not_shipment_evidence
China,CN,Fish,2020-,2025,HS2022,144,0302,030243,"030243 - Fish; fresh or chilled, sardines (Sardina pilchardus, Sardinops spp.), sardinella (Sardinella spp.), brisling or sprats (Sprattus sprattus), excluding fillets, fish meat of 0304, and edible fish offal of subheadings 0302.91 to 0302.99",broad_prefix_expansion,yes,screening_candidate_not_shipment_evidence
China,CN,Fish,2020-,2025,HS2022,144,0302,030244,"030244 - Fish; fresh or chilled, mackerel (Scomber scombrus, Scomber australasicus, Scomber japonicus), excluding fillets, fish meat of 0304, and edible fish offal of subheadings 0302.91 to 0302.99",broad_prefix_expansion,yes,screening_candidate_not_shipment_evidence
China,CN,Fish,2020-,2025,HS2022,144,0302,030245,"030245 - Fish; fresh or chilled, jack and horse mackerel (Trachurus spp.), excluding fillets, fish meat of 0304, and edible fish offal of subheadings 0302.91 to 0302.99",broad_prefix_expansion,yes,screening_candidate_not_shipment_evidence
China,CN,Fish,2020-,2025,HS2022,144,0302,030246,"030246 - Fish; fresh or chilled, cobia (Rachycentron canadum), excluding fillets, fish meat of 0304, and edible fish offal of subheadings 0302.91 to 0302.99",broad_prefix_expansion,yes,screening_candidate_not_shipment_evidence
China,CN,Fish,2020-,2025,HS2022,144,0302,030247,"030247 - Fish; fresh or chilled, swordfish (Xiphias gladius), excluding fillets, fish meat of 0304, and edible fish offal of subheadings 0302.91 to 0302.99",broad_prefix_expansion,yes,screening_candidate_not_shipment_evidence
China,CN,Fish,2020-,2025,HS2022,144,0302,030249,"030249 - Fish; fresh or chilled, n.e.c. in item no. 0302.4, excluding fillets, fish meat of 0304, and edible fish offal of subheadings 0302.91 to 0302.99",broad_prefix_expansion,yes,screening_candidate_not_shipment_evidence
China,CN,Fish,2020-,2025,HS2022,144,0302,030251,"030251 - Fish; fresh or chilled, cod (Gadus morhua, Gadus ogac, Gadus macrocephalus), excluding fillets, fish meat of 0304, and edible fish offal of subheadings 0302.91 to 0302.99",broad_prefix_expansion,yes,screening_candidate_not_shipment_evidence
China,CN,Fish,2020-,2025,HS2022,144,0302,030252,"030252 - Fish; fresh or chilled, haddock (Melanogrammus aeglefinus), excluding fillets, fish meat of 0304, and edible fish offal of subheadings 0302.91 to 0302.99",broad_prefix_expansion,yes,screening_candidate_not_shipment_evidence
China,CN,Fish,2020-,2025,HS2022,144,0302,030253,"030253 - Fish; fresh or chilled, coalfish (Pollachius virens), excluding fillets, fish meat of 0304, and edible fish offal of subheadings 0302.91 to 0302.99",broad_prefix_expansion,yes,screening_candidate_not_shipment_evidence
China,CN,Fish,2020-,2025,HS2022,144,0302,030254,"030254 - Fish; fresh or chilled, hake (Merluccius spp., Urophycis spp.), excluding fillets, fish meat of 0304, and edible fish offal of subheadings 0302.91 to 0302.99",broad_prefix_expansion,yes,screening_candidate_not_shipment_evidence
China,CN,Fish,2020-,2025,HS2022,144,0302,030255,"030255 - Fish; fresh or chilled, Alaska pollock (Theragra chalcogramma), excluding fillets, fish meat of 0304, and edible fish offal of subheadings 0302.91 to 0302.99",broad_prefix_expansion,yes,screening_candidate_not_shipment_evidence
China,CN,Fish,2020-,2025,HS2022,144,0302,030256,"030256 - Fish; fresh or chilled, blue whitings (Micromesistius poutassou, Micromesistius australis),excluding fillets, fish meat of 0304, and edible fish offal of subheadings 0302.91 to 0302.99",broad_prefix_expansion,yes,screening_candidate_not_shipment_evidence
China,CN,Fish,2020-,2025,HS2022,144,0302,030259,"030259 - Fish; fresh or chilled, n.e.c. in item no. 0302.5, excluding fillets, fish meat of 0304, and edible fish offal of subheadings 0302.91 to 0302.99",broad_prefix_expansion,yes,screening_candidate_not_shipment_evidence
China,CN,Fish,2020-,2025,HS2022,144,0302,030271,"030271 - Fish; fresh or chilled, tilapias (Oreochromis spp.), excluding fillets, fish meat of 0304, and edible fish offal of subheadings 0302.91 to 0302.99",broad_prefix_expansion,yes,screening_candidate_not_shipment_evidence
China,CN,Fish,2020-,2025,HS2022,144,0302,030272,"030272 - Fish; fresh or chilled, catfish (Pangasius spp., Silurus spp., Clarias spp., Ictalurus spp.), excluding fillets, fish meat of 0304, and edible fish offal of subheadings 0302.91 to 0302.99",broad_prefix_expansion,yes,screening_candidate_not_shipment_evidence
China,CN,Fish,2020-,2025,HS2022,144,0302,030273,"030273 - Fish; fresh or chilled, Carp (as specified by the WCO.), excluding fillets, fish meat of 0304, and edible fish offal of subheadings 0302.91 to 0302.99",broad_prefix_expansion,yes,screening_candidate_not_shipment_evidence
China,CN,Fish,2020-,2025,HS2022,144,0302,030274,"030274 - Fish; fresh or chilled, eels (Anguilla spp.), excluding fillets, fish meat of 0304, and edible fish offal of subheadings 0302.91 to 0302.99",broad_prefix_expansion,yes,screening_candidate_not_shipment_evidence
China,CN,Fish,2020-,2025,HS2022,144,0302,030279,"030279 - Fish; fresh or chilled, Nile perch (Lates niloticus) and snakeheads (Channa spp.), excluding fillets, fish meat of 0304, and edible fish offal of subheadings 0302.91 to 0302.99",broad_prefix_expansion,yes,screening_candidate_not_shipment_evidence
China,CN,Fish,2020-,2025,HS2022,144,0302,030281,"030281 - Fish; fresh or chilled, dogfish and other sharks, excluding fillets, fish meat of 0304, and edible fish offal of subheadings 0302.91 to 0302.99",broad_prefix_expansion,yes,screening_candidate_not_shipment_evidence
China,CN,Fish,2020-,2025,HS2022,144,0302,030282,"030282 - Fish; fresh or chilled, rays and skates (Rajidae), excluding fillets, fish meat of 0304, and edible fish offal of subheadings 0302.91 to 0302.99",broad_prefix_expansion,yes,screening_candidate_not_shipment_evidence
China,CN,Fish,2020-,2025,HS2022,144,0302,030283,"030283 - Fish; fresh or chilled, toothfish (Dissostichus spp.), excluding fillets, fish meat of 0304, and edible fish offal of subheadings 0302.91 to 0302.99",broad_prefix_expansion,yes,screening_candidate_not_shipment_evidence
China,CN,Fish,2020-,2025,HS2022,144,0302,030284,"030284 - Fish; fresh or chilled, seabass (Dicentrarchus spp.), excluding fillets, fish meat of 0304, and edible fish offal of subheadings 0302.91 to 0302.99",broad_prefix_expansion,yes,screening_candidate_not_shipment_evidence
China,CN,Fish,2020-,2025,HS2022,144,0302,030285,"030285 - Fish; fresh or chilled, seabream (Sparidae), excluding fillets, fish meat of 0304, and edible fish offal of subheadings 0302.91 to 0302.99",broad_prefix_expansion,yes,screening_candidate_not_shipment_evidence
China,CN,Fish,2020-,2025,HS2022,144,0302,030289,"030289 - Fish; fresh or chilled, n.e.c. in heading 0302, excluding fillets, fish meat of 0304, and edible fish offal of subheadings 0302.91 to 0302.99",broad_prefix_expansion,yes,screening_candidate_not_shipment_evidence
China,CN,Fish,2020-,2025,HS2022,144,0302,030291,"030291 - Fish; fresh or chilled, livers, roes and milt",broad_prefix_expansion,yes,screening_candidate_not_shipment_evidence
China,CN,Fish,2020-,2025,HS2022,144,0302,030292,"030292 - Fish; fresh or chilled, shark fins",broad_prefix_expansion,yes,screening_candidate_not_shipment_evidence
China,CN,Fish,2020-,2025,HS2022,144,0302,030299,"030299 - Fish; fresh or chilled, fish fins (other than shark fins), heads, tails, maws and other edible fish offal",broad_prefix_expansion,yes,screening_candidate_not_shipment_evidence
China,CN,Fish,2020-,2025,HS2022,145,0303,030311,"030311 - Fish; frozen, Pacific salmon, sockeye salmon (red salmon) (Oncorhynchus nerka), excluding fillets, fish meat of 0304, and edible fish offal of subheadings 0303.91 to 0303.99",broad_prefix_expansion,yes,screening_candidate_not_shipment_evidence
China,CN,Fish,2020-,2025,HS2022,145,0303,030312,"030312 - Fish; frozen, Pacific salmon (Oncorhynchus gorbuscha/keta/tschawytscha/ kisutch/masou/rhodurus) other than sockeye salmon (Oncorhynchus nerka), excluding fillets, fish meat of 0304, and edible fish offal of subheadings 0303.91 to 0303.99",broad_prefix_expansion,yes,screening_candidate_not_shipment_evidence
China,CN,Fish,2020-,2025,HS2022,145,0303,030313,"030313 - Fish; frozen, Atlantic salmon (Salmo salar) and Danube salmon (Hucho hucho), excluding fillets, fish meat of 0304, and edible fish offal of subheadings 0303.91 to 0303.99",broad_prefix_expansion,yes,screening_candidate_not_shipment_evidence
China,CN,Fish,2020-,2025,HS2022,145,0303,030314,"030314 - Fish; frozen, trout (Salmo trutta, Oncorhynchus mykiss, Oncorhynchus clarki, Oncorhynchus aguabonita, Oncorhynchus gilae, Oncorhynchus apache and Oncorhynchus chrysogaster), excluding fillets, meat of 0304, and edible fish offal of 0303.91 to 0303.99",broad_prefix_expansion,yes,screening_candidate_not_shipment_evidence
China,CN,Fish,2020-,2025,HS2022,145,0303,030319,"030319 - Fish; frozen, salmonidae, n.e.c. in item no. 0303.1, excluding fillets, fish meat of 0304, and edible fish offal of subheadings 0303.91 to 0303.99",broad_prefix_expansion,yes,screening_candidate_not_shipment_evidence
China,CN,Fish,2020-,2025,HS2022,145,0303,030323,"030323 - Fish; frozen, tilapias (Oreochromis spp.), excluding fillets, fish meat of 0304, and edible fish offal of subheadings 0303.91 to 0303.99",broad_prefix_expansion,yes,screening_candidate_not_shipment_evidence
China,CN,Fish,2020-,2025,HS2022,145,0303,030324,"030324 - Fish; frozen, catfish (Pangasius spp., Silurus spp., Clarias spp., Ictalurus spp.), excluding fillets, fish meat of 0304, and edible fish offal of subheadings 0303.91 to 0303.99",broad_prefix_expansion,yes,screening_candidate_not_shipment_evidence
China,CN,Fish,2020-,2025,HS2022,145,0303,030325,"030325 - Fish; frozen, carp (as specified by the WCO), excluding fillets, fish meat of 0304, and edible fish offal of subheadings 0303.91 to 0303.99",broad_prefix_expansion,yes,screening_candidate_not_shipment_evidence
China,CN,Fish,2020-,2025,HS2022,145,0303,030326,"030326 - Fish; frozen, eels (Anguilla spp.), excluding fillets, fish meat of 0304, and edible fish offal of subheadings 0303.91 to 0303.99",broad_prefix_expansion,yes,screening_candidate_not_shipment_evidence
China,CN,Fish,2020-,2025,HS2022,145,0303,030329,"030329 - Fish; frozen, Nile perch (Lates niloticus) and snakeheads (Channa spp.), excluding fillets, fish meat of 0304, and edible fish offal of subheadings 0303.91 to 0303.99",broad_prefix_expansion,yes,screening_candidate_not_shipment_evidence
China,CN,Fish,2020-,2025,HS2022,145,0303,030331,"030331 - Fish; frozen, halibut (Reinhardtius hippoglossoides, Hippoglossus hippoglossus, Hippoglossus stenolepis), excluding fillets, fish meat of 0304, and edible fish offal of subheadings 0303.91 to 0303.99",broad_prefix_expansion,yes,screening_candidate_not_shipment_evidence
China,CN,Fish,2020-,2025,HS2022,145,0303,030332,"030332 - Fish; frozen, plaice (Pleuronectes platessa), excluding fillets, fish meat of 0304, and edible fish offal of subheadings 0303.91 to 0303.99",broad_prefix_expansion,yes,screening_candidate_not_shipment_evidence
China,CN,Fish,2020-,2025,HS2022,145,0303,030333,"030333 - Fish; frozen, sole (Solea spp.), excluding fillets, fish meat of 0304, and edible fish offal of subheadings 0303.91 to 0303.99",broad_prefix_expansion,yes,screening_candidate_not_shipment_evidence
China,CN,Fish,2020-,2025,HS2022,145,0303,030334,"030334 - Fish; frozen, turbots (Psetta maxima, Scophthalmidae), excluding fillets, fish meat of 0304, and edible fish offal of subheadings 0303.91 to 0303.99",broad_prefix_expansion,yes,screening_candidate_not_shipment_evidence
China,CN,Fish,2020-,2025,HS2022,145,0303,030339,"030339 - Fish; frozen, flat fish, n.e.c. in item no. 0303.3, excluding fillets, fish meat of 0304, and edible fish offal of subheadings 0303.91 to 0303.99",broad_prefix_expansion,yes,screening_candidate_not_shipment_evidence
China,CN,Fish,2020-,2025,HS2022,145,0303,030341,"030341 - Fish; frozen, albacore or longfinned tunas (Thunnus alalunga), excluding fillets, fish meat of 0304, and edible fish offal of subheadings 0303.91 to 0303.99",broad_prefix_expansion,yes,screening_candidate_not_shipment_evidence
China,CN,Fish,2020-,2025,HS2022,145,0303,030342,"030342 - Fish; frozen, yellowfin tunas (Thunnus albacares), excluding fillets, fish meat of 0304, and edible fish offal of subheadings 0303.91 to 0303.99",broad_prefix_expansion,yes,screening_candidate_not_shipment_evidence
China,CN,Fish,2020-,2025,HS2022,145,0303,030343,"030343 - Fish; frozen, skipjack tuna (stripe-bellied bonito) (Katsuwonus pelamis), excluding fillets, fish meat of 0304, and edible fish offal of subheadings 0303.91 to 0303.99",broad_prefix_expansion,yes,screening_candidate_not_shipment_evidence
China,CN,Fish,2020-,2025,HS2022,145,0303,030344,"030344 - Fish; frozen, bigeye tunas (Thunnus obesus), excluding fillets, fish meat of 0304, and edible fish offal of subheadings 0303.91 to 0303.99",broad_prefix_expansion,yes,screening_candidate_not_shipment_evidence
China,CN,Fish,2020-,2025,HS2022,145,0303,030345,"030345 - Fish; frozen, Atlantic and Pacific bluefin tunas (Thunnus thynnus, Thunnus orientalis), excluding fillets, fish meat of 0304, and edible fish offal of subheadings 0303.91 to 0303.99",broad_prefix_expansion,yes,screening_candidate_not_shipment_evidence
China,CN,Fish,2020-,2025,HS2022,145,0303,030346,"030346 - Fish; frozen, southern bluefin tunas (Thunnus maccoyii), excluding fillets, fish meat of 0304, and edible fish offal of subheadings 0303.91 to 0303.99",broad_prefix_expansion,yes,screening_candidate_not_shipment_evidence
China,CN,Fish,2020-,2025,HS2022,145,0303,030349,"030349 - Fish; frozen, tuna, n.e.c. in item no. 0303.4, excluding fillets, fish meat of 0304, and edible fish offal of subheadings 0303.91 to 0303.99",broad_prefix_expansion,yes,screening_candidate_not_shipment_evidence
China,CN,Fish,2020-,2025,HS2022,145,0303,030351,"030351 - Fish; frozen, herrings (Clupea harengus, Clupea pallasii), excluding fillets, fish meat of 0304, and edible fish offal of subheadings 0303.91 to 0303.99",broad_prefix_expansion,yes,screening_candidate_not_shipment_evidence
China,CN,Fish,2020-,2025,HS2022,145,0303,030353,"030353 - Fish; frozen, sardines (Sardina pilchardus, Sardinops spp.), sardinella (Sardinella spp.), brisling or sprats (Sprattus sprattus), excluding fillets, fish meat of 0304, and edible fish offal of subheadings 0303.91 to 0303.99",broad_prefix_expansion,yes,screening_candidate_not_shipment_evidence
China,CN,Fish,2020-,2025,HS2022,145,0303,030354,"030354 - Fish; frozen, mackerel (Scomber scombrus, Scomber australasicus, Scomber japonicus), excluding fillets, fish meat of 0304, and edible fish offal of subheadings 0303.91 to 0303.99",broad_prefix_expansion,yes,screening_candidate_not_shipment_evidence
China,CN,Fish,2020-,2025,HS2022,145,0303,030355,"030355 - Fish; frozen, jack and horse mackerel (Trachurus spp.), excluding fillets, fish meat of 0304, and edible fish offal of subheadings 0303.91 to 0303.99",broad_prefix_expansion,yes,screening_candidate_not_shipment_evidence
China,CN,Fish,2020-,2025,HS2022,145,0303,030356,"030356 - Fish; frozen, cobia (Rachycentron canadum), excluding fillets, fish meat of 0304, and edible fish offal of subheadings 0303.91 to 0303.99",broad_prefix_expansion,yes,screening_candidate_not_shipment_evidence
China,CN,Fish,2020-,2025,HS2022,145,0303,030357,"030357 - Fish; frozen, swordfish (Xiphias gladius), excluding fillets, fish meat of 0304, and edible fish offal of subheadings 0303.91 to 0303.99",broad_prefix_expansion,yes,screening_candidate_not_shipment_evidence
China,CN,Fish,2020-,2025,HS2022,145,0303,030359,"030359 - Fish; frozen, n.e.c. in item no. 0303.5, excluding fillets, fish meat of 0304, and edible fish offal of subheadings 0303.91 to 0303.99",broad_prefix_expansion,yes,screening_candidate_not_shipment_evidence
China,CN,Fish,2020-,2025,HS2022,145,0303,030363,"030363 - Fish; frozen, cod (Gadus morhua, Gadus ogac, Gadus macrocephalus), excluding fillets, fish meat of 0304, and edible fish offal of subheadings 0303.91 to 0303.99",broad_prefix_expansion,yes,screening_candidate_not_shipment_evidence
China,CN,Fish,2020-,2025,HS2022,145,0303,030364,"030364 - Fish; frozen, haddock (Melanogrammus aeglefinus), excluding fillets, fish meat of 0304, and edible fish offal of subheadings 0303.91 to 0303.99",broad_prefix_expansion,yes,screening_candidate_not_shipment_evidence
China,CN,Fish,2020-,2025,HS2022,145,0303,030365,"030365 - Fish; frozen, coalfish (Pollachius virens), excluding fillets, fish meat of 0304, and edible fish offal of subheadings 0303.91 to 0303.99",broad_prefix_expansion,yes,screening_candidate_not_shipment_evidence
China,CN,Fish,2020-,2025,HS2022,145,0303,030366,"030366 - Fish; frozen, hake (Merluccius spp., Urophycis spp.), excluding fillets, fish meat of 0304, and edible fish offal of subheadings 0303.91 to 0303.99",broad_prefix_expansion,yes,screening_candidate_not_shipment_evidence
China,CN,Fish,2020-,2025,HS2022,145,0303,030367,"030367 - Fish; frozen, Alaska pollock (Theragra chalcogramma), excluding fillets, fish meat of 0304, and edible fish offal of subheadings 0303.91 to 0303.99",broad_prefix_expansion,yes,screening_candidate_not_shipment_evidence
China,CN,Fish,2020-,2025,HS2022,145,0303,030368,"030368 - Fish; frozen, blue whitings (Micromesistius poutassou, Micromesistius australis), excluding fillets, fish meat of 0304, and edible fish offal of subheadings 0303.91 to 0303.99",broad_prefix_expansion,yes,screening_candidate_not_shipment_evidence
China,CN,Fish,2020-,2025,HS2022,145,0303,030369,"030369 - Fish; frozen, of Bregmacerotidae, Euclichthyidae, Gadidae, Macrouridae, Melanonidae, Merlucciidae, Moridae, Muraenolepididae, other than cod, haddock, coalfish, hake, Alaska pollack, blue whitings, not fillets, meat of 0304, and edible offal of 0303.9",broad_prefix_expansion,yes,screening_candidate_not_shipment_evidence
China,CN,Fish,2020-,2025,HS2022,145,0303,030381,"030381 - Fish; frozen, dogfish and other sharks, excluding fillets, fish meat of 0304, and edible fish offal of subheadings 0303.91 to 0303.99",broad_prefix_expansion,yes,screening_candidate_not_shipment_evidence
China,CN,Fish,2020-,2025,HS2022,145,0303,030382,"030382 - Fish; frozen, rays and skates (Rajidae), excluding fillets, fish meat of 0304, and edible fish offal of subheadings 0303.91 to 0303.99",broad_prefix_expansion,yes,screening_candidate_not_shipment_evidence
China,CN,Fish,2020-,2025,HS2022,145,0303,030383,"030383 - Fish; frozen, toothfish (Dissostichus spp.), excluding fillets, livers, roes, and edible fish offal of subheadings 0303.91 to 0303.99",broad_prefix_expansion,yes,screening_candidate_not_shipment_evidence
China,CN,Fish,2020-,2025,HS2022,145,0303,030384,"030384 - Fish; frozen, seabass (Dicentrarchus spp.), excluding fillets, fish meat of 0304, and edible fish offal of subheadings 0303.91 to 0303.99",broad_prefix_expansion,yes,screening_candidate_not_shipment_evidence
China,CN,Fish,2020-,2025,HS2022,145,0303,030389,"030389 - Fish; frozen, n.e.c. in heading 0303, excluding fillets, fish meat of 0304, and edible fish offal of subheadings 0303.91 to 0303.99",broad_prefix_expansion,yes,screening_candidate_not_shipment_evidence
China,CN,Fish,2020-,2025,HS2022,145,0303,030391,"030391 - Fish; frozen, livers, roes and milt",broad_prefix_expansion,yes,screening_candidate_not_shipment_evidence
China,CN,Fish,2020-,2025,HS2022,145,0303,030392,"030392 - Fish; frozen, shark fins",broad_prefix_expansion,yes,screening_candidate_not_shipment_evidence
China,CN,Fish,2020-,2025,HS2022,145,0303,030399,"030399 - Fish; frozen, fish fins (other than shark fins), heads, tails, maws and other edible fish offal",broad_prefix_expansion,yes,screening_candidate_not_shipment_evidence
China,CN,Fish,2020-,2025,HS2022,146,0304,030431,"030431 - Fish fillets; fresh or chilled, tilapias (Oreochromis spp.)",broad_prefix_expansion,yes,screening_candidate_not_shipment_evidence
China,CN,Fish,2020-,2025,HS2022,146,0304,030432,"030432 - Fish fillets; fresh or chilled, catfish (Pangasius spp., Silurus spp., Clarias spp., Ictalurus spp.)",broad_prefix_expansion,yes,screening_candidate_not_shipment_evidence
China,CN,Fish,2020-,2025,HS2022,146,0304,030433,"030433 - Fish fillets; fresh or chilled, Nile perch (Lates niloticus)",broad_prefix_expansion,yes,screening_candidate_not_shipment_evidence
China,CN,Fish,2020-,2025,HS2022,146,0304,030439,"030439 - Fish fillets; fresh or chilled, carp (as specified by the WCO), eels (Anguilla spp.), and snakeheads (Channa spp.)",broad_prefix_expansion,yes,screening_candidate_not_shipment_evidence
China,CN,Fish,2020-,2025,HS2022,146,0304,030441,"030441 - Fish fillets; fresh or chilled, salmon, Pacific (Oncorhynchus nerka, Oncorhynchus gorbuscha, Oncorhynchus keta, Oncorhynchus tschawytscha, Oncorhynchus kisutch, Oncorhynchus masou and Oncorhynchus rhodurus), Atlantic (Salmo salar), Danube (Hucho hucho)",broad_prefix_expansion,yes,screening_candidate_not_shipment_evidence
China,CN,Fish,2020-,2025,HS2022,146,0304,030442,"030442 - Fish fillets; fresh or chilled, trout (Salmo trutta, Oncorhynchus mykiss, Oncorhynchus clarki, Oncorhynchus aguabonita, Oncorhynchus gilae, Oncorhynchus apache and Oncorhynchus chrysogaster)",broad_prefix_expansion,yes,screening_candidate_not_shipment_evidence
China,CN,Fish,2020-,2025,HS2022,146,0304,030443,"030443 - Fish fillets; fresh or chilled, flat fish (Pleuronectidae, Bothidae, Cynoglossidae, Soleidae, Scophthalmidae and Citharidae)",broad_prefix_expansion,yes,screening_candidate_not_shipment_evidence
China,CN,Fish,2020-,2025,HS2022,146,0304,030444,"030444 - Fish fillets; fresh or chilled, of the families Bregmacerotidae, Euclichthyidae, Gadidae, Macrouridae, Melanonidae, Merlucciidae, Moridae, and Muraenolepididae",broad_prefix_expansion,yes,screening_candidate_not_shipment_evidence
China,CN,Fish,2020-,2025,HS2022,146,0304,030445,"030445 - Fish fillets; fresh or chilled, swordfish (Xiphias gladius)",broad_prefix_expansion,yes,screening_candidate_not_shipment_evidence
China,CN,Fish,2020-,2025,HS2022,146,0304,030446,"030446 - Fish fillets; fresh or chilled, toothfish (Dissostichus spp.)",broad_prefix_expansion,yes,screening_candidate_not_shipment_evidence
China,CN,Fish,2020-,2025,HS2022,146,0304,030447,"030447 - Fish fillets; fresh or chilled, dogfish and other sharks",broad_prefix_expansion,yes,screening_candidate_not_shipment_evidence
China,CN,Fish,2020-,2025,HS2022,146,0304,030448,"030448 - Fish fillets; fresh or chilled, rays and skates (Rajidae)",broad_prefix_expansion,yes,screening_candidate_not_shipment_evidence
China,CN,Fish,2020-,2025,HS2022,146,0304,030449,"030449 - Fish fillets; fresh or chilled, other than fish of heading 0304.4",broad_prefix_expansion,yes,screening_candidate_not_shipment_evidence
China,CN,Fish,2020-,2025,HS2022,146,0304,030451,"030451 - Fish meat, excluding fillets, whether or not minced; fresh or chilled, tilapias, catfish, carp, eels, Nile perch, and snakeheads",broad_prefix_expansion,yes,screening_candidate_not_shipment_evidence
China,CN,Fish,2020-,2025,HS2022,146,0304,030452,"030452 - Fish meat, excluding fillets, whether or not minced; fresh or chilled, salmonidae",broad_prefix_expansion,yes,screening_candidate_not_shipment_evidence
China,CN,Fish,2020-,2025,HS2022,146,0304,030453,"030453 - Fish meat, excluding fillets, whether or not minced; fresh or chilled, of the families Bregmacerotidae, Euclichthyidae, Gadidae, Macrouridae, Melanonidae, Merlucciidae, Moridae, and Muraenolepididae",broad_prefix_expansion,yes,screening_candidate_not_shipment_evidence
China,CN,Fish,2020-,2025,HS2022,146,0304,030454,"030454 - Fish meat, excluding fillets, whether or not minced; fresh or chilled, swordfish (Xiphias gladius)",broad_prefix_expansion,yes,screening_candidate_not_shipment_evidence
China,CN,Fish,2020-,2025,HS2022,146,0304,030455,"030455 - Fish meat, excluding fillets, whether or not minced; fresh or chilled, toothfish (Dissostichus spp.)",broad_prefix_expansion,yes,screening_candidate_not_shipment_evidence
China,CN,Fish,2020-,2025,HS2022,146,0304,030456,"030456 - Fish meat; excluding fillets, whether or not minced; fresh or chilled, dogfish and other sharks",broad_prefix_expansion,yes,screening_candidate_not_shipment_evidence
China,CN,Fish,2020-,2025,HS2022,146,0304,030457,"030457 - Fish meat; excluding fillets, whether or not minced; fresh or chilled, rays and skates (Rajidae)",broad_prefix_expansion,yes,screening_candidate_not_shipment_evidence
China,CN,Fish,2020-,2025,HS2022,146,0304,030459,"030459 - Fish meat; excluding fillets, whether or not minced; fresh or chilled, of fish n.e.c. in item no. 0304.5",broad_prefix_expansion,yes,screening_candidate_not_shipment_evidence
China,CN,Fish,2020-,2025,HS2022,146,0304,030461,"030461 - Fish fillets; frozen, tilapias (Oreochromis spp.)",broad_prefix_expansion,yes,screening_candidate_not_shipment_evidence
China,CN,Fish,2020-,2025,HS2022,146,0304,030462,"030462 - Fish fillets; frozen, catfish (Pangasius spp., Silurus spp., Clarias spp., Ictalurus spp.)",broad_prefix_expansion,yes,screening_candidate_not_shipment_evidence
China,CN,Fish,2020-,2025,HS2022,146,0304,030463,"030463 - Fish fillets; frozen, Nile Perch (Lates niloticus)",broad_prefix_expansion,yes,screening_candidate_not_shipment_evidence
China,CN,Fish,2020-,2025,HS2022,146,0304,030469,"030469 - Fish fillets; frozen, carp (Cyprinus/Carassius/Ctenopharyngodon idellus/Hypophthalmichthys/Cirrhinus/Mylopharyngodon piceus/Catla catla/Labeo/Osteochilus hasselti/Leptobarbus hoeveni/Megalobrama), eels (Anguilla) and snakeheads (Channa)",broad_prefix_expansion,yes,screening_candidate_not_shipment_evidence
China,CN,Fish,2020-,2025,HS2022,146,0304,030471,"030471 - Fish fillets; frozen, cod (Gadus morhua, Gadus ogac, Gadus macrocephalus)",broad_prefix_expansion,yes,screening_candidate_not_shipment_evidence
China,CN,Fish,2020-,2025,HS2022,146,0304,030472,"030472 - Fish fillets; frozen, haddock (Melanogrammus aeglefinus)",broad_prefix_expansion,yes,screening_candidate_not_shipment_evidence
China,CN,Fish,2020-,2025,HS2022,146,0304,030473,"030473 - Fish fillets; frozen, coalfish (Pollachius virens)",broad_prefix_expansion,yes,screening_candidate_not_shipment_evidence
China,CN,Fish,2020-,2025,HS2022,146,0304,030474,"030474 - Fish fillets; frozen, hake (Merluccius spp., Urophycis spp.)",broad_prefix_expansion,yes,screening_candidate_not_shipment_evidence
China,CN,Fish,2020-,2025,HS2022,146,0304,030475,"030475 - Fish fillets; frozen, Alaska pollock (Theragra chalcogramma)",broad_prefix_expansion,yes,screening_candidate_not_shipment_evidence
China,CN,Fish,2020-,2025,HS2022,146,0304,030479,"030479 - Fish fillets; frozen, of the families Bregmacerotidae, Euclichthyidae, Gadidae, Macrouridae, Melanonidae, Merlucciidae, Moridae and Muraenolepididae other than cod, haddock, coalfish, hake, and Alaska pollock",broad_prefix_expansion,yes,screening_candidate_not_shipment_evidence
China,CN,Fish,2020-,2025,HS2022,146,0304,030481,"030481 - Fish fillets; frozen, salmon, Pacific (Oncorhynchus nerka, Oncorhynchus gorbuscha, Oncorhynchus keta, Oncorhynchus tschawytscha, Oncorhynchus kisutch, Oncorhynchus masou, Oncorhynchus rhodurus), Atlantic (Salmo salar), and Danube (Hucho hucho)",broad_prefix_expansion,yes,screening_candidate_not_shipment_evidence
China,CN,Fish,2020-,2025,HS2022,146,0304,030482,"030482 - Fish fillets; frozen, trout (Salmo trutta, Oncorhynchus mykiss, Oncorhynchus clarki, Oncorhynchus aguabonita, Oncorhynchus gilae, Oncorhynchus apache and Oncorhynchus chrysogaster)",broad_prefix_expansion,yes,screening_candidate_not_shipment_evidence
China,CN,Fish,2020-,2025,HS2022,146,0304,030483,"030483 - Fish fillets; frozen, flat fish (Pleuronectidae, Bothidae, Cynoglossidae, Soleidae, Scophthalmidae and Citharidae)",broad_prefix_expansion,yes,screening_candidate_not_shipment_evidence
China,CN,Fish,2020-,2025,HS2022,146,0304,030484,"030484 - Fish fillets; frozen, swordfish (Xiphias gladius)",broad_prefix_expansion,yes,screening_candidate_not_shipment_evidence
China,CN,Fish,2020-,2025,HS2022,146,0304,030485,"030485 - Fish fillets; frozen, toothfish (Dissostichus spp.)",broad_prefix_expansion,yes,screening_candidate_not_shipment_evidence
China,CN,Fish,2020-,2025,HS2022,146,0304,030486,"030486 - Fish fillets; frozen, herrings (Clupea harengus, Clupea pallasii)",broad_prefix_expansion,yes,screening_candidate_not_shipment_evidence
China,CN,Fish,2020-,2025,HS2022,146,0304,030487,"030487 - Fish fillets; frozen, tunas (of the genus Thunnus), skipjack tuna (stripe-bellied bonito) (Katsuwonus pelamis)",broad_prefix_expansion,yes,screening_candidate_not_shipment_evidence
China,CN,Fish,2020-,2025,HS2022,146,0304,030488,"030488 - Fish fillets; frozen, dogfish, other sharks, rays and skates (Rajidae)",broad_prefix_expansion,yes,screening_candidate_not_shipment_evidence
China,CN,Fish,2020-,2025,HS2022,146,0304,030489,"030489 - Fish fillets; frozen, of fish n.e.c. in heading 0304.8",broad_prefix_expansion,yes,screening_candidate_not_shipment_evidence
China,CN,Fish,2020-,2025,HS2022,146,0304,030491,"030491 - Fish meat, excluding fillets, whether or not minced; frozen, swordfish (Xiphias gladius)",broad_prefix_expansion,yes,screening_candidate_not_shipment_evidence
China,CN,Fish,2020-,2025,HS2022,146,0304,030492,"030492 - Fish meat, excluding fillets, whether or not minced; frozen, toothfish (Dissostichus spp.)",broad_prefix_expansion,yes,screening_candidate_not_shipment_evidence
China,CN,Fish,2020-,2025,HS2022,146,0304,030493,"030493 - Fish meat, excluding fillets, whether or not minced; frozen, tilapias, catfish, carp, eels, Nile perch, and snakeheads",broad_prefix_expansion,yes,screening_candidate_not_shipment_evidence
China,CN,Fish,2020-,2025,HS2022,146,0304,030494,"030494 - Fish meat, excluding fillets, whether or not minced; frozen, Alaska Pollock (Theragra chalcogramma)",broad_prefix_expansion,yes,screening_candidate_not_shipment_evidence
China,CN,Fish,2020-,2025,HS2022,146,0304,030495,"030495 - Fish meat, excluding fillets, whether or not minced; frozen, of the families Bregmacerotidae, Euclichthyidae, Gadidae, Macrouridae, Melanonidae, Merlucciidae, Moridae and Muraenolepididae, other than Alaska Pollock (Theragra chalcogramma)",broad_prefix_expansion,yes,screening_candidate_not_shipment_evidence
China,CN,Fish,2020-,2025,HS2022,146,0304,030496,"030496 - Fish meat, excluding fillets, whether or not minced; frozen, dogfish and other sharks",broad_prefix_expansion,yes,screening_candidate_not_shipment_evidence
China,CN,Fish,2020-,2025,HS2022,146,0304,030497,"030497 - Fish meat, excluding fillets, whether or not minced; frozen, rays and skates (Rajidae)",broad_prefix_expansion,yes,screening_candidate_not_shipment_evidence
China,CN,Fish,2020-,2025,HS2022,146,0304,030499,"030499 - Fish meat, excluding fillets, whether or not minced; frozen, n.e.c. in item no. 0304.9",broad_prefix_expansion,yes,screening_candidate_not_shipment_evidence
China,CN,Footwear,2009-,2025,HS2022,150,64,640110,"640110 - Footwear; waterproof with metal toe-cap, rubber or plastic outer soles and uppers (not assembled by stitch, rivet, nail, screw, plug or similar)",broad_prefix_expansion,yes,screening_candidate_not_shipment_evidence
China,CN,Footwear,2009-,2025,HS2022,150,64,640192,"640192 - Footwear; waterproof, covering the ankle (but not the knee), rubber or plastic outer soles and uppers (not assembled by stitch, rivet, nail, screw, plug or similar)",broad_prefix_expansion,yes,screening_candidate_not_shipment_evidence
China,CN,Footwear,2009-,2025,HS2022,150,64,640199,"640199 - Footwear; waterproof, n.e.c. in heading no. 6401, rubber or plastic outer soles and uppers (not assembled by stitch, rivet, nail, screw, plug or similar)",broad_prefix_expansion,yes,screening_candidate_not_shipment_evidence
China,CN,Footwear,2009-,2025,HS2022,150,64,640212,"640212 - Sports footwear; with outer soles and uppers of rubber or plastics, ski-boots, cross-country ski footwear and snowboard boots",broad_prefix_expansion,yes,screening_candidate_not_shipment_evidence
China,CN,Footwear,2009-,2025,HS2022,150,64,640219,"640219 - Sports footwear; (other than ski-boots, snowboard boots or cross-country ski footwear), with outer soles and uppers of rubber or plastics",broad_prefix_expansion,yes,screening_candidate_not_shipment_evidence
China,CN,Footwear,2009-,2025,HS2022,150,64,640220,"640220 - Footwear; with outer soles and uppers of rubber or plastics, upper straps or thongs assembled to the sole by plugs",broad_prefix_expansion,yes,screening_candidate_not_shipment_evidence
China,CN,Footwear,2009-,2025,HS2022,150,64,640291,"640291 - Footwear; n.e.c. in heading no. 6402, covering the ankle, with outer soles and uppers of rubber or plastics",broad_prefix_expansion,yes,screening_candidate_not_shipment_evidence
China,CN,Footwear,2009-,2025,HS2022,150,64,640299,"640299 - Footwear; n.e.c. in heading no. 6402, (other than just covering the ankle), with outer soles and uppers of rubber or plastics",broad_prefix_expansion,yes,screening_candidate_not_shipment_evidence
China,CN,Footwear,2009-,2025,HS2022,150,64,640312,"640312 - Sports footwear; with outer soles of rubber, plastics, leather or composition leather and uppers of leather, ski-boots, snowboard boots and cross-country ski footwear",broad_prefix_expansion,yes,screening_candidate_not_shipment_evidence
China,CN,Footwear,2009-,2025,HS2022,150,64,640319,"640319 - Sports footwear; (other than ski-boots, snowboard boots or cross-country ski footwear), with outer soles of rubber, plastics, leather or composition leather and uppers of leather",broad_prefix_expansion,yes,screening_candidate_not_shipment_evidence
China,CN,Footwear,2009-,2025,HS2022,150,64,640320,"640320 - Footwear; with outer soles of leather, uppers consisting of leather straps across instep and around the big toe",broad_prefix_expansion,yes,screening_candidate_not_shipment_evidence
China,CN,Footwear,2009-,2025,HS2022,150,64,640340,"640340 - Footwear; with metal toe-cap, outer soles of rubber, plastics, leather or composition leather, uppers of leather",broad_prefix_expansion,yes,screening_candidate_not_shipment_evidence
China,CN,Footwear,2009-,2025,HS2022,150,64,640351,"640351 - Footwear; n.e.c. in heading no. 6403, with outer soles and uppers of leather, covering the ankle",broad_prefix_expansion,yes,screening_candidate_not_shipment_evidence
China,CN,Footwear,2009-,2025,HS2022,150,64,640359,"640359 - Footwear; n.e.c. in heading no. 6403, (not covering the ankle), outer soles and uppers of leather",broad_prefix_expansion,yes,screening_candidate_not_shipment_evidence
China,CN,Footwear,2009-,2025,HS2022,150,64,640391,"640391 - Footwear; n.e.c. in heading no. 6403, covering the ankle, outer soles of rubber, plastics or composition leather, uppers of leather",broad_prefix_expansion,yes,screening_candidate_not_shipment_evidence
China,CN,Footwear,2009-,2025,HS2022,150,64,640399,"640399 - Footwear; n.e.c. in heading no. 6403, (not covering the ankle), outer soles of rubber, plastics or composition leather, uppers of leather",broad_prefix_expansion,yes,screening_candidate_not_shipment_evidence
China,CN,Footwear,2009-,2025,HS2022,150,64,640411,"640411 - Sports footwear; tennis shoes, basketball shoes, gym shoes, training shoes and the like, with outer soles of rubber or plastics and uppers of textile materials",broad_prefix_expansion,yes,screening_candidate_not_shipment_evidence
China,CN,Footwear,2009-,2025,HS2022,150,64,640419,"640419 - Footwear; (other than sportswear), with outer soles of rubber or plastics and uppers of textile materials",broad_prefix_expansion,yes,screening_candidate_not_shipment_evidence
China,CN,Footwear,2009-,2025,HS2022,150,64,640420,"640420 - Footwear; outer soles of leather or composition leather, uppers of textile materials",broad_prefix_expansion,yes,screening_candidate_not_shipment_evidence
China,CN,Footwear,2009-,2025,HS2022,150,64,640510,"640510 - Footwear; with uppers of leather or composition leather, n.e.c. in chapter 64",broad_prefix_expansion,yes,screening_candidate_not_shipment_evidence
China,CN,Footwear,2009-,2025,HS2022,150,64,640520,"640520 - Footwear; with uppers of textile materials, n.e.c. in chapter 64",broad_prefix_expansion,yes,screening_candidate_not_shipment_evidence
China,CN,Footwear,2009-,2025,HS2022,150,64,640590,640590 - Footwear; n.e.c. in chapter 64,broad_prefix_expansion,yes,screening_candidate_not_shipment_evidence
China,CN,Footwear,2009-,2025,HS2022,150,64,640610,"640610 - Footwear; parts, uppers and parts thereof, other than stiffeners",broad_prefix_expansion,yes,screening_candidate_not_shipment_evidence
China,CN,Footwear,2009-,2025,HS2022,150,64,640620,"640620 - Footwear; parts, outer soles and heels, of rubber or plastics",broad_prefix_expansion,yes,screening_candidate_not_shipment_evidence
China,CN,Footwear,2009-,2025,HS2022,150,64,640690,"640690 - Footwear; parts, n.e.c. in heading 6406",broad_prefix_expansion,yes,screening_candidate_not_shipment_evidence
China,CN,Garments,2009-,2025,HS2022,162,61,610120,"610120 - Coats; men's or boys' overcoats, car-coats, capes, anoraks, wind-jackets and similar articles, of cotton, knitted or crocheted (excluding those of heading no. 6103)",broad_prefix_expansion,yes,screening_candidate_not_shipment_evidence
China,CN,Garments,2009-,2025,HS2022,162,61,610130,"610130 - Coats; men's or boys' overcoats, car-coats, capes, anoraks, wind-jackets and similar articles, of man-made fibres, knitted or crocheted, (excluding those of heading no. 6103)",broad_prefix_expansion,yes,screening_candidate_not_shipment_evidence
China,CN,Garments,2009-,2025,HS2022,162,61,610190,"610190 - Coats; men's or boys' overcoats, car-coats, capes, anoraks, wind-jackets and similar articles, of textile materials n.e.c. in heading no. 6101, knitted or crocheted (excluding those of heading no. 6103)",broad_prefix_expansion,yes,screening_candidate_not_shipment_evidence
China,CN,Garments,2009-,2025,HS2022,162,61,610210,"610210 - Coats; women's or girls' overcoats, car-coats, capes, anoraks, wind-jackets and similar articles, of wool or fine animal hair, knitted or crocheted (excluding those of heading no. 6104)",broad_prefix_expansion,yes,screening_candidate_not_shipment_evidence
China,CN,Garments,2009-,2025,HS2022,162,61,610220,"610220 - Coats; women's or girls' overcoats, car-coats, capes, anoraks, wind-jackets and similar articles, of cotton, knitted or crocheted (excluding those of heading no. 6104)",broad_prefix_expansion,yes,screening_candidate_not_shipment_evidence
China,CN,Garments,2009-,2025,HS2022,162,61,610230,"610230 - Coats; women's or girls' overcoats, car-coats, capes, anoraks, wind-jackets and similar articles, of man-made fibres, knitted or crocheted (excluding those of heading no. 6104)",broad_prefix_expansion,yes,screening_candidate_not_shipment_evidence
China,CN,Garments,2009-,2025,HS2022,162,61,610290,"610290 - Coats; women's or girls' overcoats, car-coats, capes, anoraks, wind-jackets and similar articles, of textile materials n.e.c. in heading no. 6102, knitted or crocheted (excluding those of heading no. 6104)",broad_prefix_expansion,yes,screening_candidate_not_shipment_evidence
China,CN,Garments,2009-,2025,HS2022,162,61,610310,"610310 - Suits; men's or boys', knitted or crocheted",broad_prefix_expansion,yes,screening_candidate_not_shipment_evidence
China,CN,Garments,2009-,2025,HS2022,162,61,610322,"610322 - Ensembles; men's or boys', of cotton, knitted or crocheted",broad_prefix_expansion,yes,screening_candidate_not_shipment_evidence
China,CN,Garments,2009-,2025,HS2022,162,61,610323,"610323 - Ensembles; men's or boys', of synthetic fibres, knitted or crocheted",broad_prefix_expansion,yes,screening_candidate_not_shipment_evidence
China,CN,Garments,2009-,2025,HS2022,162,61,610329,"610329 - Ensembles; men's or boys', of textile materials (other than cotton or synthetic fibres), knitted or crocheted",broad_prefix_expansion,yes,screening_candidate_not_shipment_evidence
China,CN,Garments,2009-,2025,HS2022,162,61,610331,"610331 - Jackets and blazers; men's or boys', of wool or fine animal hair, knitted or crocheted",broad_prefix_expansion,yes,screening_candidate_not_shipment_evidence
China,CN,Garments,2009-,2025,HS2022,162,61,610332,"610332 - Jackets and blazers; men's or boys', of cotton, knitted or crocheted",broad_prefix_expansion,yes,screening_candidate_not_shipment_evidence
China,CN,Garments,2009-,2025,HS2022,162,61,610333,"610333 - Jackets and blazers; men's or boys', of synthetic fibres, knitted or crocheted",broad_prefix_expansion,yes,screening_candidate_not_shipment_evidence
China,CN,Garments,2009-,2025,HS2022,162,61,610339,"610339 - Jackets and blazers; men's or boys', of textile materials (other than wool or fine animal hair, cotton or synthetic fibres), knitted or crocheted",broad_prefix_expansion,yes,screening_candidate_not_shipment_evidence
China,CN,Garments,2009-,2025,HS2022,162,61,610341,"610341 - Trousers, bib and brace overalls, breeches and shorts; men's or boys', of wool or fine animal hair, knitted or crocheted",broad_prefix_expansion,yes,screening_candidate_not_shipment_evidence
China,CN,Garments,2009-,2025,HS2022,162,61,610342,"610342 - Trousers, bib and brace overalls, breeches and shorts; men's or boys', of cotton, knitted or crocheted",broad_prefix_expansion,yes,screening_candidate_not_shipment_evidence
China,CN,Garments,2009-,2025,HS2022,162,61,610343,"610343 - Trousers, bib and brace overalls, breeches and shorts; men's or boys', of synthetic fibres, knitted or crocheted",broad_prefix_expansion,yes,screening_candidate_not_shipment_evidence
China,CN,Garments,2009-,2025,HS2022,162,61,610349,"610349 - Trousers, bib and brace overalls, breeches and shorts; men's or boys', of textile materials (other than wool or fine animal hair, cotton or synthetic fibres), knitted or crocheted",broad_prefix_expansion,yes,screening_candidate_not_shipment_evidence
China,CN,Garments,2009-,2025,HS2022,162,61,610413,"610413 - Suits; women's or girls', of synthetic fibres, knitted or crocheted",broad_prefix_expansion,yes,screening_candidate_not_shipment_evidence
China,CN,Garments,2009-,2025,HS2022,162,61,610419,"610419 - Suits; women's or girls', of textile materials (other than synthetic fibres), knitted or crocheted",broad_prefix_expansion,yes,screening_candidate_not_shipment_evidence
China,CN,Garments,2009-,2025,HS2022,162,61,610422,"610422 - Ensembles; women's or girls', of cotton, knitted or crocheted",broad_prefix_expansion,yes,screening_candidate_not_shipment_evidence
China,CN,Garments,2009-,2025,HS2022,162,61,610423,"610423 - Ensembles; women's or girls', of synthetic fibres, knitted or crocheted",broad_prefix_expansion,yes,screening_candidate_not_shipment_evidence
China,CN,Garments,2009-,2025,HS2022,162,61,610429,"610429 - Ensembles; women's or girls', of textile materials (other than cotton or synthetic fibres), knitted or crocheted",broad_prefix_expansion,yes,screening_candidate_not_shipment_evidence
China,CN,Garments,2009-,2025,HS2022,162,61,610431,"610431 - Jackets; women's or girls', of wool or fine animal hair, knitted or crocheted",broad_prefix_expansion,yes,screening_candidate_not_shipment_evidence
China,CN,Garments,2009-,2025,HS2022,162,61,610432,"610432 - Jackets; women's or girls', of cotton, knitted or crocheted",broad_prefix_expansion,yes,screening_candidate_not_shipment_evidence
China,CN,Garments,2009-,2025,HS2022,162,61,610433,"610433 - Jackets; women's or girls', of synthetic fibres, knitted or crocheted",broad_prefix_expansion,yes,screening_candidate_not_shipment_evidence
China,CN,Garments,2009-,2025,HS2022,162,61,610439,"610439 - Jackets; women's or girls', of textile materials (other than wool or fine animal hair, cotton or synthetic fibres), knitted or crocheted",broad_prefix_expansion,yes,screening_candidate_not_shipment_evidence
China,CN,Garments,2009-,2025,HS2022,162,61,610441,"610441 - Dresses; women's or girls', of wool or fine animal hair, knitted or crocheted",broad_prefix_expansion,yes,screening_candidate_not_shipment_evidence
China,CN,Garments,2009-,2025,HS2022,162,61,610442,"610442 - Dresses; women's or girls', of cotton, knitted or crocheted",broad_prefix_expansion,yes,screening_candidate_not_shipment_evidence
China,CN,Garments,2009-,2025,HS2022,162,61,610443,"610443 - Dresses; women's or girls', of synthetic fibres, knitted or crocheted",broad_prefix_expansion,yes,screening_candidate_not_shipment_evidence
China,CN,Garments,2009-,2025,HS2022,162,61,610444,"610444 - Dresses; women's or girls', of artificial fibres, knitted or crocheted",broad_prefix_expansion,yes,screening_candidate_not_shipment_evidence
China,CN,Garments,2009-,2025,HS2022,162,61,610449,"610449 - Dresses; women's or girls', of textile materials (other than wool or fine animal hair, cotton, synthetic or artificial fibres), knitted or crocheted",broad_prefix_expansion,yes,screening_candidate_not_shipment_evidence
China,CN,Garments,2009-,2025,HS2022,162,61,610451,"610451 - Skirts and divided skirts; women's or girls', of wool or fine animal hair, knitted or crocheted",broad_prefix_expansion,yes,screening_candidate_not_shipment_evidence
China,CN,Garments,2009-,2025,HS2022,162,61,610452,"610452 - Skirts and divided skirts; women's or girls', of cotton, knitted or crocheted",broad_prefix_expansion,yes,screening_candidate_not_shipment_evidence
China,CN,Garments,2009-,2025,HS2022,162,61,610453,"610453 - Skirts and divided skirts; women's or girls', of synthetic fibres, knitted or crocheted",broad_prefix_expansion,yes,screening_candidate_not_shipment_evidence
China,CN,Garments,2009-,2025,HS2022,162,61,610459,"610459 - Skirts and divided skirts; women's or girls', of textile materials (other than wool or fine animal hair, cotton or synthetic fibres), knitted or crocheted",broad_prefix_expansion,yes,screening_candidate_not_shipment_evidence
China,CN,Garments,2009-,2025,HS2022,162,61,610461,"610461 - Trousers, bib and brace overalls, breeches and shorts; women's or girls', of wool or fine animal hair, knitted or crocheted",broad_prefix_expansion,yes,screening_candidate_not_shipment_evidence
China,CN,Garments,2009-,2025,HS2022,162,61,610462,"610462 - Trousers, bib and brace overalls, breeches and shorts; women's or girls', of cotton, knitted or crocheted",broad_prefix_expansion,yes,screening_candidate_not_shipment_evidence
China,CN,Garments,2009-,2025,HS2022,162,61,610463,"610463 - Trousers, bib and brace overalls, breeches and shorts; women's or girls', of synthetic fibres, knitted or crocheted",broad_prefix_expansion,yes,screening_candidate_not_shipment_evidence
China,CN,Garments,2009-,2025,HS2022,162,61,610469,"610469 - Trousers, bib and brace overalls, breeches and shorts; women's or girls', of textile materials (other than wool or fine animal hair, cotton or synthetic fibres), knitted or crocheted",broad_prefix_expansion,yes,screening_candidate_not_shipment_evidence
China,CN,Garments,2009-,2025,HS2022,162,61,610510,"610510 - Shirts; men's or boys', of cotton, knitted or crocheted",broad_prefix_expansion,yes,screening_candidate_not_shipment_evidence
China,CN,Garments,2009-,2025,HS2022,162,61,610520,"610520 - Shirts; men's or boys', of man-made fibres, knitted or crocheted",broad_prefix_expansion,yes,screening_candidate_not_shipment_evidence
China,CN,Garments,2009-,2025,HS2022,162,61,610590,"610590 - Shirts; men's or boys', of textile materials (other than cotton or man-made fibres), knitted or crocheted",broad_prefix_expansion,yes,screening_candidate_not_shipment_evidence
China,CN,Garments,2009-,2025,HS2022,162,61,610610,"610610 - Blouses, shirts and shirt-blouses; women's or girls', of cotton, knitted or crocheted",broad_prefix_expansion,yes,screening_candidate_not_shipment_evidence
China,CN,Garments,2009-,2025,HS2022,162,61,610620,"610620 - Blouses, shirts and shirt-blouses; women's or girls', of man-made fibres, knitted or crocheted",broad_prefix_expansion,yes,screening_candidate_not_shipment_evidence
China,CN,Garments,2009-,2025,HS2022,162,61,610690,"610690 - Blouses, shirts and shirt-blouses; women's or girls', of textile materials (other than cotton or man-made fibres), knitted or crocheted",broad_prefix_expansion,yes,screening_candidate_not_shipment_evidence
China,CN,Garments,2009-,2025,HS2022,162,61,610711,"610711 - Underpants and briefs; men's or boys', of cotton, knitted or crocheted",broad_prefix_expansion,yes,screening_candidate_not_shipment_evidence
China,CN,Garments,2009-,2025,HS2022,162,61,610712,"610712 - Underpants and briefs; men's or boys', of man-made fibres, knitted or crocheted",broad_prefix_expansion,yes,screening_candidate_not_shipment_evidence
China,CN,Garments,2009-,2025,HS2022,162,61,610719,"610719 - Underpants and briefs; men's or boys', of textile materials (other than cotton or man-made fibres), knitted or crocheted",broad_prefix_expansion,yes,screening_candidate_not_shipment_evidence
China,CN,Garments,2009-,2025,HS2022,162,61,610721,"610721 - Nightshirts and pyjamas; men's or boys', of cotton, knitted or crocheted",broad_prefix_expansion,yes,screening_candidate_not_shipment_evidence
China,CN,Garments,2009-,2025,HS2022,162,61,610722,"610722 - Nightshirts and pyjamas; men's or boys', of man-made fibres, knitted or crocheted",broad_prefix_expansion,yes,screening_candidate_not_shipment_evidence
China,CN,Garments,2009-,2025,HS2022,162,61,610729,"610729 - Nightshirts and pyjamas; men's or boys', of textile materials (other than cotton or man-made fibres), knitted or crocheted",broad_prefix_expansion,yes,screening_candidate_not_shipment_evidence
China,CN,Garments,2009-,2025,HS2022,162,61,610791,"610791 - Bathrobes, dressing gowns and similar articles; men's or boys', of cotton, knitted or crocheted",broad_prefix_expansion,yes,screening_candidate_not_shipment_evidence
China,CN,Garments,2009-,2025,HS2022,162,61,610799,"610799 - Bathrobes, dressing gowns and similar articles; men's or boys', of textile materials (other than cotton), knitted or crocheted",broad_prefix_expansion,yes,screening_candidate_not_shipment_evidence
China,CN,Garments,2009-,2025,HS2022,162,61,610811,"610811 - Slips and petticoats; women's or girls', of man-made fibres, knitted or crocheted",broad_prefix_expansion,yes,screening_candidate_not_shipment_evidence
China,CN,Garments,2009-,2025,HS2022,162,61,610819,"610819 - Slips and petticoats; women's or girls', of textile materials (other than man-made fibres), knitted or crocheted",broad_prefix_expansion,yes,screening_candidate_not_shipment_evidence
China,CN,Garments,2009-,2025,HS2022,162,61,610821,"610821 - Briefs and panties; women's or girls', of cotton, knitted or crocheted",broad_prefix_expansion,yes,screening_candidate_not_shipment_evidence
China,CN,Garments,2009-,2025,HS2022,162,61,610822,"610822 - Briefs and panties; women's or girls', of man-made fibres, knitted or crocheted",broad_prefix_expansion,yes,screening_candidate_not_shipment_evidence
China,CN,Garments,2009-,2025,HS2022,162,61,610829,"610829 - Briefs and panties; women's or girls', of textile materials (other than cotton or man-made fibres), knitted or crocheted",broad_prefix_expansion,yes,screening_candidate_not_shipment_evidence
China,CN,Garments,2009-,2025,HS2022,162,61,610831,"610831 - Nightdresses and pyjamas; women's or girls', of cotton, knitted or crocheted",broad_prefix_expansion,yes,screening_candidate_not_shipment_evidence
China,CN,Garments,2009-,2025,HS2022,162,61,610832,"610832 - Nightdresses and pyjamas; women's or girls', of man-made fibres, knitted or crocheted",broad_prefix_expansion,yes,screening_candidate_not_shipment_evidence
China,CN,Garments,2009-,2025,HS2022,162,61,610839,"610839 - Nightdresses and pyjamas; women's or girls', of textile materials (other than cotton or man-made fibres), knitted or crocheted",broad_prefix_expansion,yes,screening_candidate_not_shipment_evidence
China,CN,Garments,2009-,2025,HS2022,162,61,610891,"610891 - Negligees, bathrobes, dressing gowns and similar articles; women's or girls', of cotton, knitted or crocheted",broad_prefix_expansion,yes,screening_candidate_not_shipment_evidence
China,CN,Garments,2009-,2025,HS2022,162,61,610892,"610892 - Negligees, bathrobes, dressing gowns and similar articles; women's or girls', of man-made fibres, knitted or crocheted",broad_prefix_expansion,yes,screening_candidate_not_shipment_evidence
China,CN,Garments,2009-,2025,HS2022,162,61,610899,"610899 - Negligees, bathrobes, dressing gowns and similar articles; women's or girls', of textile materials (other than cotton or man-made fibres), knitted or crocheted",broad_prefix_expansion,yes,screening_candidate_not_shipment_evidence
China,CN,Garments,2009-,2025,HS2022,162,61,610910,"610910 - T-shirts, singlets and other vests; of cotton, knitted or crocheted",broad_prefix_expansion,yes,screening_candidate_not_shipment_evidence
China,CN,Garments,2009-,2025,HS2022,162,61,610990,"610990 - T-shirts, singlets and other vests; of textile materials (other than cotton), knitted or crocheted",broad_prefix_expansion,yes,screening_candidate_not_shipment_evidence
China,CN,Garments,2009-,2025,HS2022,162,61,611011,"611011 - Jerseys, pullovers, cardigans, waistcoats and similar articles; knitted or crocheted, of wool or fine animal hair",broad_prefix_expansion,yes,screening_candidate_not_shipment_evidence
China,CN,Garments,2009-,2025,HS2022,162,61,611012,"611012 - Jerseys, pullovers, cardigans, waistcoats and similar articles; knitted or crocheted, of fibres from kashmir (cashmere) goats",broad_prefix_expansion,yes,screening_candidate_not_shipment_evidence
China,CN,Garments,2009-,2025,HS2022,162,61,611019,"611019 - Jerseys, pullovers, cardigans, waistcoats and similar articles; knitted or crocheted, of fine animal hair other than that of kashmir (cashmere) goats",broad_prefix_expansion,yes,screening_candidate_not_shipment_evidence
China,CN,Garments,2009-,2025,HS2022,162,61,611020,"611020 - Jerseys, pullovers, cardigans, waistcoats and similar articles; of cotton, knitted or crocheted",broad_prefix_expansion,yes,screening_candidate_not_shipment_evidence
China,CN,Garments,2009-,2025,HS2022,162,61,611030,"611030 - Jerseys, pullovers, cardigans, waistcoats and similar articles; of man-made fibres, knitted or crocheted",broad_prefix_expansion,yes,screening_candidate_not_shipment_evidence
China,CN,Garments,2009-,2025,HS2022,162,61,611090,"611090 - Jerseys, pullovers, cardigans, waistcoats and similar articles; of textile materials (other than wool or fine animal hair, cotton or man-made fibres), knitted or crocheted",broad_prefix_expansion,yes,screening_candidate_not_shipment_evidence
China,CN,Garments,2009-,2025,HS2022,162,61,611120,"611120 - Garments and clothing accessories; babies', of cotton, knitted or crocheted",broad_prefix_expansion,yes,screening_candidate_not_shipment_evidence
China,CN,Garments,2009-,2025,HS2022,162,61,611130,"611130 - Garments and clothing accessories; babies', of synthetic fibres, knitted or crocheted",broad_prefix_expansion,yes,screening_candidate_not_shipment_evidence
China,CN,Garments,2009-,2025,HS2022,162,61,611190,"611190 - Garments and clothing accessories; babies', of textile materials (other than cotton or synthetic fibres), knitted or crocheted",broad_prefix_expansion,yes,screening_candidate_not_shipment_evidence
China,CN,Garments,2009-,2025,HS2022,162,61,611211,"611211 - Track suits; of cotton, knitted or crocheted",broad_prefix_expansion,yes,screening_candidate_not_shipment_evidence
China,CN,Garments,2009-,2025,HS2022,162,61,611212,"611212 - Track suits; of synthetic fibres, knitted or crocheted",broad_prefix_expansion,yes,screening_candidate_not_shipment_evidence
China,CN,Garments,2009-,2025,HS2022,162,61,611219,"611219 - Track suits; of textile materials (other than cotton or synthetic fibres), knitted or crocheted",broad_prefix_expansion,yes,screening_candidate_not_shipment_evidence
China,CN,Garments,2009-,2025,HS2022,162,61,611220,611220 - Ski suits; knitted or crocheted,broad_prefix_expansion,yes,screening_candidate_not_shipment_evidence
China,CN,Garments,2009-,2025,HS2022,162,61,611231,"611231 - Swimwear; men's or boys', of synthetic fibres, knitted or crocheted",broad_prefix_expansion,yes,screening_candidate_not_shipment_evidence
China,CN,Garments,2009-,2025,HS2022,162,61,611239,"611239 - Swimwear; men's or boys', of textile materials (other than synthetic fibres), knitted or crocheted",broad_prefix_expansion,yes,screening_candidate_not_shipment_evidence
China,CN,Garments,2009-,2025,HS2022,162,61,611241,"611241 - Swimwear; women's or girls', of synthetic fibres, knitted or crocheted",broad_prefix_expansion,yes,screening_candidate_not_shipment_evidence
China,CN,Garments,2009-,2025,HS2022,162,61,611249,"611249 - Swimwear; women's or girls', of textile materials (other than synthetic fibres), knitted or crocheted",broad_prefix_expansion,yes,screening_candidate_not_shipment_evidence
China,CN,Garments,2009-,2025,HS2022,162,61,611300,"611300 - Garments made up of knitted or crocheted fabrics of heading no. 5903, 5906 and 5907",broad_prefix_expansion,yes,screening_candidate_not_shipment_evidence
China,CN,Garments,2009-,2025,HS2022,162,61,611420,"611420 - Garments; of cotton, knitted or crocheted, n.e.c. in chapter 61",broad_prefix_expansion,yes,screening_candidate_not_shipment_evidence
China,CN,Garments,2009-,2025,HS2022,162,61,611430,"611430 - Garments; of man-made fibres, knitted or crocheted, n.e.c. in chapter 61",broad_prefix_expansion,yes,screening_candidate_not_shipment_evidence
China,CN,Garments,2009-,2025,HS2022,162,61,611490,"611490 - Garments; of textile materials (other than cotton or man-made fibres), knitted or crocheted, n.e.c. in chapter 61",broad_prefix_expansion,yes,screening_candidate_not_shipment_evidence
China,CN,Garments,2009-,2025,HS2022,162,61,611510,"611510 - Graduated compression hosiery (for example, stockings for varicose veins), knitted or crocheted",broad_prefix_expansion,yes,screening_candidate_not_shipment_evidence
China,CN,Garments,2009-,2025,HS2022,162,61,611521,"611521 - Hosiery; panty hose and tights (other than graduated compression hosiery), of synthetic fibres, measuring per single yarn less than 67 decitex, knitted or crocheted",broad_prefix_expansion,yes,screening_candidate_not_shipment_evidence
China,CN,Garments,2009-,2025,HS2022,162,61,611522,"611522 - Hosiery; panty hose and tights (other than graduated compression hosiery), of synthetic fibres, measuring per single yarn 67 decitex or more, knitted or crocheted",broad_prefix_expansion,yes,screening_candidate_not_shipment_evidence
China,CN,Garments,2009-,2025,HS2022,162,61,611529,"611529 - Hosiery; panty hose and tights (other than graduated compression hosiery), of textile materials (other than synthetic fibres), knitted or crocheted",broad_prefix_expansion,yes,screening_candidate_not_shipment_evidence
China,CN,Garments,2009-,2025,HS2022,162,61,611530,"611530 - Hosiery; women's, full-length or knee-length (other than graduated compression hosiery), measuring per single yarn less than 67 decitex, knitted or crocheted",broad_prefix_expansion,yes,screening_candidate_not_shipment_evidence
China,CN,Garments,2009-,2025,HS2022,162,61,611594,"611594 - Hosiery and footwear; without applied soles, of wool or fine animal hair, knitted or crocheted (excluding graduated compression hosiery, panty hose, tights, women's full or knee-length hosiery measuring per single yarn less than 67 decitex)",broad_prefix_expansion,yes,screening_candidate_not_shipment_evidence
China,CN,Garments,2009-,2025,HS2022,162,61,611595,"611595 - Hosiery and footwear; without applied soles, of cotton, knitted or crocheted (excluding graduated compression hosiery, panty hose, tights, full or knee-length hosiery measuring per single yarn less than 67 decitex)",broad_prefix_expansion,yes,screening_candidate_not_shipment_evidence
China,CN,Garments,2009-,2025,HS2022,162,61,611596,"611596 - Hosiery and footwear; without applied soles, of synthetic fibres, knitted or crocheted (excluding graduated compression hosiery, panty hose, tights, full or knee-length hosiery measuring per single yarn less than 67 decitex)",broad_prefix_expansion,yes,screening_candidate_not_shipment_evidence
China,CN,Garments,2009-,2025,HS2022,162,61,611599,"611599 - Hosiery and footwear; without applied soles, of textile materials n.e.c. in item no. 6115.9, knitted or crocheted (excluding graduated compression hosiery, panty hose, tights, full or knee-length hosiery measuring per single yarn less than 67 decitex)",broad_prefix_expansion,yes,screening_candidate_not_shipment_evidence
China,CN,Garments,2009-,2025,HS2022,162,61,611610,"611610 - Gloves, mittens and mitts; knitted or crocheted, impregnated, coated, covered or laminated with plastics or rubber",broad_prefix_expansion,yes,screening_candidate_not_shipment_evidence
China,CN,Garments,2009-,2025,HS2022,162,61,611691,"611691 - Gloves, mittens and mitts; of wool or fine animal hair, knitted or crocheted, (other than impregnated, coated, covered or laminated with plastics or rubber)",broad_prefix_expansion,yes,screening_candidate_not_shipment_evidence
China,CN,Garments,2009-,2025,HS2022,162,61,611692,"611692 - Gloves, mittens and mitts; of cotton, knitted or crocheted, (other than impregnated, coated, covered or laminated with plastics or rubber)",broad_prefix_expansion,yes,screening_candidate_not_shipment_evidence
China,CN,Garments,2009-,2025,HS2022,162,61,611693,"611693 - Gloves, mittens and mitts; of synthetic fibres, knitted or crocheted, (other than impregnated, coated, covered or laminated with plastics or rubber)",broad_prefix_expansion,yes,screening_candidate_not_shipment_evidence
China,CN,Garments,2009-,2025,HS2022,162,61,611699,"611699 - Gloves, mittens and mitts; of textile materials (other than wool or fine animal hair, cotton or synthetic fibres), knitted or crocheted, (other than impregnated, coated, covered or laminated with plastics or rubber)",broad_prefix_expansion,yes,screening_candidate_not_shipment_evidence
China,CN,Garments,2009-,2025,HS2022,162,61,611710,"611710 - Shawls, scarves, mufflers, mantillas, veils and the like; knitted or crocheted",broad_prefix_expansion,yes,screening_candidate_not_shipment_evidence
China,CN,Garments,2009-,2025,HS2022,162,61,611780,"611780 - Clothing accessories; knitted or crocheted, n.e.c. in heading no. 6117",broad_prefix_expansion,yes,screening_candidate_not_shipment_evidence
China,CN,Garments,2009-,2025,HS2022,162,61,611790,"611790 - Clothing; parts, knitted or crocheted",broad_prefix_expansion,yes,screening_candidate_not_shipment_evidence
China,CN,Garments,2009-,2025,HS2022,163,62,620120,"620120 - Coats; men's or boys', overcoats, raincoats, car-coats, capes, cloaks, anoraks (including ski-jackets) and similar articles, of wool or fine animal hair, other than those of heading no. 6203 (not knitted or crocheted)",broad_prefix_expansion,yes,screening_candidate_not_shipment_evidence
China,CN,Garments,2009-,2025,HS2022,163,62,620130,"620130 - Coats; men's or boys', overcoats, raincoats, car-coats, capes, cloaks, anoraks (including ski-jackets) and similar articles, of cotton, other than those of heading no. 6203 (not knitted or crocheted)",broad_prefix_expansion,yes,screening_candidate_not_shipment_evidence
China,CN,Garments,2009-,2025,HS2022,163,62,620140,"620140 - Coats; men's or boys', overcoats, raincoats, car-coats, capes, cloaks, anoraks (including ski-jackets) and similar articles, of man-made fibres, other than those of heading no. 6203 (not knitted or crocheted)",broad_prefix_expansion,yes,screening_candidate_not_shipment_evidence
China,CN,Garments,2009-,2025,HS2022,163,62,620190,"620190 - Coats; men's or boys', overcoats, rain-coats, car-coats, capes, cloaks and similar, of textile materials (other than wool, fine animal hair, cotton or man-made fibres), other than those of heading no. 6203 (not knitted or crocheted)",broad_prefix_expansion,yes,screening_candidate_not_shipment_evidence
China,CN,Garments,2009-,2025,HS2022,163,62,620220,"620220 - Coats; women's or girls', overcoats, raincoats, car-coats, capes, cloaks anoraks (including ski-jackets) and similar articles, of wool or fine animal hair, other than those of heading no. 6204 (not knitted or crocheted)",broad_prefix_expansion,yes,screening_candidate_not_shipment_evidence
China,CN,Garments,2009-,2025,HS2022,163,62,620230,"620230 - Coats; women's or girls', overcoats, raincoats, car-coats, capes, cloaks anoraks (including ski-jackets) and similar articles, of cotton, other than those of heading no. 6204 (not knitted or crocheted)",broad_prefix_expansion,yes,screening_candidate_not_shipment_evidence
China,CN,Garments,2009-,2025,HS2022,163,62,620240,"620240 - Coats; women's or girls', overcoats, raincoats, car-coats, capes, cloaks anoraks (including ski-jackets) and similar articles, of man-made fibres, other than those of heading no. 6204 (not knitted or crocheted)",broad_prefix_expansion,yes,screening_candidate_not_shipment_evidence
China,CN,Garments,2009-,2025,HS2022,163,62,620290,"620290 - Coats; women's or girls', overcoats, raincoats, car-coats, capes, cloaks and similar articles, of textile materials (other than wool, fine animal hair, cotton or man-made fibres), other than those of heading no. 6204 (not knitted or crocheted)",broad_prefix_expansion,yes,screening_candidate_not_shipment_evidence
China,CN,Garments,2009-,2025,HS2022,163,62,620311,"620311 - Suits; men's or boys', of wool or fine animal hair (not knitted or crocheted)",broad_prefix_expansion,yes,screening_candidate_not_shipment_evidence
China,CN,Garments,2009-,2025,HS2022,163,62,620312,"620312 - Suits; men's or boys', of synthetic fibres (not knitted or crocheted)",broad_prefix_expansion,yes,screening_candidate_not_shipment_evidence
China,CN,Garments,2009-,2025,HS2022,163,62,620319,"620319 - Suits; men's or boys', of textile materials n.e.c. in item no. 6203.1 (not knitted or crocheted)",broad_prefix_expansion,yes,screening_candidate_not_shipment_evidence
China,CN,Garments,2009-,2025,HS2022,163,62,620322,"620322 - Ensembles; men's or boys', of cotton (not knitted or crocheted)",broad_prefix_expansion,yes,screening_candidate_not_shipment_evidence
China,CN,Garments,2009-,2025,HS2022,163,62,620323,"620323 - Ensembles; men's or boys', of synthetic fibres (not knitted or crocheted)",broad_prefix_expansion,yes,screening_candidate_not_shipment_evidence
China,CN,Garments,2009-,2025,HS2022,163,62,620329,"620329 - Ensembles; men's or boys', of textile materials n.e.c. in item no. 6203.2 (not knitted or crocheted)",broad_prefix_expansion,yes,screening_candidate_not_shipment_evidence
China,CN,Garments,2009-,2025,HS2022,163,62,620331,"620331 - Jackets and blazers; men's or boys', of wool or fine animal hair (not knitted or crocheted)",broad_prefix_expansion,yes,screening_candidate_not_shipment_evidence
China,CN,Garments,2009-,2025,HS2022,163,62,620332,"620332 - Jackets and blazers; men's or boys', of cotton (not knitted or crocheted)",broad_prefix_expansion,yes,screening_candidate_not_shipment_evidence
China,CN,Garments,2009-,2025,HS2022,163,62,620333,"620333 - Jackets and blazers; men's or boys', of synthetic fibres (not knitted or crocheted)",broad_prefix_expansion,yes,screening_candidate_not_shipment_evidence
China,CN,Garments,2009-,2025,HS2022,163,62,620339,"620339 - Jackets and blazers; men's or boys', of textile materials n.e.c. in item no. 6203.3 (not knitted or crocheted)",broad_prefix_expansion,yes,screening_candidate_not_shipment_evidence
China,CN,Garments,2009-,2025,HS2022,163,62,620341,"620341 - Trousers, bib and brace overalls, breeches and shorts; men's or boys', of wool or fine animal hair (not knitted or crocheted)",broad_prefix_expansion,yes,screening_candidate_not_shipment_evidence
China,CN,Garments,2009-,2025,HS2022,163,62,620342,"620342 - Trousers, bib and brace overalls, breeches and shorts; men's or boys', of cotton (not knitted or crocheted)",broad_prefix_expansion,yes,screening_candidate_not_shipment_evidence
China,CN,Garments,2009-,2025,HS2022,163,62,620343,"620343 - Trousers, bib and brace overalls, breeches and shorts; men's or boys', of synthetic fibres (not knitted or crocheted)",broad_prefix_expansion,yes,screening_candidate_not_shipment_evidence
China,CN,Garments,2009-,2025,HS2022,163,62,620349,"620349 - Trousers, bib and brace overalls, breeches and shorts; men's or boys', of textile materials (other than wool, fine animal hair, cotton or synthetic fibres), (not knitted or crocheted)",broad_prefix_expansion,yes,screening_candidate_not_shipment_evidence
China,CN,Garments,2009-,2025,HS2022,163,62,620411,"620411 - Suits; women's or girls', of wool or fine animal hair (not knitted or crocheted)",broad_prefix_expansion,yes,screening_candidate_not_shipment_evidence
China,CN,Garments,2009-,2025,HS2022,163,62,620412,"620412 - Suits; women's or girls', of cotton (not knitted or crocheted)",broad_prefix_expansion,yes,screening_candidate_not_shipment_evidence
China,CN,Garments,2009-,2025,HS2022,163,62,620413,"620413 - Suits; women's or girls', of synthetic fibres (not knitted or crocheted)",broad_prefix_expansion,yes,screening_candidate_not_shipment_evidence
China,CN,Garments,2009-,2025,HS2022,163,62,620419,"620419 - Suits; women's or girls', of textile materials n.e.c. in item no. 6204.1 (not knitted or crocheted)",broad_prefix_expansion,yes,screening_candidate_not_shipment_evidence
China,CN,Garments,2009-,2025,HS2022,163,62,620421,"620421 - Ensembles; women's or girls', of wool or fine animal hair (not knitted or crocheted)",broad_prefix_expansion,yes,screening_candidate_not_shipment_evidence
China,CN,Garments,2009-,2025,HS2022,163,62,620422,"620422 - Ensembles; women's or girls', of cotton (not knitted or crocheted)",broad_prefix_expansion,yes,screening_candidate_not_shipment_evidence
China,CN,Garments,2009-,2025,HS2022,163,62,620423,"620423 - Ensembles; women's or girls', of synthetic fibres (not knitted or crocheted)",broad_prefix_expansion,yes,screening_candidate_not_shipment_evidence
China,CN,Garments,2009-,2025,HS2022,163,62,620429,"620429 - Ensembles; women's or girls', of textile materials n.e.c. in item no. 6204.2 (not knitted or crocheted)",broad_prefix_expansion,yes,screening_candidate_not_shipment_evidence
China,CN,Garments,2009-,2025,HS2022,163,62,620431,"620431 - Jackets and blazers; women's or girls', of wool or fine animal hair (not knitted or crocheted)",broad_prefix_expansion,yes,screening_candidate_not_shipment_evidence
China,CN,Garments,2009-,2025,HS2022,163,62,620432,"620432 - Jackets and blazers; women's or girls', of cotton (not knitted or crocheted)",broad_prefix_expansion,yes,screening_candidate_not_shipment_evidence
China,CN,Garments,2009-,2025,HS2022,163,62,620433,"620433 - Jackets and blazers; women's or girls', of synthetic fibres (not knitted or crocheted)",broad_prefix_expansion,yes,screening_candidate_not_shipment_evidence
China,CN,Garments,2009-,2025,HS2022,163,62,620439,"620439 - Jackets and blazers; women's or girls', of textile materials n.e.c. in item no. 6204.3 (not knitted or crocheted)",broad_prefix_expansion,yes,screening_candidate_not_shipment_evidence
China,CN,Garments,2009-,2025,HS2022,163,62,620441,"620441 - Dresses; women's or girls', of wool or fine animal hair (not knitted or crocheted)",broad_prefix_expansion,yes,screening_candidate_not_shipment_evidence
China,CN,Garments,2009-,2025,HS2022,163,62,620442,"620442 - Dresses; women's or girls', of cotton (not knitted or crocheted)",broad_prefix_expansion,yes,screening_candidate_not_shipment_evidence
China,CN,Garments,2009-,2025,HS2022,163,62,620443,"620443 - Dresses; women's or girls', of synthetic fibres (not knitted or crocheted)",broad_prefix_expansion,yes,screening_candidate_not_shipment_evidence
China,CN,Garments,2009-,2025,HS2022,163,62,620444,"620444 - Dresses; women's or girls', of artificial fibres (not knitted or crocheted)",broad_prefix_expansion,yes,screening_candidate_not_shipment_evidence
China,CN,Garments,2009-,2025,HS2022,163,62,620449,"620449 - Dresses; women's or girls', of textile materials n.e.c. in item no. 6204.4 (not knitted or crocheted)",broad_prefix_expansion,yes,screening_candidate_not_shipment_evidence
China,CN,Garments,2009-,2025,HS2022,163,62,620451,"620451 - Skirts and divided skirts; women's or girls', of wool or fine animal hair (not knitted or crocheted)",broad_prefix_expansion,yes,screening_candidate_not_shipment_evidence
China,CN,Garments,2009-,2025,HS2022,163,62,620452,"620452 - Skirts and divided skirts; women's or girls', of cotton (not knitted or crocheted)",broad_prefix_expansion,yes,screening_candidate_not_shipment_evidence
China,CN,Garments,2009-,2025,HS2022,163,62,620453,"620453 - Skirts and divided skirts; women's or girls', of synthetic fibres (not knitted or crocheted)",broad_prefix_expansion,yes,screening_candidate_not_shipment_evidence
China,CN,Garments,2009-,2025,HS2022,163,62,620459,"620459 - Skirts and divided skirts; women's or girls', of textile materials n.e.c. in item no. 6204.5 (not knitted or crocheted)",broad_prefix_expansion,yes,screening_candidate_not_shipment_evidence
China,CN,Garments,2009-,2025,HS2022,163,62,620461,"620461 - Trousers, bib and brace overalls, breeches and shorts; women's or girls', of wool or fine animal hair (not knitted or crocheted)",broad_prefix_expansion,yes,screening_candidate_not_shipment_evidence
China,CN,Garments,2009-,2025,HS2022,163,62,620462,"620462 - Trousers, bib and brace overalls, breeches and shorts; women's or girls', of cotton (not knitted or crocheted)",broad_prefix_expansion,yes,screening_candidate_not_shipment_evidence
China,CN,Garments,2009-,2025,HS2022,163,62,620463,"620463 - Trousers, bib and brace overalls, breeches and shorts; women's or girls', of synthetic fibres (not knitted or crocheted)",broad_prefix_expansion,yes,screening_candidate_not_shipment_evidence
China,CN,Garments,2009-,2025,HS2022,163,62,620469,"620469 - Trousers, bib and brace overalls, breeches and shorts; women's or girls', of textile materials (other than wool, fine animal hair, cotton or synthetic fibres), (not knitted or crocheted)",broad_prefix_expansion,yes,screening_candidate_not_shipment_evidence
China,CN,Garments,2009-,2025,HS2022,163,62,620520,"620520 - Shirts; men's or boys', of cotton (not knitted or crocheted)",broad_prefix_expansion,yes,screening_candidate_not_shipment_evidence
China,CN,Garments,2009-,2025,HS2022,163,62,620530,"620530 - Shirts; men's or boys', of man-made fibres (not knitted or crocheted)",broad_prefix_expansion,yes,screening_candidate_not_shipment_evidence
China,CN,Garments,2009-,2025,HS2022,163,62,620590,"620590 - Shirts; men's or boys', of textile materials n.e.c. in heading no. 6205 (not knitted or crocheted)",broad_prefix_expansion,yes,screening_candidate_not_shipment_evidence
China,CN,Garments,2009-,2025,HS2022,163,62,620610,"620610 - Blouses, shirts and shirt-blouses; women's or girls', of silk or silk waste (not knitted or crocheted)",broad_prefix_expansion,yes,screening_candidate_not_shipment_evidence
China,CN,Garments,2009-,2025,HS2022,163,62,620620,"620620 - Blouses, shirts and shirt-blouses; women's or girls', of wool or fine animal hair (not knitted or crocheted)",broad_prefix_expansion,yes,screening_candidate_not_shipment_evidence
China,CN,Garments,2009-,2025,HS2022,163,62,620630,"620630 - Blouses, shirts and shirt-blouses; women's or girls', of cotton (not knitted or crocheted)",broad_prefix_expansion,yes,screening_candidate_not_shipment_evidence
China,CN,Garments,2009-,2025,HS2022,163,62,620640,"620640 - Blouses, shirts and shirt-blouses; women's or girls', of man-made fibres (not knitted or crocheted)",broad_prefix_expansion,yes,screening_candidate_not_shipment_evidence
China,CN,Garments,2009-,2025,HS2022,163,62,620690,"620690 - Blouses, shirts and shirt-blouses; women's or girls', of textile materials n.e.c. in heading no. 6206 (not knitted or crocheted)",broad_prefix_expansion,yes,screening_candidate_not_shipment_evidence
China,CN,Garments,2009-,2025,HS2022,163,62,620711,"620711 - Underpants and briefs; men's or boys', of cotton (not knitted or crocheted)",broad_prefix_expansion,yes,screening_candidate_not_shipment_evidence
China,CN,Garments,2009-,2025,HS2022,163,62,620719,"620719 - Underpants and briefs; men's or boys', of textile materials other than cotton (not knitted or crocheted)",broad_prefix_expansion,yes,screening_candidate_not_shipment_evidence
China,CN,Garments,2009-,2025,HS2022,163,62,620721,"620721 - Nightshirts and pyjamas; men's or boys', of cotton (not knitted or crocheted)",broad_prefix_expansion,yes,screening_candidate_not_shipment_evidence
China,CN,Garments,2009-,2025,HS2022,163,62,620722,"620722 - Nightshirts and pyjamas; men's or boys', of man-made fibres (not knitted or crocheted)",broad_prefix_expansion,yes,screening_candidate_not_shipment_evidence
China,CN,Garments,2009-,2025,HS2022,163,62,620729,"620729 - Nightshirts and pyjamas; men's or boys', of textile materials other than cotton or man-made fibres (not knitted or crocheted)",broad_prefix_expansion,yes,screening_candidate_not_shipment_evidence
China,CN,Garments,2009-,2025,HS2022,163,62,620791,"620791 - Singlets and other vests, bathrobes, dressing gowns and similar articles; men's or boys', of cotton (not knitted or crocheted)",broad_prefix_expansion,yes,screening_candidate_not_shipment_evidence
China,CN,Garments,2009-,2025,HS2022,163,62,620799,"620799 - Singlets and other vests, bathrobes, dressing gowns and similar articles; men's or boys', of textile materials other than cotton (not knitted or crocheted)",broad_prefix_expansion,yes,screening_candidate_not_shipment_evidence
China,CN,Garments,2009-,2025,HS2022,163,62,620811,"620811 - Slips and petticoats; women's or girls', of man-made fibres (not knitted or crocheted)",broad_prefix_expansion,yes,screening_candidate_not_shipment_evidence
China,CN,Garments,2009-,2025,HS2022,163,62,620819,"620819 - Slips and petticoats; women's or girls', of textile materials other than man-made fibres (not knitted or crocheted)",broad_prefix_expansion,yes,screening_candidate_not_shipment_evidence
China,CN,Garments,2009-,2025,HS2022,163,62,620821,"620821 - Nightdresses and pyjamas; women's or girls', of cotton (not knitted or crocheted)",broad_prefix_expansion,yes,screening_candidate_not_shipment_evidence
China,CN,Garments,2009-,2025,HS2022,163,62,620822,"620822 - Nightdresses and pyjamas; women's or girls', of man-made fibres (not knitted or crocheted)",broad_prefix_expansion,yes,screening_candidate_not_shipment_evidence
China,CN,Garments,2009-,2025,HS2022,163,62,620829,"620829 - Nightdresses and pyjamas; women's or girls', of textile materials other than cotton or man-made fibres (not knitted or crocheted)",broad_prefix_expansion,yes,screening_candidate_not_shipment_evidence
China,CN,Garments,2009-,2025,HS2022,163,62,620891,"620891 - Singlets and other vests, briefs, panties, negligees, bathrobes, dressing gowns and similar articles; women's or girls', of cotton (not knitted or crocheted)",broad_prefix_expansion,yes,screening_candidate_not_shipment_evidence
China,CN,Garments,2009-,2025,HS2022,163,62,620892,"620892 - Singlets and other vests, briefs, panties, negligees, bathrobes, dressing gowns etc.; women's or girls', of man-made fibres (not knitted or crocheted), excluding incontinence or other sanitary garments or garment liners of heading no. 96.19",broad_prefix_expansion,yes,screening_candidate_not_shipment_evidence
China,CN,Garments,2009-,2025,HS2022,163,62,620899,"620899 - Singlets and other vests, briefs, panties, negligees, bathrobes, dressing gowns and similar articles; women's or girls', of textile materials other than cotton or man-made fibres (not knitted or crocheted)",broad_prefix_expansion,yes,screening_candidate_not_shipment_evidence
China,CN,Garments,2009-,2025,HS2022,163,62,620920,"620920 - Garments and clothing accessories; babies', of cotton (not knitted or crocheted)",broad_prefix_expansion,yes,screening_candidate_not_shipment_evidence
China,CN,Garments,2009-,2025,HS2022,163,62,620930,"620930 - Garments and clothing accessories; babies', of synthetic fibres (not knitted or crocheted)",broad_prefix_expansion,yes,screening_candidate_not_shipment_evidence
China,CN,Garments,2009-,2025,HS2022,163,62,620990,"620990 - Garments and clothing accessories; babies', of textile materials other than cotton or synthetic fibres (not knitted or crocheted)",broad_prefix_expansion,yes,screening_candidate_not_shipment_evidence
China,CN,Garments,2009-,2025,HS2022,163,62,621010,621010 - Garments; of felt or non-wovens (not knitted or crocheted),broad_prefix_expansion,yes,screening_candidate_not_shipment_evidence
China,CN,Garments,2009-,2025,HS2022,163,62,621020,"621020 - Garments; overcoats, raincoats, car-coats, capes, cloaks, anoraks (including ski-jackets) and similar articles, men's or boys', of the fabrics of heading no. 5602, 5603, 5903, 5906 or 5907 (not knitted or crocheted)",broad_prefix_expansion,yes,screening_candidate_not_shipment_evidence
China,CN,Garments,2009-,2025,HS2022,163,62,621030,"621030 - Garments; overcoats, raincoats, car-coats, capes, cloaks, anoraks (including ski-jackets) and similar articles, women's or girls', of the fabrics of heading no. 5602, 5603, 5903, 5906 or 5907 (not knitted or crocheted)",broad_prefix_expansion,yes,screening_candidate_not_shipment_evidence
China,CN,Garments,2009-,2025,HS2022,163,62,621040,"621040 - Garments; men's or boys', n.e.c. in item no. 6210.2, of the fabrics of heading no. 5602, 5603, 5903, 5906 or 5907 (not knitted or crocheted)",broad_prefix_expansion,yes,screening_candidate_not_shipment_evidence
China,CN,Garments,2009-,2025,HS2022,163,62,621050,"621050 - Garments; women's or girls', n.e.c. in item no. 6210.3, of the fabrics of heading no. 5602, 5603, 5903, 5906 or 5907 (not knitted or crocheted)",broad_prefix_expansion,yes,screening_candidate_not_shipment_evidence
China,CN,Garments,2009-,2025,HS2022,163,62,621111,"621111 - Swimwear; men's or boys', (not knitted or crocheted)",broad_prefix_expansion,yes,screening_candidate_not_shipment_evidence
China,CN,Garments,2009-,2025,HS2022,163,62,621112,"621112 - Swimwear; women's or girls', (not knitted or crocheted)",broad_prefix_expansion,yes,screening_candidate_not_shipment_evidence
China,CN,Garments,2009-,2025,HS2022,163,62,621120,621120 - Ski suits; (not knitted or crocheted),broad_prefix_expansion,yes,screening_candidate_not_shipment_evidence
China,CN,Garments,2009-,2025,HS2022,163,62,621132,"621132 - Track suits and other garments n.e.c.; men's or boys', of cotton (not knitted or crocheted)",broad_prefix_expansion,yes,screening_candidate_not_shipment_evidence
China,CN,Garments,2009-,2025,HS2022,163,62,621133,"621133 - Track suits and other garments n.e.c.; men's or boys', of man-made fibres (not knitted or crocheted)",broad_prefix_expansion,yes,screening_candidate_not_shipment_evidence
China,CN,Garments,2009-,2025,HS2022,163,62,621139,"621139 - Track suits and other garments n.e.c.; men's or boys', of textile materials n.e.c. in item no. 6211.3 (not knitted or crocheted)",broad_prefix_expansion,yes,screening_candidate_not_shipment_evidence
China,CN,Garments,2009-,2025,HS2022,163,62,621142,"621142 - Track suits and other garments n.e.c.; women's or girls', of cotton (not knitted or crocheted)",broad_prefix_expansion,yes,screening_candidate_not_shipment_evidence
China,CN,Garments,2009-,2025,HS2022,163,62,621143,"621143 - Track suits and other garments n.e.c.; women's or girls', of man-made fibres (not knitted or crocheted)",broad_prefix_expansion,yes,screening_candidate_not_shipment_evidence
China,CN,Garments,2009-,2025,HS2022,163,62,621149,"621149 - Track suits and other garments n.e.c.; women's or girls', of textile materials n.e.c. in item no. 6211.4 (not knitted or crocheted)",broad_prefix_expansion,yes,screening_candidate_not_shipment_evidence
China,CN,Garments,2009-,2025,HS2022,163,62,621210,621210 - Brassieres; whether or not knitted or crocheted,broad_prefix_expansion,yes,screening_candidate_not_shipment_evidence
China,CN,Garments,2009-,2025,HS2022,163,62,621220,621220 - Girdles and panty-girdles; whether or not knitted or crocheted,broad_prefix_expansion,yes,screening_candidate_not_shipment_evidence
China,CN,Garments,2009-,2025,HS2022,163,62,621230,621230 - Corselettes; whether or not knitted or crocheted,broad_prefix_expansion,yes,screening_candidate_not_shipment_evidence
China,CN,Garments,2009-,2025,HS2022,163,62,621290,"621290 - Braces, suspenders, garters and similar articles; whether or not knitted or crocheted, n.e.c. in heading no. 6212",broad_prefix_expansion,yes,screening_candidate_not_shipment_evidence
China,CN,Garments,2009-,2025,HS2022,163,62,621320,621320 - Handkerchiefs; of cotton (not knitted or crocheted),broad_prefix_expansion,yes,screening_candidate_not_shipment_evidence
China,CN,Garments,2009-,2025,HS2022,163,62,621390,621390 - Handkerchiefs; of textile materials other than cotton (not knitted or crocheted),broad_prefix_expansion,yes,screening_candidate_not_shipment_evidence
China,CN,Garments,2009-,2025,HS2022,163,62,621410,"621410 - Shawls, scarves, mufflers, mantillas, veils and the like; of silk or silk waste (not knitted or crocheted)",broad_prefix_expansion,yes,screening_candidate_not_shipment_evidence
China,CN,Garments,2009-,2025,HS2022,163,62,621420,"621420 - Shawls, scarves, mufflers, mantillas, veils and the like; of wool or fine animal hair (not knitted or crocheted)",broad_prefix_expansion,yes,screening_candidate_not_shipment_evidence
China,CN,Garments,2009-,2025,HS2022,163,62,621430,"621430 - Shawls, scarves, mufflers, mantillas, veils and the like; of synthetic fibres (not knitted or crocheted)",broad_prefix_expansion,yes,screening_candidate_not_shipment_evidence
China,CN,Garments,2009-,2025,HS2022,163,62,621440,"621440 - Shawls, scarves, mufflers, mantillas, veils and the like; of artificial fibres (not knitted or crocheted)",broad_prefix_expansion,yes,screening_candidate_not_shipment_evidence
China,CN,Garments,2009-,2025,HS2022,163,62,621490,"621490 - Shawls, scarves, mufflers, mantillas, veils and the like; of textile materials n.e.c. in heading no. 6214 (not knitted or crocheted)",broad_prefix_expansion,yes,screening_candidate_not_shipment_evidence
China,CN,Garments,2009-,2025,HS2022,163,62,621510,"621510 - Ties, bow ties and cravats; of silk or silk waste (not knitted or crocheted)",broad_prefix_expansion,yes,screening_candidate_not_shipment_evidence
China,CN,Garments,2009-,2025,HS2022,163,62,621520,"621520 - Ties, bow ties and cravats; of man-made fibres (not knitted or crocheted)",broad_prefix_expansion,yes,screening_candidate_not_shipment_evidence
China,CN,Garments,2009-,2025,HS2022,163,62,621590,"621590 - Ties, bow ties and cravats; of textile materials other than silk or man-made fibres (not knitted or crocheted)",broad_prefix_expansion,yes,screening_candidate_not_shipment_evidence
China,CN,Garments,2009-,2025,HS2022,163,62,621600,"621600 - Gloves, mittens and mitts (not knitted or crocheted)",broad_prefix_expansion,yes,screening_candidate_not_shipment_evidence
China,CN,Garments,2009-,2025,HS2022,163,62,621710,621710 - Clothing accessories; other than those of heading no. 6212 (not knitted or crocheted),broad_prefix_expansion,yes,screening_candidate_not_shipment_evidence
China,CN,Garments,2009-,2025,HS2022,163,62,621790,"621790 - Clothing; parts of garments or of clothing accessories, other than those of heading no. 6212 (not knitted or crocheted)",broad_prefix_expansion,yes,screening_candidate_not_shipment_evidence
China,CN,Gloves,2020-,2025,HS2022,170,4203.29,420329,"420329 - Clothing accessories; gloves, mittens and mitts, n.e.c. in heading no. 4203, of leather or composition leather, not specially designed for use in sports",exact_hs6,no,screening_candidate_not_shipment_evidence
China,CN,Gloves,2020-,2025,HS2022,171,6116.91,611691,"611691 - Gloves, mittens and mitts; of wool or fine animal hair, knitted or crocheted, (other than impregnated, coated, covered or laminated with plastics or rubber)",exact_hs6,no,screening_candidate_not_shipment_evidence
China,CN,Nails,2009-,2025,HS2022,229,7317,731700,"731700 - Iron or steel; nails, tacks, drawing pins, corrugated nails, staples (not those of heading no. 8305) and the like, with heads of other material or not, but excluding articles with heads of copper",broad_prefix_expansion,yes,screening_candidate_not_shipment_evidence
China,CN,Nails,2009-,2025,HS2022,230,7415.10.0000,741510,"741510 - Copper; nails and tacks, drawing pins, staples and similar articles of copper, or of iron or steel with copper heads",hts_prefix_to_hs6,yes,screening_candidate_not_shipment_evidence
China,CN,Nails,2009-,2025,HS2022,231,7616.10.1000,761610,"761610 - Aluminium; nails, tacks, staples (other than those of heading no. 8305), screws, bolts, nuts, screw hooks, rivets, cotters, cotter-pins, washers and similar articles",hts_prefix_to_hs6,yes,screening_candidate_not_shipment_evidence
China,CN,Polysilicon,2021-,2025,HS2022,262,2804.61,280461,280461 - Silicon; containing by weight not less than 99.99% of silicon,exact_hs6,no,screening_candidate_not_shipment_evidence
Colombia,CO,Coca (stimulant plant),2009-,2025,HS2022,97,1211.30.0000,121130,"121130 - Coca leaf; of a kind used primarily in perfumery, in pharmacy or for insecticidal, fungicidal or similar purposes, fresh, chilled, frozen or dried, whether or not cut, crushed or powdered",hts_prefix_to_hs6,yes,screening_candidate_not_shipment_evidence
Ghana,GH,Fish,2012-,2025,HS2022,143,0301,030111,"030111 - Fish; live, ornamental, freshwater",broad_prefix_expansion,yes,screening_candidate_not_shipment_evidence
Ghana,GH,Fish,2012-,2025,HS2022,143,0301,030119,"030119 - Fish; live, ornamental, other than freshwater",broad_prefix_expansion,yes,screening_candidate_not_shipment_evidence
Ghana,GH,Fish,2012-,2025,HS2022,143,0301,030191,"030191 - Fish; live, trout (Salmo trutta, Oncorhynchus mykiss, Oncorhynchus clarki, Oncorhynchus aguabonita, Oncorhynchus gilae, Oncorhynchus apache and Oncorhynchus chrysogaster)",broad_prefix_expansion,yes,screening_candidate_not_shipment_evidence
Ghana,GH,Fish,2012-,2025,HS2022,143,0301,030192,"030192 - Fish; live, eels (Anguilla spp.)",broad_prefix_expansion,yes,screening_candidate_not_shipment_evidence
Ghana,GH,Fish,2012-,2025,HS2022,143,0301,030193,"030193 - Fish; live, carp (Cyprinus spp., Carassius spp., Ctenopharyngodon idellus, Hypophthalmichthys spp., Cirrhinus spp., Mylopharyngodon piceus, Catla catla, Labeo spp., Osteochilus hasselti, Leptobarbus hoeveni, Megalobrama spp.)",broad_prefix_expansion,yes,screening_candidate_not_shipment_evidence
Ghana,GH,Fish,2012-,2025,HS2022,143,0301,030194,"030194 - Fish; live, Atlantic and Pacific bluefin tunas (Thunnus thynnus, Thunnus orientalis)",broad_prefix_expansion,yes,screening_candidate_not_shipment_evidence
Ghana,GH,Fish,2012-,2025,HS2022,143,0301,030195,"030195 - Fish; live, southern bluefin tunas (Thunnus maccoyii)",broad_prefix_expansion,yes,screening_candidate_not_shipment_evidence
Ghana,GH,Fish,2012-,2025,HS2022,143,0301,030199,"030199 - Fish; live, n.e.c. in heading 0301",broad_prefix_expansion,yes,screening_candidate_not_shipment_evidence
Ghana,GH,Fish,2012-,2025,HS2022,144,0302,030211,"030211 - Fish; fresh or chilled, trout (Salmo trutta, Oncorhynchus mykiss, Oncorhynchus clarki, Oncorhynchus aguabonita, Oncorhynchus gilae, Oncorhynchus apache and Oncorhynchus chrysogaster), excluding fillets, fish meat of 0304, and edible fish offal of 0302.9",broad_prefix_expansion,yes,screening_candidate_not_shipment_evidence
Ghana,GH,Fish,2012-,2025,HS2022,144,0302,030213,"030213 - Fish; fresh or chilled, Pacific salmon (Oncorhynchus nerka, Oncorhynchus gorbuscha, Oncorhynchus keta, Oncorhynchus tschawytscha, Oncorhynchus kisutch, Oncorhynchus masou, Oncorhynchus rhodurus), not fillets, meat of 0304, and edible fish offal of 0302.9",broad_prefix_expansion,yes,screening_candidate_not_shipment_evidence
Ghana,GH,Fish,2012-,2025,HS2022,144,0302,030214,"030214 - Fish; fresh or chilled, Atlantic salmon (Salmo salar) and Danube salmon (Hucho hucho), excluding fillets, fish meat of 0304, and edible fish offal of subheadings 0302.91 to 0302.99",broad_prefix_expansion,yes,screening_candidate_not_shipment_evidence
Ghana,GH,Fish,2012-,2025,HS2022,144,0302,030219,"030219 - Fish; fresh or chilled, salmonidae, n.e.c. in item no. 0302.1, excluding fillets, fish meat of 0304, and edible fish offal of subheadings 0302.91 to 0302.99",broad_prefix_expansion,yes,screening_candidate_not_shipment_evidence
Ghana,GH,Fish,2012-,2025,HS2022,144,0302,030221,"030221 - Fish; fresh or chilled, halibut (Reinhardtius hippoglossoides, Hippoglossus hippoglossus, Hippoglossus stenolepis), excluding fillets, fish meat of 0304, and edible fish offal of subheadings 0302.91 to 0302.99",broad_prefix_expansion,yes,screening_candidate_not_shipment_evidence
Ghana,GH,Fish,2012-,2025,HS2022,144,0302,030222,"030222 - Fish; fresh or chilled, plaice (Pleuronectes platessa), excluding fillets, fish meat of 0304, and edible fish offal of subheadings 0302.91 to 0302.99",broad_prefix_expansion,yes,screening_candidate_not_shipment_evidence
Ghana,GH,Fish,2012-,2025,HS2022,144,0302,030223,"030223 - Fish; fresh or chilled, sole (Solea spp.), excluding fillets, fish meat of 0304, and edible fish offal of subheadings 0302.91 to 0302.99",broad_prefix_expansion,yes,screening_candidate_not_shipment_evidence
Ghana,GH,Fish,2012-,2025,HS2022,144,0302,030224,"030224 - Fish; fresh or chilled, turbots (Psetta maxima, Scophthalmidae), excluding fillets, fish meat of 0304, and edible fish offal of subheadings 0302.91 to 0302.99",broad_prefix_expansion,yes,screening_candidate_not_shipment_evidence
Ghana,GH,Fish,2012-,2025,HS2022,144,0302,030229,"030229 - Fish; fresh or chilled, flat fish, n.e.c. in item no. 0302.2, excluding fillets, fish meat of 0304, and edible fish offal of subheadings 0302.91 to 0302.99",broad_prefix_expansion,yes,screening_candidate_not_shipment_evidence
Ghana,GH,Fish,2012-,2025,HS2022,144,0302,030231,"030231 - Fish; fresh or chilled, albacore or longfinned tunas (Thunnus alalunga), excluding fillets, fish meat of 0304, and edible fish offal of subheadings 0302.91 to 0302.99",broad_prefix_expansion,yes,screening_candidate_not_shipment_evidence
Ghana,GH,Fish,2012-,2025,HS2022,144,0302,030232,"030232 - Fish; fresh or chilled, yellowfin tunas (Thunnus albacares), excluding fillets, fish meat of 0304, and edible fish offal of subheadings 0302.91 to 0302.99",broad_prefix_expansion,yes,screening_candidate_not_shipment_evidence
Ghana,GH,Fish,2012-,2025,HS2022,144,0302,030233,"030233 - Fish; fresh or chilled, skipjack tuna (stripe-bellied bonito) (Katsuwonus pelamis), excluding fillets, fish meat of 0304, and edible fish offal of subheadings 0302.91 to 0302.99",broad_prefix_expansion,yes,screening_candidate_not_shipment_evidence
Ghana,GH,Fish,2012-,2025,HS2022,144,0302,030234,"030234 - Fish; fresh or chilled, bigeye tunas (Thunnus obesus), excluding fillets, fish meat of 0304, and edible fish offal of subheadings 0302.91 to 0302.99",broad_prefix_expansion,yes,screening_candidate_not_shipment_evidence
Ghana,GH,Fish,2012-,2025,HS2022,144,0302,030235,"030235 - Fish; fresh or chilled, Atlantic and Pacific bluefin tunas (Thunnus thynnus, Thunnus orientalis), excluding fillets, fish meat of 0304, and edible fish offal of subheadings 0302.91 to 0302.99",broad_prefix_expansion,yes,screening_candidate_not_shipment_evidence
Ghana,GH,Fish,2012-,2025,HS2022,144,0302,030236,"030236 - Fish; fresh or chilled, southern bluefin tunas (Thunnus maccoyii), excluding fillets, fish meat of 0304, and edible fish offal of subheadings 0302.91 to 0302.99",broad_prefix_expansion,yes,screening_candidate_not_shipment_evidence
Ghana,GH,Fish,2012-,2025,HS2022,144,0302,030239,"030239 - Fish; fresh or chilled, tuna, n.e.c. in item no. 0302.3, excluding fillets, fish meat of 0304, and edible fish offal of subheadings 0302.91 to 0302.99",broad_prefix_expansion,yes,screening_candidate_not_shipment_evidence
Ghana,GH,Fish,2012-,2025,HS2022,144,0302,030241,"030241 - Fish; fresh or chilled, herrings (Clupea harengus, Clupea pallasii), excluding fillets, fish meat of 0304, and edible fish offal of subheadings 0302.91 to 0302.99",broad_prefix_expansion,yes,screening_candidate_not_shipment_evidence
Ghana,GH,Fish,2012-,2025,HS2022,144,0302,030242,"030242 - Fish; fresh or chilled, anchovies (Engraulis spp.), excluding fillets, fish meat of 0304, and edible fish offal of subheadings 0302.91 to 0302.99",broad_prefix_expansion,yes,screening_candidate_not_shipment_evidence
Ghana,GH,Fish,2012-,2025,HS2022,144,0302,030243,"030243 - Fish; fresh or chilled, sardines (Sardina pilchardus, Sardinops spp.), sardinella (Sardinella spp.), brisling or sprats (Sprattus sprattus), excluding fillets, fish meat of 0304, and edible fish offal of subheadings 0302.91 to 0302.99",broad_prefix_expansion,yes,screening_candidate_not_shipment_evidence
Ghana,GH,Fish,2012-,2025,HS2022,144,0302,030244,"030244 - Fish; fresh or chilled, mackerel (Scomber scombrus, Scomber australasicus, Scomber japonicus), excluding fillets, fish meat of 0304, and edible fish offal of subheadings 0302.91 to 0302.99",broad_prefix_expansion,yes,screening_candidate_not_shipment_evidence
Ghana,GH,Fish,2012-,2025,HS2022,144,0302,030245,"030245 - Fish; fresh or chilled, jack and horse mackerel (Trachurus spp.), excluding fillets, fish meat of 0304, and edible fish offal of subheadings 0302.91 to 0302.99",broad_prefix_expansion,yes,screening_candidate_not_shipment_evidence
Ghana,GH,Fish,2012-,2025,HS2022,144,0302,030246,"030246 - Fish; fresh or chilled, cobia (Rachycentron canadum), excluding fillets, fish meat of 0304, and edible fish offal of subheadings 0302.91 to 0302.99",broad_prefix_expansion,yes,screening_candidate_not_shipment_evidence
Ghana,GH,Fish,2012-,2025,HS2022,144,0302,030247,"030247 - Fish; fresh or chilled, swordfish (Xiphias gladius), excluding fillets, fish meat of 0304, and edible fish offal of subheadings 0302.91 to 0302.99",broad_prefix_expansion,yes,screening_candidate_not_shipment_evidence
Ghana,GH,Fish,2012-,2025,HS2022,144,0302,030249,"030249 - Fish; fresh or chilled, n.e.c. in item no. 0302.4, excluding fillets, fish meat of 0304, and edible fish offal of subheadings 0302.91 to 0302.99",broad_prefix_expansion,yes,screening_candidate_not_shipment_evidence
Ghana,GH,Fish,2012-,2025,HS2022,144,0302,030251,"030251 - Fish; fresh or chilled, cod (Gadus morhua, Gadus ogac, Gadus macrocephalus), excluding fillets, fish meat of 0304, and edible fish offal of subheadings 0302.91 to 0302.99",broad_prefix_expansion,yes,screening_candidate_not_shipment_evidence
Ghana,GH,Fish,2012-,2025,HS2022,144,0302,030252,"030252 - Fish; fresh or chilled, haddock (Melanogrammus aeglefinus), excluding fillets, fish meat of 0304, and edible fish offal of subheadings 0302.91 to 0302.99",broad_prefix_expansion,yes,screening_candidate_not_shipment_evidence
Ghana,GH,Fish,2012-,2025,HS2022,144,0302,030253,"030253 - Fish; fresh or chilled, coalfish (Pollachius virens), excluding fillets, fish meat of 0304, and edible fish offal of subheadings 0302.91 to 0302.99",broad_prefix_expansion,yes,screening_candidate_not_shipment_evidence
Ghana,GH,Fish,2012-,2025,HS2022,144,0302,030254,"030254 - Fish; fresh or chilled, hake (Merluccius spp., Urophycis spp.), excluding fillets, fish meat of 0304, and edible fish offal of subheadings 0302.91 to 0302.99",broad_prefix_expansion,yes,screening_candidate_not_shipment_evidence
Ghana,GH,Fish,2012-,2025,HS2022,144,0302,030255,"030255 - Fish; fresh or chilled, Alaska pollock (Theragra chalcogramma), excluding fillets, fish meat of 0304, and edible fish offal of subheadings 0302.91 to 0302.99",broad_prefix_expansion,yes,screening_candidate_not_shipment_evidence
Ghana,GH,Fish,2012-,2025,HS2022,144,0302,030256,"030256 - Fish; fresh or chilled, blue whitings (Micromesistius poutassou, Micromesistius australis),excluding fillets, fish meat of 0304, and edible fish offal of subheadings 0302.91 to 0302.99",broad_prefix_expansion,yes,screening_candidate_not_shipment_evidence
Ghana,GH,Fish,2012-,2025,HS2022,144,0302,030259,"030259 - Fish; fresh or chilled, n.e.c. in item no. 0302.5, excluding fillets, fish meat of 0304, and edible fish offal of subheadings 0302.91 to 0302.99",broad_prefix_expansion,yes,screening_candidate_not_shipment_evidence
Ghana,GH,Fish,2012-,2025,HS2022,144,0302,030271,"030271 - Fish; fresh or chilled, tilapias (Oreochromis spp.), excluding fillets, fish meat of 0304, and edible fish offal of subheadings 0302.91 to 0302.99",broad_prefix_expansion,yes,screening_candidate_not_shipment_evidence
Ghana,GH,Fish,2012-,2025,HS2022,144,0302,030272,"030272 - Fish; fresh or chilled, catfish (Pangasius spp., Silurus spp., Clarias spp., Ictalurus spp.), excluding fillets, fish meat of 0304, and edible fish offal of subheadings 0302.91 to 0302.99",broad_prefix_expansion,yes,screening_candidate_not_shipment_evidence
Ghana,GH,Fish,2012-,2025,HS2022,144,0302,030273,"030273 - Fish; fresh or chilled, Carp (as specified by the WCO.), excluding fillets, fish meat of 0304, and edible fish offal of subheadings 0302.91 to 0302.99",broad_prefix_expansion,yes,screening_candidate_not_shipment_evidence
Ghana,GH,Fish,2012-,2025,HS2022,144,0302,030274,"030274 - Fish; fresh or chilled, eels (Anguilla spp.), excluding fillets, fish meat of 0304, and edible fish offal of subheadings 0302.91 to 0302.99",broad_prefix_expansion,yes,screening_candidate_not_shipment_evidence
Ghana,GH,Fish,2012-,2025,HS2022,144,0302,030279,"030279 - Fish; fresh or chilled, Nile perch (Lates niloticus) and snakeheads (Channa spp.), excluding fillets, fish meat of 0304, and edible fish offal of subheadings 0302.91 to 0302.99",broad_prefix_expansion,yes,screening_candidate_not_shipment_evidence
Ghana,GH,Fish,2012-,2025,HS2022,144,0302,030281,"030281 - Fish; fresh or chilled, dogfish and other sharks, excluding fillets, fish meat of 0304, and edible fish offal of subheadings 0302.91 to 0302.99",broad_prefix_expansion,yes,screening_candidate_not_shipment_evidence
Ghana,GH,Fish,2012-,2025,HS2022,144,0302,030282,"030282 - Fish; fresh or chilled, rays and skates (Rajidae), excluding fillets, fish meat of 0304, and edible fish offal of subheadings 0302.91 to 0302.99",broad_prefix_expansion,yes,screening_candidate_not_shipment_evidence
Ghana,GH,Fish,2012-,2025,HS2022,144,0302,030283,"030283 - Fish; fresh or chilled, toothfish (Dissostichus spp.), excluding fillets, fish meat of 0304, and edible fish offal of subheadings 0302.91 to 0302.99",broad_prefix_expansion,yes,screening_candidate_not_shipment_evidence
Ghana,GH,Fish,2012-,2025,HS2022,144,0302,030284,"030284 - Fish; fresh or chilled, seabass (Dicentrarchus spp.), excluding fillets, fish meat of 0304, and edible fish offal of subheadings 0302.91 to 0302.99",broad_prefix_expansion,yes,screening_candidate_not_shipment_evidence
Ghana,GH,Fish,2012-,2025,HS2022,144,0302,030285,"030285 - Fish; fresh or chilled, seabream (Sparidae), excluding fillets, fish meat of 0304, and edible fish offal of subheadings 0302.91 to 0302.99",broad_prefix_expansion,yes,screening_candidate_not_shipment_evidence
Ghana,GH,Fish,2012-,2025,HS2022,144,0302,030289,"030289 - Fish; fresh or chilled, n.e.c. in heading 0302, excluding fillets, fish meat of 0304, and edible fish offal of subheadings 0302.91 to 0302.99",broad_prefix_expansion,yes,screening_candidate_not_shipment_evidence
Ghana,GH,Fish,2012-,2025,HS2022,144,0302,030291,"030291 - Fish; fresh or chilled, livers, roes and milt",broad_prefix_expansion,yes,screening_candidate_not_shipment_evidence
Ghana,GH,Fish,2012-,2025,HS2022,144,0302,030292,"030292 - Fish; fresh or chilled, shark fins",broad_prefix_expansion,yes,screening_candidate_not_shipment_evidence
Ghana,GH,Fish,2012-,2025,HS2022,144,0302,030299,"030299 - Fish; fresh or chilled, fish fins (other than shark fins), heads, tails, maws and other edible fish offal",broad_prefix_expansion,yes,screening_candidate_not_shipment_evidence
Ghana,GH,Fish,2012-,2025,HS2022,145,0303,030311,"030311 - Fish; frozen, Pacific salmon, sockeye salmon (red salmon) (Oncorhynchus nerka), excluding fillets, fish meat of 0304, and edible fish offal of subheadings 0303.91 to 0303.99",broad_prefix_expansion,yes,screening_candidate_not_shipment_evidence
Ghana,GH,Fish,2012-,2025,HS2022,145,0303,030312,"030312 - Fish; frozen, Pacific salmon (Oncorhynchus gorbuscha/keta/tschawytscha/ kisutch/masou/rhodurus) other than sockeye salmon (Oncorhynchus nerka), excluding fillets, fish meat of 0304, and edible fish offal of subheadings 0303.91 to 0303.99",broad_prefix_expansion,yes,screening_candidate_not_shipment_evidence
Ghana,GH,Fish,2012-,2025,HS2022,145,0303,030313,"030313 - Fish; frozen, Atlantic salmon (Salmo salar) and Danube salmon (Hucho hucho), excluding fillets, fish meat of 0304, and edible fish offal of subheadings 0303.91 to 0303.99",broad_prefix_expansion,yes,screening_candidate_not_shipment_evidence
Ghana,GH,Fish,2012-,2025,HS2022,145,0303,030314,"030314 - Fish; frozen, trout (Salmo trutta, Oncorhynchus mykiss, Oncorhynchus clarki, Oncorhynchus aguabonita, Oncorhynchus gilae, Oncorhynchus apache and Oncorhynchus chrysogaster), excluding fillets, meat of 0304, and edible fish offal of 0303.91 to 0303.99",broad_prefix_expansion,yes,screening_candidate_not_shipment_evidence
Ghana,GH,Fish,2012-,2025,HS2022,145,0303,030319,"030319 - Fish; frozen, salmonidae, n.e.c. in item no. 0303.1, excluding fillets, fish meat of 0304, and edible fish offal of subheadings 0303.91 to 0303.99",broad_prefix_expansion,yes,screening_candidate_not_shipment_evidence
Ghana,GH,Fish,2012-,2025,HS2022,145,0303,030323,"030323 - Fish; frozen, tilapias (Oreochromis spp.), excluding fillets, fish meat of 0304, and edible fish offal of subheadings 0303.91 to 0303.99",broad_prefix_expansion,yes,screening_candidate_not_shipment_evidence
Ghana,GH,Fish,2012-,2025,HS2022,145,0303,030324,"030324 - Fish; frozen, catfish (Pangasius spp., Silurus spp., Clarias spp., Ictalurus spp.), excluding fillets, fish meat of 0304, and edible fish offal of subheadings 0303.91 to 0303.99",broad_prefix_expansion,yes,screening_candidate_not_shipment_evidence
Ghana,GH,Fish,2012-,2025,HS2022,145,0303,030325,"030325 - Fish; frozen, carp (as specified by the WCO), excluding fillets, fish meat of 0304, and edible fish offal of subheadings 0303.91 to 0303.99",broad_prefix_expansion,yes,screening_candidate_not_shipment_evidence
Ghana,GH,Fish,2012-,2025,HS2022,145,0303,030326,"030326 - Fish; frozen, eels (Anguilla spp.), excluding fillets, fish meat of 0304, and edible fish offal of subheadings 0303.91 to 0303.99",broad_prefix_expansion,yes,screening_candidate_not_shipment_evidence
Ghana,GH,Fish,2012-,2025,HS2022,145,0303,030329,"030329 - Fish; frozen, Nile perch (Lates niloticus) and snakeheads (Channa spp.), excluding fillets, fish meat of 0304, and edible fish offal of subheadings 0303.91 to 0303.99",broad_prefix_expansion,yes,screening_candidate_not_shipment_evidence
Ghana,GH,Fish,2012-,2025,HS2022,145,0303,030331,"030331 - Fish; frozen, halibut (Reinhardtius hippoglossoides, Hippoglossus hippoglossus, Hippoglossus stenolepis), excluding fillets, fish meat of 0304, and edible fish offal of subheadings 0303.91 to 0303.99",broad_prefix_expansion,yes,screening_candidate_not_shipment_evidence
Ghana,GH,Fish,2012-,2025,HS2022,145,0303,030332,"030332 - Fish; frozen, plaice (Pleuronectes platessa), excluding fillets, fish meat of 0304, and edible fish offal of subheadings 0303.91 to 0303.99",broad_prefix_expansion,yes,screening_candidate_not_shipment_evidence
Ghana,GH,Fish,2012-,2025,HS2022,145,0303,030333,"030333 - Fish; frozen, sole (Solea spp.), excluding fillets, fish meat of 0304, and edible fish offal of subheadings 0303.91 to 0303.99",broad_prefix_expansion,yes,screening_candidate_not_shipment_evidence
Ghana,GH,Fish,2012-,2025,HS2022,145,0303,030334,"030334 - Fish; frozen, turbots (Psetta maxima, Scophthalmidae), excluding fillets, fish meat of 0304, and edible fish offal of subheadings 0303.91 to 0303.99",broad_prefix_expansion,yes,screening_candidate_not_shipment_evidence
Ghana,GH,Fish,2012-,2025,HS2022,145,0303,030339,"030339 - Fish; frozen, flat fish, n.e.c. in item no. 0303.3, excluding fillets, fish meat of 0304, and edible fish offal of subheadings 0303.91 to 0303.99",broad_prefix_expansion,yes,screening_candidate_not_shipment_evidence
Ghana,GH,Fish,2012-,2025,HS2022,145,0303,030341,"030341 - Fish; frozen, albacore or longfinned tunas (Thunnus alalunga), excluding fillets, fish meat of 0304, and edible fish offal of subheadings 0303.91 to 0303.99",broad_prefix_expansion,yes,screening_candidate_not_shipment_evidence
Ghana,GH,Fish,2012-,2025,HS2022,145,0303,030342,"030342 - Fish; frozen, yellowfin tunas (Thunnus albacares), excluding fillets, fish meat of 0304, and edible fish offal of subheadings 0303.91 to 0303.99",broad_prefix_expansion,yes,screening_candidate_not_shipment_evidence
Ghana,GH,Fish,2012-,2025,HS2022,145,0303,030343,"030343 - Fish; frozen, skipjack tuna (stripe-bellied bonito) (Katsuwonus pelamis), excluding fillets, fish meat of 0304, and edible fish offal of subheadings 0303.91 to 0303.99",broad_prefix_expansion,yes,screening_candidate_not_shipment_evidence
Ghana,GH,Fish,2012-,2025,HS2022,145,0303,030344,"030344 - Fish; frozen, bigeye tunas (Thunnus obesus), excluding fillets, fish meat of 0304, and edible fish offal of subheadings 0303.91 to 0303.99",broad_prefix_expansion,yes,screening_candidate_not_shipment_evidence
Ghana,GH,Fish,2012-,2025,HS2022,145,0303,030345,"030345 - Fish; frozen, Atlantic and Pacific bluefin tunas (Thunnus thynnus, Thunnus orientalis), excluding fillets, fish meat of 0304, and edible fish offal of subheadings 0303.91 to 0303.99",broad_prefix_expansion,yes,screening_candidate_not_shipment_evidence
Ghana,GH,Fish,2012-,2025,HS2022,145,0303,030346,"030346 - Fish; frozen, southern bluefin tunas (Thunnus maccoyii), excluding fillets, fish meat of 0304, and edible fish offal of subheadings 0303.91 to 0303.99",broad_prefix_expansion,yes,screening_candidate_not_shipment_evidence
Ghana,GH,Fish,2012-,2025,HS2022,145,0303,030349,"030349 - Fish; frozen, tuna, n.e.c. in item no. 0303.4, excluding fillets, fish meat of 0304, and edible fish offal of subheadings 0303.91 to 0303.99",broad_prefix_expansion,yes,screening_candidate_not_shipment_evidence
Ghana,GH,Fish,2012-,2025,HS2022,145,0303,030351,"030351 - Fish; frozen, herrings (Clupea harengus, Clupea pallasii), excluding fillets, fish meat of 0304, and edible fish offal of subheadings 0303.91 to 0303.99",broad_prefix_expansion,yes,screening_candidate_not_shipment_evidence
Ghana,GH,Fish,2012-,2025,HS2022,145,0303,030353,"030353 - Fish; frozen, sardines (Sardina pilchardus, Sardinops spp.), sardinella (Sardinella spp.), brisling or sprats (Sprattus sprattus), excluding fillets, fish meat of 0304, and edible fish offal of subheadings 0303.91 to 0303.99",broad_prefix_expansion,yes,screening_candidate_not_shipment_evidence
Ghana,GH,Fish,2012-,2025,HS2022,145,0303,030354,"030354 - Fish; frozen, mackerel (Scomber scombrus, Scomber australasicus, Scomber japonicus), excluding fillets, fish meat of 0304, and edible fish offal of subheadings 0303.91 to 0303.99",broad_prefix_expansion,yes,screening_candidate_not_shipment_evidence
Ghana,GH,Fish,2012-,2025,HS2022,145,0303,030355,"030355 - Fish; frozen, jack and horse mackerel (Trachurus spp.), excluding fillets, fish meat of 0304, and edible fish offal of subheadings 0303.91 to 0303.99",broad_prefix_expansion,yes,screening_candidate_not_shipment_evidence
Ghana,GH,Fish,2012-,2025,HS2022,145,0303,030356,"030356 - Fish; frozen, cobia (Rachycentron canadum), excluding fillets, fish meat of 0304, and edible fish offal of subheadings 0303.91 to 0303.99",broad_prefix_expansion,yes,screening_candidate_not_shipment_evidence
Ghana,GH,Fish,2012-,2025,HS2022,145,0303,030357,"030357 - Fish; frozen, swordfish (Xiphias gladius), excluding fillets, fish meat of 0304, and edible fish offal of subheadings 0303.91 to 0303.99",broad_prefix_expansion,yes,screening_candidate_not_shipment_evidence
Ghana,GH,Fish,2012-,2025,HS2022,145,0303,030359,"030359 - Fish; frozen, n.e.c. in item no. 0303.5, excluding fillets, fish meat of 0304, and edible fish offal of subheadings 0303.91 to 0303.99",broad_prefix_expansion,yes,screening_candidate_not_shipment_evidence
Ghana,GH,Fish,2012-,2025,HS2022,145,0303,030363,"030363 - Fish; frozen, cod (Gadus morhua, Gadus ogac, Gadus macrocephalus), excluding fillets, fish meat of 0304, and edible fish offal of subheadings 0303.91 to 0303.99",broad_prefix_expansion,yes,screening_candidate_not_shipment_evidence
Ghana,GH,Fish,2012-,2025,HS2022,145,0303,030364,"030364 - Fish; frozen, haddock (Melanogrammus aeglefinus), excluding fillets, fish meat of 0304, and edible fish offal of subheadings 0303.91 to 0303.99",broad_prefix_expansion,yes,screening_candidate_not_shipment_evidence
Ghana,GH,Fish,2012-,2025,HS2022,145,0303,030365,"030365 - Fish; frozen, coalfish (Pollachius virens), excluding fillets, fish meat of 0304, and edible fish offal of subheadings 0303.91 to 0303.99",broad_prefix_expansion,yes,screening_candidate_not_shipment_evidence
Ghana,GH,Fish,2012-,2025,HS2022,145,0303,030366,"030366 - Fish; frozen, hake (Merluccius spp., Urophycis spp.), excluding fillets, fish meat of 0304, and edible fish offal of subheadings 0303.91 to 0303.99",broad_prefix_expansion,yes,screening_candidate_not_shipment_evidence
Ghana,GH,Fish,2012-,2025,HS2022,145,0303,030367,"030367 - Fish; frozen, Alaska pollock (Theragra chalcogramma), excluding fillets, fish meat of 0304, and edible fish offal of subheadings 0303.91 to 0303.99",broad_prefix_expansion,yes,screening_candidate_not_shipment_evidence
Ghana,GH,Fish,2012-,2025,HS2022,145,0303,030368,"030368 - Fish; frozen, blue whitings (Micromesistius poutassou, Micromesistius australis), excluding fillets, fish meat of 0304, and edible fish offal of subheadings 0303.91 to 0303.99",broad_prefix_expansion,yes,screening_candidate_not_shipment_evidence
Ghana,GH,Fish,2012-,2025,HS2022,145,0303,030369,"030369 - Fish; frozen, of Bregmacerotidae, Euclichthyidae, Gadidae, Macrouridae, Melanonidae, Merlucciidae, Moridae, Muraenolepididae, other than cod, haddock, coalfish, hake, Alaska pollack, blue whitings, not fillets, meat of 0304, and edible offal of 0303.9",broad_prefix_expansion,yes,screening_candidate_not_shipment_evidence
Ghana,GH,Fish,2012-,2025,HS2022,145,0303,030381,"030381 - Fish; frozen, dogfish and other sharks, excluding fillets, fish meat of 0304, and edible fish offal of subheadings 0303.91 to 0303.99",broad_prefix_expansion,yes,screening_candidate_not_shipment_evidence
Ghana,GH,Fish,2012-,2025,HS2022,145,0303,030382,"030382 - Fish; frozen, rays and skates (Rajidae), excluding fillets, fish meat of 0304, and edible fish offal of subheadings 0303.91 to 0303.99",broad_prefix_expansion,yes,screening_candidate_not_shipment_evidence
Ghana,GH,Fish,2012-,2025,HS2022,145,0303,030383,"030383 - Fish; frozen, toothfish (Dissostichus spp.), excluding fillets, livers, roes, and edible fish offal of subheadings 0303.91 to 0303.99",broad_prefix_expansion,yes,screening_candidate_not_shipment_evidence
Ghana,GH,Fish,2012-,2025,HS2022,145,0303,030384,"030384 - Fish; frozen, seabass (Dicentrarchus spp.), excluding fillets, fish meat of 0304, and edible fish offal of subheadings 0303.91 to 0303.99",broad_prefix_expansion,yes,screening_candidate_not_shipment_evidence
Ghana,GH,Fish,2012-,2025,HS2022,145,0303,030389,"030389 - Fish; frozen, n.e.c. in heading 0303, excluding fillets, fish meat of 0304, and edible fish offal of subheadings 0303.91 to 0303.99",broad_prefix_expansion,yes,screening_candidate_not_shipment_evidence
Ghana,GH,Fish,2012-,2025,HS2022,145,0303,030391,"030391 - Fish; frozen, livers, roes and milt",broad_prefix_expansion,yes,screening_candidate_not_shipment_evidence
Ghana,GH,Fish,2012-,2025,HS2022,145,0303,030392,"030392 - Fish; frozen, shark fins",broad_prefix_expansion,yes,screening_candidate_not_shipment_evidence
Ghana,GH,Fish,2012-,2025,HS2022,145,0303,030399,"030399 - Fish; frozen, fish fins (other than shark fins), heads, tails, maws and other edible fish offal",broad_prefix_expansion,yes,screening_candidate_not_shipment_evidence
Ghana,GH,Fish,2012-,2025,HS2022,146,0304,030431,"030431 - Fish fillets; fresh or chilled, tilapias (Oreochromis spp.)",broad_prefix_expansion,yes,screening_candidate_not_shipment_evidence
Ghana,GH,Fish,2012-,2025,HS2022,146,0304,030432,"030432 - Fish fillets; fresh or chilled, catfish (Pangasius spp., Silurus spp., Clarias spp., Ictalurus spp.)",broad_prefix_expansion,yes,screening_candidate_not_shipment_evidence
Ghana,GH,Fish,2012-,2025,HS2022,146,0304,030433,"030433 - Fish fillets; fresh or chilled, Nile perch (Lates niloticus)",broad_prefix_expansion,yes,screening_candidate_not_shipment_evidence
Ghana,GH,Fish,2012-,2025,HS2022,146,0304,030439,"030439 - Fish fillets; fresh or chilled, carp (as specified by the WCO), eels (Anguilla spp.), and snakeheads (Channa spp.)",broad_prefix_expansion,yes,screening_candidate_not_shipment_evidence
Ghana,GH,Fish,2012-,2025,HS2022,146,0304,030441,"030441 - Fish fillets; fresh or chilled, salmon, Pacific (Oncorhynchus nerka, Oncorhynchus gorbuscha, Oncorhynchus keta, Oncorhynchus tschawytscha, Oncorhynchus kisutch, Oncorhynchus masou and Oncorhynchus rhodurus), Atlantic (Salmo salar), Danube (Hucho hucho)",broad_prefix_expansion,yes,screening_candidate_not_shipment_evidence
Ghana,GH,Fish,2012-,2025,HS2022,146,0304,030442,"030442 - Fish fillets; fresh or chilled, trout (Salmo trutta, Oncorhynchus mykiss, Oncorhynchus clarki, Oncorhynchus aguabonita, Oncorhynchus gilae, Oncorhynchus apache and Oncorhynchus chrysogaster)",broad_prefix_expansion,yes,screening_candidate_not_shipment_evidence
Ghana,GH,Fish,2012-,2025,HS2022,146,0304,030443,"030443 - Fish fillets; fresh or chilled, flat fish (Pleuronectidae, Bothidae, Cynoglossidae, Soleidae, Scophthalmidae and Citharidae)",broad_prefix_expansion,yes,screening_candidate_not_shipment_evidence
Ghana,GH,Fish,2012-,2025,HS2022,146,0304,030444,"030444 - Fish fillets; fresh or chilled, of the families Bregmacerotidae, Euclichthyidae, Gadidae, Macrouridae, Melanonidae, Merlucciidae, Moridae, and Muraenolepididae",broad_prefix_expansion,yes,screening_candidate_not_shipment_evidence
Ghana,GH,Fish,2012-,2025,HS2022,146,0304,030445,"030445 - Fish fillets; fresh or chilled, swordfish (Xiphias gladius)",broad_prefix_expansion,yes,screening_candidate_not_shipment_evidence
Ghana,GH,Fish,2012-,2025,HS2022,146,0304,030446,"030446 - Fish fillets; fresh or chilled, toothfish (Dissostichus spp.)",broad_prefix_expansion,yes,screening_candidate_not_shipment_evidence
Ghana,GH,Fish,2012-,2025,HS2022,146,0304,030447,"030447 - Fish fillets; fresh or chilled, dogfish and other sharks",broad_prefix_expansion,yes,screening_candidate_not_shipment_evidence
Ghana,GH,Fish,2012-,2025,HS2022,146,0304,030448,"030448 - Fish fillets; fresh or chilled, rays and skates (Rajidae)",broad_prefix_expansion,yes,screening_candidate_not_shipment_evidence
Ghana,GH,Fish,2012-,2025,HS2022,146,0304,030449,"030449 - Fish fillets; fresh or chilled, other than fish of heading 0304.4",broad_prefix_expansion,yes,screening_candidate_not_shipment_evidence
Ghana,GH,Fish,2012-,2025,HS2022,146,0304,030451,"030451 - Fish meat, excluding fillets, whether or not minced; fresh or chilled, tilapias, catfish, carp, eels, Nile perch, and snakeheads",broad_prefix_expansion,yes,screening_candidate_not_shipment_evidence
Ghana,GH,Fish,2012-,2025,HS2022,146,0304,030452,"030452 - Fish meat, excluding fillets, whether or not minced; fresh or chilled, salmonidae",broad_prefix_expansion,yes,screening_candidate_not_shipment_evidence
Ghana,GH,Fish,2012-,2025,HS2022,146,0304,030453,"030453 - Fish meat, excluding fillets, whether or not minced; fresh or chilled, of the families Bregmacerotidae, Euclichthyidae, Gadidae, Macrouridae, Melanonidae, Merlucciidae, Moridae, and Muraenolepididae",broad_prefix_expansion,yes,screening_candidate_not_shipment_evidence
Ghana,GH,Fish,2012-,2025,HS2022,146,0304,030454,"030454 - Fish meat, excluding fillets, whether or not minced; fresh or chilled, swordfish (Xiphias gladius)",broad_prefix_expansion,yes,screening_candidate_not_shipment_evidence
Ghana,GH,Fish,2012-,2025,HS2022,146,0304,030455,"030455 - Fish meat, excluding fillets, whether or not minced; fresh or chilled, toothfish (Dissostichus spp.)",broad_prefix_expansion,yes,screening_candidate_not_shipment_evidence
Ghana,GH,Fish,2012-,2025,HS2022,146,0304,030456,"030456 - Fish meat; excluding fillets, whether or not minced; fresh or chilled, dogfish and other sharks",broad_prefix_expansion,yes,screening_candidate_not_shipment_evidence
Ghana,GH,Fish,2012-,2025,HS2022,146,0304,030457,"030457 - Fish meat; excluding fillets, whether or not minced; fresh or chilled, rays and skates (Rajidae)",broad_prefix_expansion,yes,screening_candidate_not_shipment_evidence
Ghana,GH,Fish,2012-,2025,HS2022,146,0304,030459,"030459 - Fish meat; excluding fillets, whether or not minced; fresh or chilled, of fish n.e.c. in item no. 0304.5",broad_prefix_expansion,yes,screening_candidate_not_shipment_evidence
Ghana,GH,Fish,2012-,2025,HS2022,146,0304,030461,"030461 - Fish fillets; frozen, tilapias (Oreochromis spp.)",broad_prefix_expansion,yes,screening_candidate_not_shipment_evidence
Ghana,GH,Fish,2012-,2025,HS2022,146,0304,030462,"030462 - Fish fillets; frozen, catfish (Pangasius spp., Silurus spp., Clarias spp., Ictalurus spp.)",broad_prefix_expansion,yes,screening_candidate_not_shipment_evidence
Ghana,GH,Fish,2012-,2025,HS2022,146,0304,030463,"030463 - Fish fillets; frozen, Nile Perch (Lates niloticus)",broad_prefix_expansion,yes,screening_candidate_not_shipment_evidence
Ghana,GH,Fish,2012-,2025,HS2022,146,0304,030469,"030469 - Fish fillets; frozen, carp (Cyprinus/Carassius/Ctenopharyngodon idellus/Hypophthalmichthys/Cirrhinus/Mylopharyngodon piceus/Catla catla/Labeo/Osteochilus hasselti/Leptobarbus hoeveni/Megalobrama), eels (Anguilla) and snakeheads (Channa)",broad_prefix_expansion,yes,screening_candidate_not_shipment_evidence
Ghana,GH,Fish,2012-,2025,HS2022,146,0304,030471,"030471 - Fish fillets; frozen, cod (Gadus morhua, Gadus ogac, Gadus macrocephalus)",broad_prefix_expansion,yes,screening_candidate_not_shipment_evidence
Ghana,GH,Fish,2012-,2025,HS2022,146,0304,030472,"030472 - Fish fillets; frozen, haddock (Melanogrammus aeglefinus)",broad_prefix_expansion,yes,screening_candidate_not_shipment_evidence
Ghana,GH,Fish,2012-,2025,HS2022,146,0304,030473,"030473 - Fish fillets; frozen, coalfish (Pollachius virens)",broad_prefix_expansion,yes,screening_candidate_not_shipment_evidence
Ghana,GH,Fish,2012-,2025,HS2022,146,0304,030474,"030474 - Fish fillets; frozen, hake (Merluccius spp., Urophycis spp.)",broad_prefix_expansion,yes,screening_candidate_not_shipment_evidence
Ghana,GH,Fish,2012-,2025,HS2022,146,0304,030475,"030475 - Fish fillets; frozen, Alaska pollock (Theragra chalcogramma)",broad_prefix_expansion,yes,screening_candidate_not_shipment_evidence
Ghana,GH,Fish,2012-,2025,HS2022,146,0304,030479,"030479 - Fish fillets; frozen, of the families Bregmacerotidae, Euclichthyidae, Gadidae, Macrouridae, Melanonidae, Merlucciidae, Moridae and Muraenolepididae other than cod, haddock, coalfish, hake, and Alaska pollock",broad_prefix_expansion,yes,screening_candidate_not_shipment_evidence
Ghana,GH,Fish,2012-,2025,HS2022,146,0304,030481,"030481 - Fish fillets; frozen, salmon, Pacific (Oncorhynchus nerka, Oncorhynchus gorbuscha, Oncorhynchus keta, Oncorhynchus tschawytscha, Oncorhynchus kisutch, Oncorhynchus masou, Oncorhynchus rhodurus), Atlantic (Salmo salar), and Danube (Hucho hucho)",broad_prefix_expansion,yes,screening_candidate_not_shipment_evidence
Ghana,GH,Fish,2012-,2025,HS2022,146,0304,030482,"030482 - Fish fillets; frozen, trout (Salmo trutta, Oncorhynchus mykiss, Oncorhynchus clarki, Oncorhynchus aguabonita, Oncorhynchus gilae, Oncorhynchus apache and Oncorhynchus chrysogaster)",broad_prefix_expansion,yes,screening_candidate_not_shipment_evidence
Ghana,GH,Fish,2012-,2025,HS2022,146,0304,030483,"030483 - Fish fillets; frozen, flat fish (Pleuronectidae, Bothidae, Cynoglossidae, Soleidae, Scophthalmidae and Citharidae)",broad_prefix_expansion,yes,screening_candidate_not_shipment_evidence
Ghana,GH,Fish,2012-,2025,HS2022,146,0304,030484,"030484 - Fish fillets; frozen, swordfish (Xiphias gladius)",broad_prefix_expansion,yes,screening_candidate_not_shipment_evidence
Ghana,GH,Fish,2012-,2025,HS2022,146,0304,030485,"030485 - Fish fillets; frozen, toothfish (Dissostichus spp.)",broad_prefix_expansion,yes,screening_candidate_not_shipment_evidence
Ghana,GH,Fish,2012-,2025,HS2022,146,0304,030486,"030486 - Fish fillets; frozen, herrings (Clupea harengus, Clupea pallasii)",broad_prefix_expansion,yes,screening_candidate_not_shipment_evidence
Ghana,GH,Fish,2012-,2025,HS2022,146,0304,030487,"030487 - Fish fillets; frozen, tunas (of the genus Thunnus), skipjack tuna (stripe-bellied bonito) (Katsuwonus pelamis)",broad_prefix_expansion,yes,screening_candidate_not_shipment_evidence
Ghana,GH,Fish,2012-,2025,HS2022,146,0304,030488,"030488 - Fish fillets; frozen, dogfish, other sharks, rays and skates (Rajidae)",broad_prefix_expansion,yes,screening_candidate_not_shipment_evidence
Ghana,GH,Fish,2012-,2025,HS2022,146,0304,030489,"030489 - Fish fillets; frozen, of fish n.e.c. in heading 0304.8",broad_prefix_expansion,yes,screening_candidate_not_shipment_evidence
Ghana,GH,Fish,2012-,2025,HS2022,146,0304,030491,"030491 - Fish meat, excluding fillets, whether or not minced; frozen, swordfish (Xiphias gladius)",broad_prefix_expansion,yes,screening_candidate_not_shipment_evidence
Ghana,GH,Fish,2012-,2025,HS2022,146,0304,030492,"030492 - Fish meat, excluding fillets, whether or not minced; frozen, toothfish (Dissostichus spp.)",broad_prefix_expansion,yes,screening_candidate_not_shipment_evidence
Ghana,GH,Fish,2012-,2025,HS2022,146,0304,030493,"030493 - Fish meat, excluding fillets, whether or not minced; frozen, tilapias, catfish, carp, eels, Nile perch, and snakeheads",broad_prefix_expansion,yes,screening_candidate_not_shipment_evidence
Ghana,GH,Fish,2012-,2025,HS2022,146,0304,030494,"030494 - Fish meat, excluding fillets, whether or not minced; frozen, Alaska Pollock (Theragra chalcogramma)",broad_prefix_expansion,yes,screening_candidate_not_shipment_evidence
Ghana,GH,Fish,2012-,2025,HS2022,146,0304,030495,"030495 - Fish meat, excluding fillets, whether or not minced; frozen, of the families Bregmacerotidae, Euclichthyidae, Gadidae, Macrouridae, Melanonidae, Merlucciidae, Moridae and Muraenolepididae, other than Alaska Pollock (Theragra chalcogramma)",broad_prefix_expansion,yes,screening_candidate_not_shipment_evidence
Ghana,GH,Fish,2012-,2025,HS2022,146,0304,030496,"030496 - Fish meat, excluding fillets, whether or not minced; frozen, dogfish and other sharks",broad_prefix_expansion,yes,screening_candidate_not_shipment_evidence
Ghana,GH,Fish,2012-,2025,HS2022,146,0304,030497,"030497 - Fish meat, excluding fillets, whether or not minced; frozen, rays and skates (Rajidae)",broad_prefix_expansion,yes,screening_candidate_not_shipment_evidence
Ghana,GH,Fish,2012-,2025,HS2022,146,0304,030499,"030499 - Fish meat, excluding fillets, whether or not minced; frozen, n.e.c. in item no. 0304.9",broad_prefix_expansion,yes,screening_candidate_not_shipment_evidence
Indonesia,ID,Fish,2016-,2025,HS2022,143,0301,030111,"030111 - Fish; live, ornamental, freshwater",broad_prefix_expansion,yes,screening_candidate_not_shipment_evidence
Indonesia,ID,Fish,2016-,2025,HS2022,143,0301,030119,"030119 - Fish; live, ornamental, other than freshwater",broad_prefix_expansion,yes,screening_candidate_not_shipment_evidence
Indonesia,ID,Fish,2016-,2025,HS2022,143,0301,030191,"030191 - Fish; live, trout (Salmo trutta, Oncorhynchus mykiss, Oncorhynchus clarki, Oncorhynchus aguabonita, Oncorhynchus gilae, Oncorhynchus apache and Oncorhynchus chrysogaster)",broad_prefix_expansion,yes,screening_candidate_not_shipment_evidence
Indonesia,ID,Fish,2016-,2025,HS2022,143,0301,030192,"030192 - Fish; live, eels (Anguilla spp.)",broad_prefix_expansion,yes,screening_candidate_not_shipment_evidence
Indonesia,ID,Fish,2016-,2025,HS2022,143,0301,030193,"030193 - Fish; live, carp (Cyprinus spp., Carassius spp., Ctenopharyngodon idellus, Hypophthalmichthys spp., Cirrhinus spp., Mylopharyngodon piceus, Catla catla, Labeo spp., Osteochilus hasselti, Leptobarbus hoeveni, Megalobrama spp.)",broad_prefix_expansion,yes,screening_candidate_not_shipment_evidence
Indonesia,ID,Fish,2016-,2025,HS2022,143,0301,030194,"030194 - Fish; live, Atlantic and Pacific bluefin tunas (Thunnus thynnus, Thunnus orientalis)",broad_prefix_expansion,yes,screening_candidate_not_shipment_evidence
Indonesia,ID,Fish,2016-,2025,HS2022,143,0301,030195,"030195 - Fish; live, southern bluefin tunas (Thunnus maccoyii)",broad_prefix_expansion,yes,screening_candidate_not_shipment_evidence
Indonesia,ID,Fish,2016-,2025,HS2022,143,0301,030199,"030199 - Fish; live, n.e.c. in heading 0301",broad_prefix_expansion,yes,screening_candidate_not_shipment_evidence
Indonesia,ID,Fish,2016-,2025,HS2022,144,0302,030211,"030211 - Fish; fresh or chilled, trout (Salmo trutta, Oncorhynchus mykiss, Oncorhynchus clarki, Oncorhynchus aguabonita, Oncorhynchus gilae, Oncorhynchus apache and Oncorhynchus chrysogaster), excluding fillets, fish meat of 0304, and edible fish offal of 0302.9",broad_prefix_expansion,yes,screening_candidate_not_shipment_evidence
Indonesia,ID,Fish,2016-,2025,HS2022,144,0302,030213,"030213 - Fish; fresh or chilled, Pacific salmon (Oncorhynchus nerka, Oncorhynchus gorbuscha, Oncorhynchus keta, Oncorhynchus tschawytscha, Oncorhynchus kisutch, Oncorhynchus masou, Oncorhynchus rhodurus), not fillets, meat of 0304, and edible fish offal of 0302.9",broad_prefix_expansion,yes,screening_candidate_not_shipment_evidence
Indonesia,ID,Fish,2016-,2025,HS2022,144,0302,030214,"030214 - Fish; fresh or chilled, Atlantic salmon (Salmo salar) and Danube salmon (Hucho hucho), excluding fillets, fish meat of 0304, and edible fish offal of subheadings 0302.91 to 0302.99",broad_prefix_expansion,yes,screening_candidate_not_shipment_evidence
Indonesia,ID,Fish,2016-,2025,HS2022,144,0302,030219,"030219 - Fish; fresh or chilled, salmonidae, n.e.c. in item no. 0302.1, excluding fillets, fish meat of 0304, and edible fish offal of subheadings 0302.91 to 0302.99",broad_prefix_expansion,yes,screening_candidate_not_shipment_evidence
Indonesia,ID,Fish,2016-,2025,HS2022,144,0302,030221,"030221 - Fish; fresh or chilled, halibut (Reinhardtius hippoglossoides, Hippoglossus hippoglossus, Hippoglossus stenolepis), excluding fillets, fish meat of 0304, and edible fish offal of subheadings 0302.91 to 0302.99",broad_prefix_expansion,yes,screening_candidate_not_shipment_evidence
Indonesia,ID,Fish,2016-,2025,HS2022,144,0302,030222,"030222 - Fish; fresh or chilled, plaice (Pleuronectes platessa), excluding fillets, fish meat of 0304, and edible fish offal of subheadings 0302.91 to 0302.99",broad_prefix_expansion,yes,screening_candidate_not_shipment_evidence
Indonesia,ID,Fish,2016-,2025,HS2022,144,0302,030223,"030223 - Fish; fresh or chilled, sole (Solea spp.), excluding fillets, fish meat of 0304, and edible fish offal of subheadings 0302.91 to 0302.99",broad_prefix_expansion,yes,screening_candidate_not_shipment_evidence
Indonesia,ID,Fish,2016-,2025,HS2022,144,0302,030224,"030224 - Fish; fresh or chilled, turbots (Psetta maxima, Scophthalmidae), excluding fillets, fish meat of 0304, and edible fish offal of subheadings 0302.91 to 0302.99",broad_prefix_expansion,yes,screening_candidate_not_shipment_evidence
Indonesia,ID,Fish,2016-,2025,HS2022,144,0302,030229,"030229 - Fish; fresh or chilled, flat fish, n.e.c. in item no. 0302.2, excluding fillets, fish meat of 0304, and edible fish offal of subheadings 0302.91 to 0302.99",broad_prefix_expansion,yes,screening_candidate_not_shipment_evidence
Indonesia,ID,Fish,2016-,2025,HS2022,144,0302,030231,"030231 - Fish; fresh or chilled, albacore or longfinned tunas (Thunnus alalunga), excluding fillets, fish meat of 0304, and edible fish offal of subheadings 0302.91 to 0302.99",broad_prefix_expansion,yes,screening_candidate_not_shipment_evidence
Indonesia,ID,Fish,2016-,2025,HS2022,144,0302,030232,"030232 - Fish; fresh or chilled, yellowfin tunas (Thunnus albacares), excluding fillets, fish meat of 0304, and edible fish offal of subheadings 0302.91 to 0302.99",broad_prefix_expansion,yes,screening_candidate_not_shipment_evidence
Indonesia,ID,Fish,2016-,2025,HS2022,144,0302,030233,"030233 - Fish; fresh or chilled, skipjack tuna (stripe-bellied bonito) (Katsuwonus pelamis), excluding fillets, fish meat of 0304, and edible fish offal of subheadings 0302.91 to 0302.99",broad_prefix_expansion,yes,screening_candidate_not_shipment_evidence
Indonesia,ID,Fish,2016-,2025,HS2022,144,0302,030234,"030234 - Fish; fresh or chilled, bigeye tunas (Thunnus obesus), excluding fillets, fish meat of 0304, and edible fish offal of subheadings 0302.91 to 0302.99",broad_prefix_expansion,yes,screening_candidate_not_shipment_evidence
Indonesia,ID,Fish,2016-,2025,HS2022,144,0302,030235,"030235 - Fish; fresh or chilled, Atlantic and Pacific bluefin tunas (Thunnus thynnus, Thunnus orientalis), excluding fillets, fish meat of 0304, and edible fish offal of subheadings 0302.91 to 0302.99",broad_prefix_expansion,yes,screening_candidate_not_shipment_evidence
Indonesia,ID,Fish,2016-,2025,HS2022,144,0302,030236,"030236 - Fish; fresh or chilled, southern bluefin tunas (Thunnus maccoyii), excluding fillets, fish meat of 0304, and edible fish offal of subheadings 0302.91 to 0302.99",broad_prefix_expansion,yes,screening_candidate_not_shipment_evidence
Indonesia,ID,Fish,2016-,2025,HS2022,144,0302,030239,"030239 - Fish; fresh or chilled, tuna, n.e.c. in item no. 0302.3, excluding fillets, fish meat of 0304, and edible fish offal of subheadings 0302.91 to 0302.99",broad_prefix_expansion,yes,screening_candidate_not_shipment_evidence
Indonesia,ID,Fish,2016-,2025,HS2022,144,0302,030241,"030241 - Fish; fresh or chilled, herrings (Clupea harengus, Clupea pallasii), excluding fillets, fish meat of 0304, and edible fish offal of subheadings 0302.91 to 0302.99",broad_prefix_expansion,yes,screening_candidate_not_shipment_evidence
Indonesia,ID,Fish,2016-,2025,HS2022,144,0302,030242,"030242 - Fish; fresh or chilled, anchovies (Engraulis spp.), excluding fillets, fish meat of 0304, and edible fish offal of subheadings 0302.91 to 0302.99",broad_prefix_expansion,yes,screening_candidate_not_shipment_evidence
Indonesia,ID,Fish,2016-,2025,HS2022,144,0302,030243,"030243 - Fish; fresh or chilled, sardines (Sardina pilchardus, Sardinops spp.), sardinella (Sardinella spp.), brisling or sprats (Sprattus sprattus), excluding fillets, fish meat of 0304, and edible fish offal of subheadings 0302.91 to 0302.99",broad_prefix_expansion,yes,screening_candidate_not_shipment_evidence
Indonesia,ID,Fish,2016-,2025,HS2022,144,0302,030244,"030244 - Fish; fresh or chilled, mackerel (Scomber scombrus, Scomber australasicus, Scomber japonicus), excluding fillets, fish meat of 0304, and edible fish offal of subheadings 0302.91 to 0302.99",broad_prefix_expansion,yes,screening_candidate_not_shipment_evidence
Indonesia,ID,Fish,2016-,2025,HS2022,144,0302,030245,"030245 - Fish; fresh or chilled, jack and horse mackerel (Trachurus spp.), excluding fillets, fish meat of 0304, and edible fish offal of subheadings 0302.91 to 0302.99",broad_prefix_expansion,yes,screening_candidate_not_shipment_evidence
Indonesia,ID,Fish,2016-,2025,HS2022,144,0302,030246,"030246 - Fish; fresh or chilled, cobia (Rachycentron canadum), excluding fillets, fish meat of 0304, and edible fish offal of subheadings 0302.91 to 0302.99",broad_prefix_expansion,yes,screening_candidate_not_shipment_evidence
Indonesia,ID,Fish,2016-,2025,HS2022,144,0302,030247,"030247 - Fish; fresh or chilled, swordfish (Xiphias gladius), excluding fillets, fish meat of 0304, and edible fish offal of subheadings 0302.91 to 0302.99",broad_prefix_expansion,yes,screening_candidate_not_shipment_evidence
Indonesia,ID,Fish,2016-,2025,HS2022,144,0302,030249,"030249 - Fish; fresh or chilled, n.e.c. in item no. 0302.4, excluding fillets, fish meat of 0304, and edible fish offal of subheadings 0302.91 to 0302.99",broad_prefix_expansion,yes,screening_candidate_not_shipment_evidence
Indonesia,ID,Fish,2016-,2025,HS2022,144,0302,030251,"030251 - Fish; fresh or chilled, cod (Gadus morhua, Gadus ogac, Gadus macrocephalus), excluding fillets, fish meat of 0304, and edible fish offal of subheadings 0302.91 to 0302.99",broad_prefix_expansion,yes,screening_candidate_not_shipment_evidence
Indonesia,ID,Fish,2016-,2025,HS2022,144,0302,030252,"030252 - Fish; fresh or chilled, haddock (Melanogrammus aeglefinus), excluding fillets, fish meat of 0304, and edible fish offal of subheadings 0302.91 to 0302.99",broad_prefix_expansion,yes,screening_candidate_not_shipment_evidence
Indonesia,ID,Fish,2016-,2025,HS2022,144,0302,030253,"030253 - Fish; fresh or chilled, coalfish (Pollachius virens), excluding fillets, fish meat of 0304, and edible fish offal of subheadings 0302.91 to 0302.99",broad_prefix_expansion,yes,screening_candidate_not_shipment_evidence
Indonesia,ID,Fish,2016-,2025,HS2022,144,0302,030254,"030254 - Fish; fresh or chilled, hake (Merluccius spp., Urophycis spp.), excluding fillets, fish meat of 0304, and edible fish offal of subheadings 0302.91 to 0302.99",broad_prefix_expansion,yes,screening_candidate_not_shipment_evidence
Indonesia,ID,Fish,2016-,2025,HS2022,144,0302,030255,"030255 - Fish; fresh or chilled, Alaska pollock (Theragra chalcogramma), excluding fillets, fish meat of 0304, and edible fish offal of subheadings 0302.91 to 0302.99",broad_prefix_expansion,yes,screening_candidate_not_shipment_evidence
Indonesia,ID,Fish,2016-,2025,HS2022,144,0302,030256,"030256 - Fish; fresh or chilled, blue whitings (Micromesistius poutassou, Micromesistius australis),excluding fillets, fish meat of 0304, and edible fish offal of subheadings 0302.91 to 0302.99",broad_prefix_expansion,yes,screening_candidate_not_shipment_evidence
Indonesia,ID,Fish,2016-,2025,HS2022,144,0302,030259,"030259 - Fish; fresh or chilled, n.e.c. in item no. 0302.5, excluding fillets, fish meat of 0304, and edible fish offal of subheadings 0302.91 to 0302.99",broad_prefix_expansion,yes,screening_candidate_not_shipment_evidence
Indonesia,ID,Fish,2016-,2025,HS2022,144,0302,030271,"030271 - Fish; fresh or chilled, tilapias (Oreochromis spp.), excluding fillets, fish meat of 0304, and edible fish offal of subheadings 0302.91 to 0302.99",broad_prefix_expansion,yes,screening_candidate_not_shipment_evidence
Indonesia,ID,Fish,2016-,2025,HS2022,144,0302,030272,"030272 - Fish; fresh or chilled, catfish (Pangasius spp., Silurus spp., Clarias spp., Ictalurus spp.), excluding fillets, fish meat of 0304, and edible fish offal of subheadings 0302.91 to 0302.99",broad_prefix_expansion,yes,screening_candidate_not_shipment_evidence
Indonesia,ID,Fish,2016-,2025,HS2022,144,0302,030273,"030273 - Fish; fresh or chilled, Carp (as specified by the WCO.), excluding fillets, fish meat of 0304, and edible fish offal of subheadings 0302.91 to 0302.99",broad_prefix_expansion,yes,screening_candidate_not_shipment_evidence
Indonesia,ID,Fish,2016-,2025,HS2022,144,0302,030274,"030274 - Fish; fresh or chilled, eels (Anguilla spp.), excluding fillets, fish meat of 0304, and edible fish offal of subheadings 0302.91 to 0302.99",broad_prefix_expansion,yes,screening_candidate_not_shipment_evidence
Indonesia,ID,Fish,2016-,2025,HS2022,144,0302,030279,"030279 - Fish; fresh or chilled, Nile perch (Lates niloticus) and snakeheads (Channa spp.), excluding fillets, fish meat of 0304, and edible fish offal of subheadings 0302.91 to 0302.99",broad_prefix_expansion,yes,screening_candidate_not_shipment_evidence
Indonesia,ID,Fish,2016-,2025,HS2022,144,0302,030281,"030281 - Fish; fresh or chilled, dogfish and other sharks, excluding fillets, fish meat of 0304, and edible fish offal of subheadings 0302.91 to 0302.99",broad_prefix_expansion,yes,screening_candidate_not_shipment_evidence
Indonesia,ID,Fish,2016-,2025,HS2022,144,0302,030282,"030282 - Fish; fresh or chilled, rays and skates (Rajidae), excluding fillets, fish meat of 0304, and edible fish offal of subheadings 0302.91 to 0302.99",broad_prefix_expansion,yes,screening_candidate_not_shipment_evidence
Indonesia,ID,Fish,2016-,2025,HS2022,144,0302,030283,"030283 - Fish; fresh or chilled, toothfish (Dissostichus spp.), excluding fillets, fish meat of 0304, and edible fish offal of subheadings 0302.91 to 0302.99",broad_prefix_expansion,yes,screening_candidate_not_shipment_evidence
Indonesia,ID,Fish,2016-,2025,HS2022,144,0302,030284,"030284 - Fish; fresh or chilled, seabass (Dicentrarchus spp.), excluding fillets, fish meat of 0304, and edible fish offal of subheadings 0302.91 to 0302.99",broad_prefix_expansion,yes,screening_candidate_not_shipment_evidence
Indonesia,ID,Fish,2016-,2025,HS2022,144,0302,030285,"030285 - Fish; fresh or chilled, seabream (Sparidae), excluding fillets, fish meat of 0304, and edible fish offal of subheadings 0302.91 to 0302.99",broad_prefix_expansion,yes,screening_candidate_not_shipment_evidence
Indonesia,ID,Fish,2016-,2025,HS2022,144,0302,030289,"030289 - Fish; fresh or chilled, n.e.c. in heading 0302, excluding fillets, fish meat of 0304, and edible fish offal of subheadings 0302.91 to 0302.99",broad_prefix_expansion,yes,screening_candidate_not_shipment_evidence
Indonesia,ID,Fish,2016-,2025,HS2022,144,0302,030291,"030291 - Fish; fresh or chilled, livers, roes and milt",broad_prefix_expansion,yes,screening_candidate_not_shipment_evidence
Indonesia,ID,Fish,2016-,2025,HS2022,144,0302,030292,"030292 - Fish; fresh or chilled, shark fins",broad_prefix_expansion,yes,screening_candidate_not_shipment_evidence
Indonesia,ID,Fish,2016-,2025,HS2022,144,0302,030299,"030299 - Fish; fresh or chilled, fish fins (other than shark fins), heads, tails, maws and other edible fish offal",broad_prefix_expansion,yes,screening_candidate_not_shipment_evidence
Indonesia,ID,Fish,2016-,2025,HS2022,145,0303,030311,"030311 - Fish; frozen, Pacific salmon, sockeye salmon (red salmon) (Oncorhynchus nerka), excluding fillets, fish meat of 0304, and edible fish offal of subheadings 0303.91 to 0303.99",broad_prefix_expansion,yes,screening_candidate_not_shipment_evidence
Indonesia,ID,Fish,2016-,2025,HS2022,145,0303,030312,"030312 - Fish; frozen, Pacific salmon (Oncorhynchus gorbuscha/keta/tschawytscha/ kisutch/masou/rhodurus) other than sockeye salmon (Oncorhynchus nerka), excluding fillets, fish meat of 0304, and edible fish offal of subheadings 0303.91 to 0303.99",broad_prefix_expansion,yes,screening_candidate_not_shipment_evidence
Indonesia,ID,Fish,2016-,2025,HS2022,145,0303,030313,"030313 - Fish; frozen, Atlantic salmon (Salmo salar) and Danube salmon (Hucho hucho), excluding fillets, fish meat of 0304, and edible fish offal of subheadings 0303.91 to 0303.99",broad_prefix_expansion,yes,screening_candidate_not_shipment_evidence
Indonesia,ID,Fish,2016-,2025,HS2022,145,0303,030314,"030314 - Fish; frozen, trout (Salmo trutta, Oncorhynchus mykiss, Oncorhynchus clarki, Oncorhynchus aguabonita, Oncorhynchus gilae, Oncorhynchus apache and Oncorhynchus chrysogaster), excluding fillets, meat of 0304, and edible fish offal of 0303.91 to 0303.99",broad_prefix_expansion,yes,screening_candidate_not_shipment_evidence
Indonesia,ID,Fish,2016-,2025,HS2022,145,0303,030319,"030319 - Fish; frozen, salmonidae, n.e.c. in item no. 0303.1, excluding fillets, fish meat of 0304, and edible fish offal of subheadings 0303.91 to 0303.99",broad_prefix_expansion,yes,screening_candidate_not_shipment_evidence
Indonesia,ID,Fish,2016-,2025,HS2022,145,0303,030323,"030323 - Fish; frozen, tilapias (Oreochromis spp.), excluding fillets, fish meat of 0304, and edible fish offal of subheadings 0303.91 to 0303.99",broad_prefix_expansion,yes,screening_candidate_not_shipment_evidence
Indonesia,ID,Fish,2016-,2025,HS2022,145,0303,030324,"030324 - Fish; frozen, catfish (Pangasius spp., Silurus spp., Clarias spp., Ictalurus spp.), excluding fillets, fish meat of 0304, and edible fish offal of subheadings 0303.91 to 0303.99",broad_prefix_expansion,yes,screening_candidate_not_shipment_evidence
Indonesia,ID,Fish,2016-,2025,HS2022,145,0303,030325,"030325 - Fish; frozen, carp (as specified by the WCO), excluding fillets, fish meat of 0304, and edible fish offal of subheadings 0303.91 to 0303.99",broad_prefix_expansion,yes,screening_candidate_not_shipment_evidence
Indonesia,ID,Fish,2016-,2025,HS2022,145,0303,030326,"030326 - Fish; frozen, eels (Anguilla spp.), excluding fillets, fish meat of 0304, and edible fish offal of subheadings 0303.91 to 0303.99",broad_prefix_expansion,yes,screening_candidate_not_shipment_evidence
Indonesia,ID,Fish,2016-,2025,HS2022,145,0303,030329,"030329 - Fish; frozen, Nile perch (Lates niloticus) and snakeheads (Channa spp.), excluding fillets, fish meat of 0304, and edible fish offal of subheadings 0303.91 to 0303.99",broad_prefix_expansion,yes,screening_candidate_not_shipment_evidence
Indonesia,ID,Fish,2016-,2025,HS2022,145,0303,030331,"030331 - Fish; frozen, halibut (Reinhardtius hippoglossoides, Hippoglossus hippoglossus, Hippoglossus stenolepis), excluding fillets, fish meat of 0304, and edible fish offal of subheadings 0303.91 to 0303.99",broad_prefix_expansion,yes,screening_candidate_not_shipment_evidence
Indonesia,ID,Fish,2016-,2025,HS2022,145,0303,030332,"030332 - Fish; frozen, plaice (Pleuronectes platessa), excluding fillets, fish meat of 0304, and edible fish offal of subheadings 0303.91 to 0303.99",broad_prefix_expansion,yes,screening_candidate_not_shipment_evidence
Indonesia,ID,Fish,2016-,2025,HS2022,145,0303,030333,"030333 - Fish; frozen, sole (Solea spp.), excluding fillets, fish meat of 0304, and edible fish offal of subheadings 0303.91 to 0303.99",broad_prefix_expansion,yes,screening_candidate_not_shipment_evidence
Indonesia,ID,Fish,2016-,2025,HS2022,145,0303,030334,"030334 - Fish; frozen, turbots (Psetta maxima, Scophthalmidae), excluding fillets, fish meat of 0304, and edible fish offal of subheadings 0303.91 to 0303.99",broad_prefix_expansion,yes,screening_candidate_not_shipment_evidence
Indonesia,ID,Fish,2016-,2025,HS2022,145,0303,030339,"030339 - Fish; frozen, flat fish, n.e.c. in item no. 0303.3, excluding fillets, fish meat of 0304, and edible fish offal of subheadings 0303.91 to 0303.99",broad_prefix_expansion,yes,screening_candidate_not_shipment_evidence
Indonesia,ID,Fish,2016-,2025,HS2022,145,0303,030341,"030341 - Fish; frozen, albacore or longfinned tunas (Thunnus alalunga), excluding fillets, fish meat of 0304, and edible fish offal of subheadings 0303.91 to 0303.99",broad_prefix_expansion,yes,screening_candidate_not_shipment_evidence
Indonesia,ID,Fish,2016-,2025,HS2022,145,0303,030342,"030342 - Fish; frozen, yellowfin tunas (Thunnus albacares), excluding fillets, fish meat of 0304, and edible fish offal of subheadings 0303.91 to 0303.99",broad_prefix_expansion,yes,screening_candidate_not_shipment_evidence
Indonesia,ID,Fish,2016-,2025,HS2022,145,0303,030343,"030343 - Fish; frozen, skipjack tuna (stripe-bellied bonito) (Katsuwonus pelamis), excluding fillets, fish meat of 0304, and edible fish offal of subheadings 0303.91 to 0303.99",broad_prefix_expansion,yes,screening_candidate_not_shipment_evidence
Indonesia,ID,Fish,2016-,2025,HS2022,145,0303,030344,"030344 - Fish; frozen, bigeye tunas (Thunnus obesus), excluding fillets, fish meat of 0304, and edible fish offal of subheadings 0303.91 to 0303.99",broad_prefix_expansion,yes,screening_candidate_not_shipment_evidence
Indonesia,ID,Fish,2016-,2025,HS2022,145,0303,030345,"030345 - Fish; frozen, Atlantic and Pacific bluefin tunas (Thunnus thynnus, Thunnus orientalis), excluding fillets, fish meat of 0304, and edible fish offal of subheadings 0303.91 to 0303.99",broad_prefix_expansion,yes,screening_candidate_not_shipment_evidence
Indonesia,ID,Fish,2016-,2025,HS2022,145,0303,030346,"030346 - Fish; frozen, southern bluefin tunas (Thunnus maccoyii), excluding fillets, fish meat of 0304, and edible fish offal of subheadings 0303.91 to 0303.99",broad_prefix_expansion,yes,screening_candidate_not_shipment_evidence
Indonesia,ID,Fish,2016-,2025,HS2022,145,0303,030349,"030349 - Fish; frozen, tuna, n.e.c. in item no. 0303.4, excluding fillets, fish meat of 0304, and edible fish offal of subheadings 0303.91 to 0303.99",broad_prefix_expansion,yes,screening_candidate_not_shipment_evidence
Indonesia,ID,Fish,2016-,2025,HS2022,145,0303,030351,"030351 - Fish; frozen, herrings (Clupea harengus, Clupea pallasii), excluding fillets, fish meat of 0304, and edible fish offal of subheadings 0303.91 to 0303.99",broad_prefix_expansion,yes,screening_candidate_not_shipment_evidence
Indonesia,ID,Fish,2016-,2025,HS2022,145,0303,030353,"030353 - Fish; frozen, sardines (Sardina pilchardus, Sardinops spp.), sardinella (Sardinella spp.), brisling or sprats (Sprattus sprattus), excluding fillets, fish meat of 0304, and edible fish offal of subheadings 0303.91 to 0303.99",broad_prefix_expansion,yes,screening_candidate_not_shipment_evidence
Indonesia,ID,Fish,2016-,2025,HS2022,145,0303,030354,"030354 - Fish; frozen, mackerel (Scomber scombrus, Scomber australasicus, Scomber japonicus), excluding fillets, fish meat of 0304, and edible fish offal of subheadings 0303.91 to 0303.99",broad_prefix_expansion,yes,screening_candidate_not_shipment_evidence
Indonesia,ID,Fish,2016-,2025,HS2022,145,0303,030355,"030355 - Fish; frozen, jack and horse mackerel (Trachurus spp.), excluding fillets, fish meat of 0304, and edible fish offal of subheadings 0303.91 to 0303.99",broad_prefix_expansion,yes,screening_candidate_not_shipment_evidence
Indonesia,ID,Fish,2016-,2025,HS2022,145,0303,030356,"030356 - Fish; frozen, cobia (Rachycentron canadum), excluding fillets, fish meat of 0304, and edible fish offal of subheadings 0303.91 to 0303.99",broad_prefix_expansion,yes,screening_candidate_not_shipment_evidence
Indonesia,ID,Fish,2016-,2025,HS2022,145,0303,030357,"030357 - Fish; frozen, swordfish (Xiphias gladius), excluding fillets, fish meat of 0304, and edible fish offal of subheadings 0303.91 to 0303.99",broad_prefix_expansion,yes,screening_candidate_not_shipment_evidence
Indonesia,ID,Fish,2016-,2025,HS2022,145,0303,030359,"030359 - Fish; frozen, n.e.c. in item no. 0303.5, excluding fillets, fish meat of 0304, and edible fish offal of subheadings 0303.91 to 0303.99",broad_prefix_expansion,yes,screening_candidate_not_shipment_evidence
Indonesia,ID,Fish,2016-,2025,HS2022,145,0303,030363,"030363 - Fish; frozen, cod (Gadus morhua, Gadus ogac, Gadus macrocephalus), excluding fillets, fish meat of 0304, and edible fish offal of subheadings 0303.91 to 0303.99",broad_prefix_expansion,yes,screening_candidate_not_shipment_evidence
Indonesia,ID,Fish,2016-,2025,HS2022,145,0303,030364,"030364 - Fish; frozen, haddock (Melanogrammus aeglefinus), excluding fillets, fish meat of 0304, and edible fish offal of subheadings 0303.91 to 0303.99",broad_prefix_expansion,yes,screening_candidate_not_shipment_evidence
Indonesia,ID,Fish,2016-,2025,HS2022,145,0303,030365,"030365 - Fish; frozen, coalfish (Pollachius virens), excluding fillets, fish meat of 0304, and edible fish offal of subheadings 0303.91 to 0303.99",broad_prefix_expansion,yes,screening_candidate_not_shipment_evidence
Indonesia,ID,Fish,2016-,2025,HS2022,145,0303,030366,"030366 - Fish; frozen, hake (Merluccius spp., Urophycis spp.), excluding fillets, fish meat of 0304, and edible fish offal of subheadings 0303.91 to 0303.99",broad_prefix_expansion,yes,screening_candidate_not_shipment_evidence
Indonesia,ID,Fish,2016-,2025,HS2022,145,0303,030367,"030367 - Fish; frozen, Alaska pollock (Theragra chalcogramma), excluding fillets, fish meat of 0304, and edible fish offal of subheadings 0303.91 to 0303.99",broad_prefix_expansion,yes,screening_candidate_not_shipment_evidence
Indonesia,ID,Fish,2016-,2025,HS2022,145,0303,030368,"030368 - Fish; frozen, blue whitings (Micromesistius poutassou, Micromesistius australis), excluding fillets, fish meat of 0304, and edible fish offal of subheadings 0303.91 to 0303.99",broad_prefix_expansion,yes,screening_candidate_not_shipment_evidence
Indonesia,ID,Fish,2016-,2025,HS2022,145,0303,030369,"030369 - Fish; frozen, of Bregmacerotidae, Euclichthyidae, Gadidae, Macrouridae, Melanonidae, Merlucciidae, Moridae, Muraenolepididae, other than cod, haddock, coalfish, hake, Alaska pollack, blue whitings, not fillets, meat of 0304, and edible offal of 0303.9",broad_prefix_expansion,yes,screening_candidate_not_shipment_evidence
Indonesia,ID,Fish,2016-,2025,HS2022,145,0303,030381,"030381 - Fish; frozen, dogfish and other sharks, excluding fillets, fish meat of 0304, and edible fish offal of subheadings 0303.91 to 0303.99",broad_prefix_expansion,yes,screening_candidate_not_shipment_evidence
Indonesia,ID,Fish,2016-,2025,HS2022,145,0303,030382,"030382 - Fish; frozen, rays and skates (Rajidae), excluding fillets, fish meat of 0304, and edible fish offal of subheadings 0303.91 to 0303.99",broad_prefix_expansion,yes,screening_candidate_not_shipment_evidence
Indonesia,ID,Fish,2016-,2025,HS2022,145,0303,030383,"030383 - Fish; frozen, toothfish (Dissostichus spp.), excluding fillets, livers, roes, and edible fish offal of subheadings 0303.91 to 0303.99",broad_prefix_expansion,yes,screening_candidate_not_shipment_evidence
Indonesia,ID,Fish,2016-,2025,HS2022,145,0303,030384,"030384 - Fish; frozen, seabass (Dicentrarchus spp.), excluding fillets, fish meat of 0304, and edible fish offal of subheadings 0303.91 to 0303.99",broad_prefix_expansion,yes,screening_candidate_not_shipment_evidence
Indonesia,ID,Fish,2016-,2025,HS2022,145,0303,030389,"030389 - Fish; frozen, n.e.c. in heading 0303, excluding fillets, fish meat of 0304, and edible fish offal of subheadings 0303.91 to 0303.99",broad_prefix_expansion,yes,screening_candidate_not_shipment_evidence
Indonesia,ID,Fish,2016-,2025,HS2022,145,0303,030391,"030391 - Fish; frozen, livers, roes and milt",broad_prefix_expansion,yes,screening_candidate_not_shipment_evidence
Indonesia,ID,Fish,2016-,2025,HS2022,145,0303,030392,"030392 - Fish; frozen, shark fins",broad_prefix_expansion,yes,screening_candidate_not_shipment_evidence
Indonesia,ID,Fish,2016-,2025,HS2022,145,0303,030399,"030399 - Fish; frozen, fish fins (other than shark fins), heads, tails, maws and other edible fish offal",broad_prefix_expansion,yes,screening_candidate_not_shipment_evidence
Indonesia,ID,Fish,2016-,2025,HS2022,146,0304,030431,"030431 - Fish fillets; fresh or chilled, tilapias (Oreochromis spp.)",broad_prefix_expansion,yes,screening_candidate_not_shipment_evidence
Indonesia,ID,Fish,2016-,2025,HS2022,146,0304,030432,"030432 - Fish fillets; fresh or chilled, catfish (Pangasius spp., Silurus spp., Clarias spp., Ictalurus spp.)",broad_prefix_expansion,yes,screening_candidate_not_shipment_evidence
Indonesia,ID,Fish,2016-,2025,HS2022,146,0304,030433,"030433 - Fish fillets; fresh or chilled, Nile perch (Lates niloticus)",broad_prefix_expansion,yes,screening_candidate_not_shipment_evidence
Indonesia,ID,Fish,2016-,2025,HS2022,146,0304,030439,"030439 - Fish fillets; fresh or chilled, carp (as specified by the WCO), eels (Anguilla spp.), and snakeheads (Channa spp.)",broad_prefix_expansion,yes,screening_candidate_not_shipment_evidence
Indonesia,ID,Fish,2016-,2025,HS2022,146,0304,030441,"030441 - Fish fillets; fresh or chilled, salmon, Pacific (Oncorhynchus nerka, Oncorhynchus gorbuscha, Oncorhynchus keta, Oncorhynchus tschawytscha, Oncorhynchus kisutch, Oncorhynchus masou and Oncorhynchus rhodurus), Atlantic (Salmo salar), Danube (Hucho hucho)",broad_prefix_expansion,yes,screening_candidate_not_shipment_evidence
Indonesia,ID,Fish,2016-,2025,HS2022,146,0304,030442,"030442 - Fish fillets; fresh or chilled, trout (Salmo trutta, Oncorhynchus mykiss, Oncorhynchus clarki, Oncorhynchus aguabonita, Oncorhynchus gilae, Oncorhynchus apache and Oncorhynchus chrysogaster)",broad_prefix_expansion,yes,screening_candidate_not_shipment_evidence
Indonesia,ID,Fish,2016-,2025,HS2022,146,0304,030443,"030443 - Fish fillets; fresh or chilled, flat fish (Pleuronectidae, Bothidae, Cynoglossidae, Soleidae, Scophthalmidae and Citharidae)",broad_prefix_expansion,yes,screening_candidate_not_shipment_evidence
Indonesia,ID,Fish,2016-,2025,HS2022,146,0304,030444,"030444 - Fish fillets; fresh or chilled, of the families Bregmacerotidae, Euclichthyidae, Gadidae, Macrouridae, Melanonidae, Merlucciidae, Moridae, and Muraenolepididae",broad_prefix_expansion,yes,screening_candidate_not_shipment_evidence
Indonesia,ID,Fish,2016-,2025,HS2022,146,0304,030445,"030445 - Fish fillets; fresh or chilled, swordfish (Xiphias gladius)",broad_prefix_expansion,yes,screening_candidate_not_shipment_evidence
Indonesia,ID,Fish,2016-,2025,HS2022,146,0304,030446,"030446 - Fish fillets; fresh or chilled, toothfish (Dissostichus spp.)",broad_prefix_expansion,yes,screening_candidate_not_shipment_evidence
Indonesia,ID,Fish,2016-,2025,HS2022,146,0304,030447,"030447 - Fish fillets; fresh or chilled, dogfish and other sharks",broad_prefix_expansion,yes,screening_candidate_not_shipment_evidence
Indonesia,ID,Fish,2016-,2025,HS2022,146,0304,030448,"030448 - Fish fillets; fresh or chilled, rays and skates (Rajidae)",broad_prefix_expansion,yes,screening_candidate_not_shipment_evidence
Indonesia,ID,Fish,2016-,2025,HS2022,146,0304,030449,"030449 - Fish fillets; fresh or chilled, other than fish of heading 0304.4",broad_prefix_expansion,yes,screening_candidate_not_shipment_evidence
Indonesia,ID,Fish,2016-,2025,HS2022,146,0304,030451,"030451 - Fish meat, excluding fillets, whether or not minced; fresh or chilled, tilapias, catfish, carp, eels, Nile perch, and snakeheads",broad_prefix_expansion,yes,screening_candidate_not_shipment_evidence
Indonesia,ID,Fish,2016-,2025,HS2022,146,0304,030452,"030452 - Fish meat, excluding fillets, whether or not minced; fresh or chilled, salmonidae",broad_prefix_expansion,yes,screening_candidate_not_shipment_evidence
Indonesia,ID,Fish,2016-,2025,HS2022,146,0304,030453,"030453 - Fish meat, excluding fillets, whether or not minced; fresh or chilled, of the families Bregmacerotidae, Euclichthyidae, Gadidae, Macrouridae, Melanonidae, Merlucciidae, Moridae, and Muraenolepididae",broad_prefix_expansion,yes,screening_candidate_not_shipment_evidence
Indonesia,ID,Fish,2016-,2025,HS2022,146,0304,030454,"030454 - Fish meat, excluding fillets, whether or not minced; fresh or chilled, swordfish (Xiphias gladius)",broad_prefix_expansion,yes,screening_candidate_not_shipment_evidence
Indonesia,ID,Fish,2016-,2025,HS2022,146,0304,030455,"030455 - Fish meat, excluding fillets, whether or not minced; fresh or chilled, toothfish (Dissostichus spp.)",broad_prefix_expansion,yes,screening_candidate_not_shipment_evidence
Indonesia,ID,Fish,2016-,2025,HS2022,146,0304,030456,"030456 - Fish meat; excluding fillets, whether or not minced; fresh or chilled, dogfish and other sharks",broad_prefix_expansion,yes,screening_candidate_not_shipment_evidence
Indonesia,ID,Fish,2016-,2025,HS2022,146,0304,030457,"030457 - Fish meat; excluding fillets, whether or not minced; fresh or chilled, rays and skates (Rajidae)",broad_prefix_expansion,yes,screening_candidate_not_shipment_evidence
Indonesia,ID,Fish,2016-,2025,HS2022,146,0304,030459,"030459 - Fish meat; excluding fillets, whether or not minced; fresh or chilled, of fish n.e.c. in item no. 0304.5",broad_prefix_expansion,yes,screening_candidate_not_shipment_evidence
Indonesia,ID,Fish,2016-,2025,HS2022,146,0304,030461,"030461 - Fish fillets; frozen, tilapias (Oreochromis spp.)",broad_prefix_expansion,yes,screening_candidate_not_shipment_evidence
Indonesia,ID,Fish,2016-,2025,HS2022,146,0304,030462,"030462 - Fish fillets; frozen, catfish (Pangasius spp., Silurus spp., Clarias spp., Ictalurus spp.)",broad_prefix_expansion,yes,screening_candidate_not_shipment_evidence
Indonesia,ID,Fish,2016-,2025,HS2022,146,0304,030463,"030463 - Fish fillets; frozen, Nile Perch (Lates niloticus)",broad_prefix_expansion,yes,screening_candidate_not_shipment_evidence
Indonesia,ID,Fish,2016-,2025,HS2022,146,0304,030469,"030469 - Fish fillets; frozen, carp (Cyprinus/Carassius/Ctenopharyngodon idellus/Hypophthalmichthys/Cirrhinus/Mylopharyngodon piceus/Catla catla/Labeo/Osteochilus hasselti/Leptobarbus hoeveni/Megalobrama), eels (Anguilla) and snakeheads (Channa)",broad_prefix_expansion,yes,screening_candidate_not_shipment_evidence
Indonesia,ID,Fish,2016-,2025,HS2022,146,0304,030471,"030471 - Fish fillets; frozen, cod (Gadus morhua, Gadus ogac, Gadus macrocephalus)",broad_prefix_expansion,yes,screening_candidate_not_shipment_evidence
Indonesia,ID,Fish,2016-,2025,HS2022,146,0304,030472,"030472 - Fish fillets; frozen, haddock (Melanogrammus aeglefinus)",broad_prefix_expansion,yes,screening_candidate_not_shipment_evidence
Indonesia,ID,Fish,2016-,2025,HS2022,146,0304,030473,"030473 - Fish fillets; frozen, coalfish (Pollachius virens)",broad_prefix_expansion,yes,screening_candidate_not_shipment_evidence
Indonesia,ID,Fish,2016-,2025,HS2022,146,0304,030474,"030474 - Fish fillets; frozen, hake (Merluccius spp., Urophycis spp.)",broad_prefix_expansion,yes,screening_candidate_not_shipment_evidence
Indonesia,ID,Fish,2016-,2025,HS2022,146,0304,030475,"030475 - Fish fillets; frozen, Alaska pollock (Theragra chalcogramma)",broad_prefix_expansion,yes,screening_candidate_not_shipment_evidence
Indonesia,ID,Fish,2016-,2025,HS2022,146,0304,030479,"030479 - Fish fillets; frozen, of the families Bregmacerotidae, Euclichthyidae, Gadidae, Macrouridae, Melanonidae, Merlucciidae, Moridae and Muraenolepididae other than cod, haddock, coalfish, hake, and Alaska pollock",broad_prefix_expansion,yes,screening_candidate_not_shipment_evidence
Indonesia,ID,Fish,2016-,2025,HS2022,146,0304,030481,"030481 - Fish fillets; frozen, salmon, Pacific (Oncorhynchus nerka, Oncorhynchus gorbuscha, Oncorhynchus keta, Oncorhynchus tschawytscha, Oncorhynchus kisutch, Oncorhynchus masou, Oncorhynchus rhodurus), Atlantic (Salmo salar), and Danube (Hucho hucho)",broad_prefix_expansion,yes,screening_candidate_not_shipment_evidence
Indonesia,ID,Fish,2016-,2025,HS2022,146,0304,030482,"030482 - Fish fillets; frozen, trout (Salmo trutta, Oncorhynchus mykiss, Oncorhynchus clarki, Oncorhynchus aguabonita, Oncorhynchus gilae, Oncorhynchus apache and Oncorhynchus chrysogaster)",broad_prefix_expansion,yes,screening_candidate_not_shipment_evidence
Indonesia,ID,Fish,2016-,2025,HS2022,146,0304,030483,"030483 - Fish fillets; frozen, flat fish (Pleuronectidae, Bothidae, Cynoglossidae, Soleidae, Scophthalmidae and Citharidae)",broad_prefix_expansion,yes,screening_candidate_not_shipment_evidence
Indonesia,ID,Fish,2016-,2025,HS2022,146,0304,030484,"030484 - Fish fillets; frozen, swordfish (Xiphias gladius)",broad_prefix_expansion,yes,screening_candidate_not_shipment_evidence
Indonesia,ID,Fish,2016-,2025,HS2022,146,0304,030485,"030485 - Fish fillets; frozen, toothfish (Dissostichus spp.)",broad_prefix_expansion,yes,screening_candidate_not_shipment_evidence
Indonesia,ID,Fish,2016-,2025,HS2022,146,0304,030486,"030486 - Fish fillets; frozen, herrings (Clupea harengus, Clupea pallasii)",broad_prefix_expansion,yes,screening_candidate_not_shipment_evidence
Indonesia,ID,Fish,2016-,2025,HS2022,146,0304,030487,"030487 - Fish fillets; frozen, tunas (of the genus Thunnus), skipjack tuna (stripe-bellied bonito) (Katsuwonus pelamis)",broad_prefix_expansion,yes,screening_candidate_not_shipment_evidence
Indonesia,ID,Fish,2016-,2025,HS2022,146,0304,030488,"030488 - Fish fillets; frozen, dogfish, other sharks, rays and skates (Rajidae)",broad_prefix_expansion,yes,screening_candidate_not_shipment_evidence
Indonesia,ID,Fish,2016-,2025,HS2022,146,0304,030489,"030489 - Fish fillets; frozen, of fish n.e.c. in heading 0304.8",broad_prefix_expansion,yes,screening_candidate_not_shipment_evidence
Indonesia,ID,Fish,2016-,2025,HS2022,146,0304,030491,"030491 - Fish meat, excluding fillets, whether or not minced; frozen, swordfish (Xiphias gladius)",broad_prefix_expansion,yes,screening_candidate_not_shipment_evidence
Indonesia,ID,Fish,2016-,2025,HS2022,146,0304,030492,"030492 - Fish meat, excluding fillets, whether or not minced; frozen, toothfish (Dissostichus spp.)",broad_prefix_expansion,yes,screening_candidate_not_shipment_evidence
Indonesia,ID,Fish,2016-,2025,HS2022,146,0304,030493,"030493 - Fish meat, excluding fillets, whether or not minced; frozen, tilapias, catfish, carp, eels, Nile perch, and snakeheads",broad_prefix_expansion,yes,screening_candidate_not_shipment_evidence
Indonesia,ID,Fish,2016-,2025,HS2022,146,0304,030494,"030494 - Fish meat, excluding fillets, whether or not minced; frozen, Alaska Pollock (Theragra chalcogramma)",broad_prefix_expansion,yes,screening_candidate_not_shipment_evidence
Indonesia,ID,Fish,2016-,2025,HS2022,146,0304,030495,"030495 - Fish meat, excluding fillets, whether or not minced; frozen, of the families Bregmacerotidae, Euclichthyidae, Gadidae, Macrouridae, Melanonidae, Merlucciidae, Moridae and Muraenolepididae, other than Alaska Pollock (Theragra chalcogramma)",broad_prefix_expansion,yes,screening_candidate_not_shipment_evidence
Indonesia,ID,Fish,2016-,2025,HS2022,146,0304,030496,"030496 - Fish meat, excluding fillets, whether or not minced; frozen, dogfish and other sharks",broad_prefix_expansion,yes,screening_candidate_not_shipment_evidence
Indonesia,ID,Fish,2016-,2025,HS2022,146,0304,030497,"030497 - Fish meat, excluding fillets, whether or not minced; frozen, rays and skates (Rajidae)",broad_prefix_expansion,yes,screening_candidate_not_shipment_evidence
Indonesia,ID,Fish,2016-,2025,HS2022,146,0304,030499,"030499 - Fish meat, excluding fillets, whether or not minced; frozen, n.e.c. in item no. 0304.9",broad_prefix_expansion,yes,screening_candidate_not_shipment_evidence
Indonesia,ID,Oil (palm),2020-,2025,HS2022,240,1207.10.0000,120710,"120710 - Oil seeds; palm nuts and kernels, whether or not broken",hts_prefix_to_hs6,yes,screening_candidate_not_shipment_evidence
Indonesia,ID,Oil (palm),2020-,2025,HS2022,241,1511,151110,"151110 - Vegetable oils; palm oil and its fractions, crude, not chemically modified",broad_prefix_expansion,yes,screening_candidate_not_shipment_evidence
Indonesia,ID,Oil (palm),2020-,2025,HS2022,241,1511,151190,"151190 - Vegetable oils; palm oil and its fractions, other than crude, whether or not refined, but not chemically modified",broad_prefix_expansion,yes,screening_candidate_not_shipment_evidence
Indonesia,ID,Oil (palm),2020-,2025,HS2022,242,1513.21.0000,151321,"151321 - Vegetable oils; palm kernel or babassu oil and their fractions, crude, not chemically modified",hts_prefix_to_hs6,yes,screening_candidate_not_shipment_evidence
Indonesia,ID,Oil (palm),2020-,2025,HS2022,243,1513.29.0000,151329,"151329 - Vegetable oils; palm kernel or babassu oil and their fractions, other than crude, whether or not refined, but not chemically modified",hts_prefix_to_hs6,yes,screening_candidate_not_shipment_evidence
Indonesia,ID,Oil (palm),2020-,2025,HS2022,244,2306.60.0000,230660,"230660 - Oil-cake and other solid residues; whether or not ground or in the form of pellets, resulting from the extraction of palm nuts or kernels oils",hts_prefix_to_hs6,yes,screening_candidate_not_shipment_evidence
India,IN,Bricks,2009-,2025,HS2022,49,6810.11,681011,"681011 - Cement, concrete or artificial stone; building blocks or bricks, whether or not reinforced",exact_hs6,no,screening_candidate_not_shipment_evidence
India,IN,Bricks,2009-,2025,HS2022,50,6901,690100,"690100 - Bricks, blocks, tiles and other ceramic goods of siliceous fossil meals (e.g. kieselguhr, tripolite or diatomite) or of similar siliceous earths",broad_prefix_expansion,yes,screening_candidate_not_shipment_evidence
India,IN,Bricks,2009-,2025,HS2022,51,6902.1,690210,"690210 - Refractory bricks, blocks, tiles and similar refractory ceramic constructional goods; containing by weight, singly or together, more than 50% of the elements Mg, Ca or Cr, expressed as MgO, CaO or Cr2o3",broad_prefix_expansion,yes,screening_candidate_not_shipment_evidence
India,IN,Bricks,2009-,2025,HS2022,52,6902.20.10,690220,"690220 - Refractory bricks, blocks, tiles and similar refractory ceramic constructional goods; containing by weight more than 50% of alumina (Al2o3), of silica (SiO2) or of a mixture or compound of these",hts_prefix_to_hs6,yes,screening_candidate_not_shipment_evidence
India,IN,Bricks,2009-,2025,HS2022,53,6902.90.10,690290,"690290 - Refractory bricks, blocks, tiles and similar refractory ceramic constructional goods; n.e.c. in item no. 6902.1 or 6902.2",hts_prefix_to_hs6,yes,screening_candidate_not_shipment_evidence
India,IN,Bricks,2009-,2025,HS2022,54,6904,690410,690410 - Ceramic building bricks,broad_prefix_expansion,yes,screening_candidate_not_shipment_evidence
India,IN,Bricks,2009-,2025,HS2022,54,6904,690490,"690490 - Ceramic flooring blocks, supports or filler tiles and the like (excluding building bricks)",broad_prefix_expansion,yes,screening_candidate_not_shipment_evidence
India,IN,Carpets,2009-,2025,HS2022,62,5701,570110,"570110 - Carpets and other textile floor coverings; knotted, of wool or fine animal hair, whether or not made up",broad_prefix_expansion,yes,screening_candidate_not_shipment_evidence
India,IN,Carpets,2009-,2025,HS2022,62,5701,570190,"570190 - Carpets and other textile floor coverings; knotted, of textile materials (other than wool or fine animal hair), whether or not made up",broad_prefix_expansion,yes,screening_candidate_not_shipment_evidence
India,IN,Carpets,2009-,2025,HS2022,63,5702,570210,"570210 - Carpets and other textile floor coverings; woven, (not tufted or flocked), whether or not made up, including kelem, schumacks, karamanie and similar hand-woven rugs",broad_prefix_expansion,yes,screening_candidate_not_shipment_evidence
India,IN,Carpets,2009-,2025,HS2022,63,5702,570220,"570220 - Carpets and other textile floor coverings; woven, (not tufted or flocked), whether or not made up, of coconut fibres (coir)",broad_prefix_expansion,yes,screening_candidate_not_shipment_evidence
India,IN,Carpets,2009-,2025,HS2022,63,5702,570231,"570231 - Carpets and other textile floor coverings; woven, (not tufted or flocked), of wool or fine animal hair, of pile construction, not made up, n.e.c. in item no. 5702.10 or 5702.20",broad_prefix_expansion,yes,screening_candidate_not_shipment_evidence
India,IN,Carpets,2009-,2025,HS2022,63,5702,570232,"570232 - Carpets and other textile floor coverings; woven, (not tufted or flocked), of man-made textile materials, of pile construction, not made up, n.e.c. in item no. 5702.10 or 5702.20",broad_prefix_expansion,yes,screening_candidate_not_shipment_evidence
India,IN,Carpets,2009-,2025,HS2022,63,5702,570239,"570239 - Carpets and other textile floor coverings; woven, (not tufted or flocked), of textile materials (other than man-made, wool or fine animal hair), of pile construction, not made up, n.e.c. in item no. 5702.10 or 5702.20",broad_prefix_expansion,yes,screening_candidate_not_shipment_evidence
India,IN,Carpets,2009-,2025,HS2022,63,5702,570241,"570241 - Carpets and other textile floor coverings; woven, (not tufted or flocked), of wool or fine animal hair, of pile construction, made up, n.e.c. in item no. 5702.10 or 5702.20",broad_prefix_expansion,yes,screening_candidate_not_shipment_evidence
India,IN,Carpets,2009-,2025,HS2022,63,5702,570242,"570242 - Carpets and other textile floor coverings; woven, (not tufted or flocked), of man-made textile materials, of pile construction, made up, n.e.c. in item no. 5702.10 or 5702.20",broad_prefix_expansion,yes,screening_candidate_not_shipment_evidence
India,IN,Carpets,2009-,2025,HS2022,63,5702,570249,"570249 - Carpets and other textile floor coverings; woven, (not tufted or flocked), of textile materials (other than man-made, wool or fine animal hair), of pile construction, made up, n.e.c. in item no. 5702.10 or 5702.20",broad_prefix_expansion,yes,screening_candidate_not_shipment_evidence
India,IN,Carpets,2009-,2025,HS2022,63,5702,570250,"570250 - Carpets and other textile floor coverings; woven, (not tufted or flocked), not of pile construction, not made up, n.e.c. in item no. 5702.10 or 5702.20",broad_prefix_expansion,yes,screening_candidate_not_shipment_evidence
India,IN,Carpets,2009-,2025,HS2022,63,5702,570291,"570291 - Carpets and other textile floor coverings; woven, (not tufted or flocked), of wool or fine animal hair, (not of pile construction), made up, n.e.c. in item no. 5702.10 or 5702.20",broad_prefix_expansion,yes,screening_candidate_not_shipment_evidence
India,IN,Carpets,2009-,2025,HS2022,63,5702,570292,"570292 - Carpets and other textile floor coverings; woven, (not tufted or flocked), of man-made textile materials, (not of pile construction), made up, n.e.c. in item no. 5702.10 or 5702.20",broad_prefix_expansion,yes,screening_candidate_not_shipment_evidence
India,IN,Carpets,2009-,2025,HS2022,63,5702,570299,"570299 - Carpets and other textile floor coverings; woven, (not tufted or flocked), of textile materials (other than man-made or wool or fine animal hair, not of pile construction), made up, n.e.c. in item no. 5702.10 or 5702.20",broad_prefix_expansion,yes,screening_candidate_not_shipment_evidence
India,IN,Carpets,2009-,2025,HS2022,64,5703,570310,"570310 - Carpets and other textile floor coverings (including turf); tufted, of wool or fine animal hair, whether or not made up",broad_prefix_expansion,yes,screening_candidate_not_shipment_evidence
India,IN,Carpets,2009-,2025,HS2022,64,5703,570321,"570321 - Carpets and other textile floor coverings; tufted, of nylon or other polyamides, whether or not made up",broad_prefix_expansion,yes,screening_candidate_not_shipment_evidence
India,IN,Carpets,2009-,2025,HS2022,64,5703,570329,"570329 - Carpets; tufted, of nylon or other polyamides, whether or not made up",broad_prefix_expansion,yes,screening_candidate_not_shipment_evidence
India,IN,Carpets,2009-,2025,HS2022,64,5703,570331,"570331 - Carpets and other textile floor coverings; tufted, of other man-made textile materials (other than polyamides), whether or not made up",broad_prefix_expansion,yes,screening_candidate_not_shipment_evidence
India,IN,Carpets,2009-,2025,HS2022,64,5703,570339,"570339 - Carpets; tufted, of man-made textile materials (other than polyamides), whether of not made up",broad_prefix_expansion,yes,screening_candidate_not_shipment_evidence
India,IN,Carpets,2009-,2025,HS2022,64,5703,570390,"570390 - Carpets and other textile floor coverings; tufted, of textile materials (other than man-made, wool or fine animal hair), whether or not made up",broad_prefix_expansion,yes,screening_candidate_not_shipment_evidence
India,IN,Carpets,2009-,2025,HS2022,65,5704,570410,"570410 - Textile floor coverings; felt tiles, (not tufted or flocked), whether or not made up, having a maximum surface area of 0.3m2",broad_prefix_expansion,yes,screening_candidate_not_shipment_evidence
India,IN,Carpets,2009-,2025,HS2022,65,5704,570420,"570420 - Carpets and other textile floor coverings; of felt, (not tufted or flocked), whether or not made up, having a maximum surface area exceeding 0.3 m2 but not exceeding 1 m2",broad_prefix_expansion,yes,screening_candidate_not_shipment_evidence
India,IN,Carpets,2009-,2025,HS2022,65,5704,570490,"570490 - Carpets and other textile floor coverings; of felt, (not tufted or flocked), in the piece, whether or not made up, having a maximum surface area exceeding 1 m2",broad_prefix_expansion,yes,screening_candidate_not_shipment_evidence
India,IN,Carpets,2009-,2025,HS2022,66,5705,570500,"570500 - Carpets and other textile floor coverings; n.e.c. in chapter 57, whether or not made up",broad_prefix_expansion,yes,screening_candidate_not_shipment_evidence
India,IN,Cottonseed (hybrid),2009-,2025,HS2022,112,1207.21.0000,120721,"120721 - Oil seeds; cotton seeds, seed, whether or not broken",hts_prefix_to_hs6,yes,screening_candidate_not_shipment_evidence
India,IN,Cottonseed (hybrid),2009-,2025,HS2022,113,1207.29.0000,120729,"120729 - Oil seeds; cotton seeds, other than seed, whether or not broken",hts_prefix_to_hs6,yes,screening_candidate_not_shipment_evidence
India,IN,Embellished Textiles,2009-,2025,HS2022,128,5407.91.2010,540791,"540791 - Fabrics, woven; of synthetic filament yarn, bleached or unbleached, n.e.c. in heading no. 5407",hts_prefix_to_hs6,yes,screening_candidate_not_shipment_evidence
India,IN,Embellished Textiles,2009-,2025,HS2022,129,5407.92.2010,540792,"540792 - Fabrics, woven; of synthetic filament yarn, dyed, n.e.c. in heading 5407",hts_prefix_to_hs6,yes,screening_candidate_not_shipment_evidence
India,IN,Embellished Textiles,2009-,2025,HS2022,130,5809.00.0000,580900,"580900 - Fabrics, woven; of metal thread and metallised yarn of heading no. 5605, of a kind used in apparel, as furnishing fabrics or similar purposes; n.e.c. or included",hts_prefix_to_hs6,yes,screening_candidate_not_shipment_evidence
India,IN,Garments,2009-,2025,HS2022,162,61,610120,"610120 - Coats; men's or boys' overcoats, car-coats, capes, anoraks, wind-jackets and similar articles, of cotton, knitted or crocheted (excluding those of heading no. 6103)",broad_prefix_expansion,yes,screening_candidate_not_shipment_evidence
India,IN,Garments,2009-,2025,HS2022,162,61,610130,"610130 - Coats; men's or boys' overcoats, car-coats, capes, anoraks, wind-jackets and similar articles, of man-made fibres, knitted or crocheted, (excluding those of heading no. 6103)",broad_prefix_expansion,yes,screening_candidate_not_shipment_evidence
India,IN,Garments,2009-,2025,HS2022,162,61,610190,"610190 - Coats; men's or boys' overcoats, car-coats, capes, anoraks, wind-jackets and similar articles, of textile materials n.e.c. in heading no. 6101, knitted or crocheted (excluding those of heading no. 6103)",broad_prefix_expansion,yes,screening_candidate_not_shipment_evidence
India,IN,Garments,2009-,2025,HS2022,162,61,610210,"610210 - Coats; women's or girls' overcoats, car-coats, capes, anoraks, wind-jackets and similar articles, of wool or fine animal hair, knitted or crocheted (excluding those of heading no. 6104)",broad_prefix_expansion,yes,screening_candidate_not_shipment_evidence
India,IN,Garments,2009-,2025,HS2022,162,61,610220,"610220 - Coats; women's or girls' overcoats, car-coats, capes, anoraks, wind-jackets and similar articles, of cotton, knitted or crocheted (excluding those of heading no. 6104)",broad_prefix_expansion,yes,screening_candidate_not_shipment_evidence
India,IN,Garments,2009-,2025,HS2022,162,61,610230,"610230 - Coats; women's or girls' overcoats, car-coats, capes, anoraks, wind-jackets and similar articles, of man-made fibres, knitted or crocheted (excluding those of heading no. 6104)",broad_prefix_expansion,yes,screening_candidate_not_shipment_evidence
India,IN,Garments,2009-,2025,HS2022,162,61,610290,"610290 - Coats; women's or girls' overcoats, car-coats, capes, anoraks, wind-jackets and similar articles, of textile materials n.e.c. in heading no. 6102, knitted or crocheted (excluding those of heading no. 6104)",broad_prefix_expansion,yes,screening_candidate_not_shipment_evidence
India,IN,Garments,2009-,2025,HS2022,162,61,610310,"610310 - Suits; men's or boys', knitted or crocheted",broad_prefix_expansion,yes,screening_candidate_not_shipment_evidence
India,IN,Garments,2009-,2025,HS2022,162,61,610322,"610322 - Ensembles; men's or boys', of cotton, knitted or crocheted",broad_prefix_expansion,yes,screening_candidate_not_shipment_evidence
India,IN,Garments,2009-,2025,HS2022,162,61,610323,"610323 - Ensembles; men's or boys', of synthetic fibres, knitted or crocheted",broad_prefix_expansion,yes,screening_candidate_not_shipment_evidence
India,IN,Garments,2009-,2025,HS2022,162,61,610329,"610329 - Ensembles; men's or boys', of textile materials (other than cotton or synthetic fibres), knitted or crocheted",broad_prefix_expansion,yes,screening_candidate_not_shipment_evidence
India,IN,Garments,2009-,2025,HS2022,162,61,610331,"610331 - Jackets and blazers; men's or boys', of wool or fine animal hair, knitted or crocheted",broad_prefix_expansion,yes,screening_candidate_not_shipment_evidence
India,IN,Garments,2009-,2025,HS2022,162,61,610332,"610332 - Jackets and blazers; men's or boys', of cotton, knitted or crocheted",broad_prefix_expansion,yes,screening_candidate_not_shipment_evidence
India,IN,Garments,2009-,2025,HS2022,162,61,610333,"610333 - Jackets and blazers; men's or boys', of synthetic fibres, knitted or crocheted",broad_prefix_expansion,yes,screening_candidate_not_shipment_evidence
India,IN,Garments,2009-,2025,HS2022,162,61,610339,"610339 - Jackets and blazers; men's or boys', of textile materials (other than wool or fine animal hair, cotton or synthetic fibres), knitted or crocheted",broad_prefix_expansion,yes,screening_candidate_not_shipment_evidence
India,IN,Garments,2009-,2025,HS2022,162,61,610341,"610341 - Trousers, bib and brace overalls, breeches and shorts; men's or boys', of wool or fine animal hair, knitted or crocheted",broad_prefix_expansion,yes,screening_candidate_not_shipment_evidence
India,IN,Garments,2009-,2025,HS2022,162,61,610342,"610342 - Trousers, bib and brace overalls, breeches and shorts; men's or boys', of cotton, knitted or crocheted",broad_prefix_expansion,yes,screening_candidate_not_shipment_evidence
India,IN,Garments,2009-,2025,HS2022,162,61,610343,"610343 - Trousers, bib and brace overalls, breeches and shorts; men's or boys', of synthetic fibres, knitted or crocheted",broad_prefix_expansion,yes,screening_candidate_not_shipment_evidence
India,IN,Garments,2009-,2025,HS2022,162,61,610349,"610349 - Trousers, bib and brace overalls, breeches and shorts; men's or boys', of textile materials (other than wool or fine animal hair, cotton or synthetic fibres), knitted or crocheted",broad_prefix_expansion,yes,screening_candidate_not_shipment_evidence
India,IN,Garments,2009-,2025,HS2022,162,61,610413,"610413 - Suits; women's or girls', of synthetic fibres, knitted or crocheted",broad_prefix_expansion,yes,screening_candidate_not_shipment_evidence
India,IN,Garments,2009-,2025,HS2022,162,61,610419,"610419 - Suits; women's or girls', of textile materials (other than synthetic fibres), knitted or crocheted",broad_prefix_expansion,yes,screening_candidate_not_shipment_evidence
India,IN,Garments,2009-,2025,HS2022,162,61,610422,"610422 - Ensembles; women's or girls', of cotton, knitted or crocheted",broad_prefix_expansion,yes,screening_candidate_not_shipment_evidence
India,IN,Garments,2009-,2025,HS2022,162,61,610423,"610423 - Ensembles; women's or girls', of synthetic fibres, knitted or crocheted",broad_prefix_expansion,yes,screening_candidate_not_shipment_evidence
India,IN,Garments,2009-,2025,HS2022,162,61,610429,"610429 - Ensembles; women's or girls', of textile materials (other than cotton or synthetic fibres), knitted or crocheted",broad_prefix_expansion,yes,screening_candidate_not_shipment_evidence
India,IN,Garments,2009-,2025,HS2022,162,61,610431,"610431 - Jackets; women's or girls', of wool or fine animal hair, knitted or crocheted",broad_prefix_expansion,yes,screening_candidate_not_shipment_evidence
India,IN,Garments,2009-,2025,HS2022,162,61,610432,"610432 - Jackets; women's or girls', of cotton, knitted or crocheted",broad_prefix_expansion,yes,screening_candidate_not_shipment_evidence
India,IN,Garments,2009-,2025,HS2022,162,61,610433,"610433 - Jackets; women's or girls', of synthetic fibres, knitted or crocheted",broad_prefix_expansion,yes,screening_candidate_not_shipment_evidence
India,IN,Garments,2009-,2025,HS2022,162,61,610439,"610439 - Jackets; women's or girls', of textile materials (other than wool or fine animal hair, cotton or synthetic fibres), knitted or crocheted",broad_prefix_expansion,yes,screening_candidate_not_shipment_evidence
India,IN,Garments,2009-,2025,HS2022,162,61,610441,"610441 - Dresses; women's or girls', of wool or fine animal hair, knitted or crocheted",broad_prefix_expansion,yes,screening_candidate_not_shipment_evidence
India,IN,Garments,2009-,2025,HS2022,162,61,610442,"610442 - Dresses; women's or girls', of cotton, knitted or crocheted",broad_prefix_expansion,yes,screening_candidate_not_shipment_evidence
India,IN,Garments,2009-,2025,HS2022,162,61,610443,"610443 - Dresses; women's or girls', of synthetic fibres, knitted or crocheted",broad_prefix_expansion,yes,screening_candidate_not_shipment_evidence
India,IN,Garments,2009-,2025,HS2022,162,61,610444,"610444 - Dresses; women's or girls', of artificial fibres, knitted or crocheted",broad_prefix_expansion,yes,screening_candidate_not_shipment_evidence
India,IN,Garments,2009-,2025,HS2022,162,61,610449,"610449 - Dresses; women's or girls', of textile materials (other than wool or fine animal hair, cotton, synthetic or artificial fibres), knitted or crocheted",broad_prefix_expansion,yes,screening_candidate_not_shipment_evidence
India,IN,Garments,2009-,2025,HS2022,162,61,610451,"610451 - Skirts and divided skirts; women's or girls', of wool or fine animal hair, knitted or crocheted",broad_prefix_expansion,yes,screening_candidate_not_shipment_evidence
India,IN,Garments,2009-,2025,HS2022,162,61,610452,"610452 - Skirts and divided skirts; women's or girls', of cotton, knitted or crocheted",broad_prefix_expansion,yes,screening_candidate_not_shipment_evidence
India,IN,Garments,2009-,2025,HS2022,162,61,610453,"610453 - Skirts and divided skirts; women's or girls', of synthetic fibres, knitted or crocheted",broad_prefix_expansion,yes,screening_candidate_not_shipment_evidence
India,IN,Garments,2009-,2025,HS2022,162,61,610459,"610459 - Skirts and divided skirts; women's or girls', of textile materials (other than wool or fine animal hair, cotton or synthetic fibres), knitted or crocheted",broad_prefix_expansion,yes,screening_candidate_not_shipment_evidence
India,IN,Garments,2009-,2025,HS2022,162,61,610461,"610461 - Trousers, bib and brace overalls, breeches and shorts; women's or girls', of wool or fine animal hair, knitted or crocheted",broad_prefix_expansion,yes,screening_candidate_not_shipment_evidence
India,IN,Garments,2009-,2025,HS2022,162,61,610462,"610462 - Trousers, bib and brace overalls, breeches and shorts; women's or girls', of cotton, knitted or crocheted",broad_prefix_expansion,yes,screening_candidate_not_shipment_evidence
India,IN,Garments,2009-,2025,HS2022,162,61,610463,"610463 - Trousers, bib and brace overalls, breeches and shorts; women's or girls', of synthetic fibres, knitted or crocheted",broad_prefix_expansion,yes,screening_candidate_not_shipment_evidence
India,IN,Garments,2009-,2025,HS2022,162,61,610469,"610469 - Trousers, bib and brace overalls, breeches and shorts; women's or girls', of textile materials (other than wool or fine animal hair, cotton or synthetic fibres), knitted or crocheted",broad_prefix_expansion,yes,screening_candidate_not_shipment_evidence
India,IN,Garments,2009-,2025,HS2022,162,61,610510,"610510 - Shirts; men's or boys', of cotton, knitted or crocheted",broad_prefix_expansion,yes,screening_candidate_not_shipment_evidence
India,IN,Garments,2009-,2025,HS2022,162,61,610520,"610520 - Shirts; men's or boys', of man-made fibres, knitted or crocheted",broad_prefix_expansion,yes,screening_candidate_not_shipment_evidence
India,IN,Garments,2009-,2025,HS2022,162,61,610590,"610590 - Shirts; men's or boys', of textile materials (other than cotton or man-made fibres), knitted or crocheted",broad_prefix_expansion,yes,screening_candidate_not_shipment_evidence
India,IN,Garments,2009-,2025,HS2022,162,61,610610,"610610 - Blouses, shirts and shirt-blouses; women's or girls', of cotton, knitted or crocheted",broad_prefix_expansion,yes,screening_candidate_not_shipment_evidence
India,IN,Garments,2009-,2025,HS2022,162,61,610620,"610620 - Blouses, shirts and shirt-blouses; women's or girls', of man-made fibres, knitted or crocheted",broad_prefix_expansion,yes,screening_candidate_not_shipment_evidence
India,IN,Garments,2009-,2025,HS2022,162,61,610690,"610690 - Blouses, shirts and shirt-blouses; women's or girls', of textile materials (other than cotton or man-made fibres), knitted or crocheted",broad_prefix_expansion,yes,screening_candidate_not_shipment_evidence
India,IN,Garments,2009-,2025,HS2022,162,61,610711,"610711 - Underpants and briefs; men's or boys', of cotton, knitted or crocheted",broad_prefix_expansion,yes,screening_candidate_not_shipment_evidence
India,IN,Garments,2009-,2025,HS2022,162,61,610712,"610712 - Underpants and briefs; men's or boys', of man-made fibres, knitted or crocheted",broad_prefix_expansion,yes,screening_candidate_not_shipment_evidence
India,IN,Garments,2009-,2025,HS2022,162,61,610719,"610719 - Underpants and briefs; men's or boys', of textile materials (other than cotton or man-made fibres), knitted or crocheted",broad_prefix_expansion,yes,screening_candidate_not_shipment_evidence
India,IN,Garments,2009-,2025,HS2022,162,61,610721,"610721 - Nightshirts and pyjamas; men's or boys', of cotton, knitted or crocheted",broad_prefix_expansion,yes,screening_candidate_not_shipment_evidence
India,IN,Garments,2009-,2025,HS2022,162,61,610722,"610722 - Nightshirts and pyjamas; men's or boys', of man-made fibres, knitted or crocheted",broad_prefix_expansion,yes,screening_candidate_not_shipment_evidence
India,IN,Garments,2009-,2025,HS2022,162,61,610729,"610729 - Nightshirts and pyjamas; men's or boys', of textile materials (other than cotton or man-made fibres), knitted or crocheted",broad_prefix_expansion,yes,screening_candidate_not_shipment_evidence
India,IN,Garments,2009-,2025,HS2022,162,61,610791,"610791 - Bathrobes, dressing gowns and similar articles; men's or boys', of cotton, knitted or crocheted",broad_prefix_expansion,yes,screening_candidate_not_shipment_evidence
India,IN,Garments,2009-,2025,HS2022,162,61,610799,"610799 - Bathrobes, dressing gowns and similar articles; men's or boys', of textile materials (other than cotton), knitted or crocheted",broad_prefix_expansion,yes,screening_candidate_not_shipment_evidence
India,IN,Garments,2009-,2025,HS2022,162,61,610811,"610811 - Slips and petticoats; women's or girls', of man-made fibres, knitted or crocheted",broad_prefix_expansion,yes,screening_candidate_not_shipment_evidence
India,IN,Garments,2009-,2025,HS2022,162,61,610819,"610819 - Slips and petticoats; women's or girls', of textile materials (other than man-made fibres), knitted or crocheted",broad_prefix_expansion,yes,screening_candidate_not_shipment_evidence
India,IN,Garments,2009-,2025,HS2022,162,61,610821,"610821 - Briefs and panties; women's or girls', of cotton, knitted or crocheted",broad_prefix_expansion,yes,screening_candidate_not_shipment_evidence
India,IN,Garments,2009-,2025,HS2022,162,61,610822,"610822 - Briefs and panties; women's or girls', of man-made fibres, knitted or crocheted",broad_prefix_expansion,yes,screening_candidate_not_shipment_evidence
India,IN,Garments,2009-,2025,HS2022,162,61,610829,"610829 - Briefs and panties; women's or girls', of textile materials (other than cotton or man-made fibres), knitted or crocheted",broad_prefix_expansion,yes,screening_candidate_not_shipment_evidence
India,IN,Garments,2009-,2025,HS2022,162,61,610831,"610831 - Nightdresses and pyjamas; women's or girls', of cotton, knitted or crocheted",broad_prefix_expansion,yes,screening_candidate_not_shipment_evidence
India,IN,Garments,2009-,2025,HS2022,162,61,610832,"610832 - Nightdresses and pyjamas; women's or girls', of man-made fibres, knitted or crocheted",broad_prefix_expansion,yes,screening_candidate_not_shipment_evidence
India,IN,Garments,2009-,2025,HS2022,162,61,610839,"610839 - Nightdresses and pyjamas; women's or girls', of textile materials (other than cotton or man-made fibres), knitted or crocheted",broad_prefix_expansion,yes,screening_candidate_not_shipment_evidence
India,IN,Garments,2009-,2025,HS2022,162,61,610891,"610891 - Negligees, bathrobes, dressing gowns and similar articles; women's or girls', of cotton, knitted or crocheted",broad_prefix_expansion,yes,screening_candidate_not_shipment_evidence
India,IN,Garments,2009-,2025,HS2022,162,61,610892,"610892 - Negligees, bathrobes, dressing gowns and similar articles; women's or girls', of man-made fibres, knitted or crocheted",broad_prefix_expansion,yes,screening_candidate_not_shipment_evidence
India,IN,Garments,2009-,2025,HS2022,162,61,610899,"610899 - Negligees, bathrobes, dressing gowns and similar articles; women's or girls', of textile materials (other than cotton or man-made fibres), knitted or crocheted",broad_prefix_expansion,yes,screening_candidate_not_shipment_evidence
India,IN,Garments,2009-,2025,HS2022,162,61,610910,"610910 - T-shirts, singlets and other vests; of cotton, knitted or crocheted",broad_prefix_expansion,yes,screening_candidate_not_shipment_evidence
India,IN,Garments,2009-,2025,HS2022,162,61,610990,"610990 - T-shirts, singlets and other vests; of textile materials (other than cotton), knitted or crocheted",broad_prefix_expansion,yes,screening_candidate_not_shipment_evidence
India,IN,Garments,2009-,2025,HS2022,162,61,611011,"611011 - Jerseys, pullovers, cardigans, waistcoats and similar articles; knitted or crocheted, of wool or fine animal hair",broad_prefix_expansion,yes,screening_candidate_not_shipment_evidence
India,IN,Garments,2009-,2025,HS2022,162,61,611012,"611012 - Jerseys, pullovers, cardigans, waistcoats and similar articles; knitted or crocheted, of fibres from kashmir (cashmere) goats",broad_prefix_expansion,yes,screening_candidate_not_shipment_evidence
India,IN,Garments,2009-,2025,HS2022,162,61,611019,"611019 - Jerseys, pullovers, cardigans, waistcoats and similar articles; knitted or crocheted, of fine animal hair other than that of kashmir (cashmere) goats",broad_prefix_expansion,yes,screening_candidate_not_shipment_evidence
India,IN,Garments,2009-,2025,HS2022,162,61,611020,"611020 - Jerseys, pullovers, cardigans, waistcoats and similar articles; of cotton, knitted or crocheted",broad_prefix_expansion,yes,screening_candidate_not_shipment_evidence
India,IN,Garments,2009-,2025,HS2022,162,61,611030,"611030 - Jerseys, pullovers, cardigans, waistcoats and similar articles; of man-made fibres, knitted or crocheted",broad_prefix_expansion,yes,screening_candidate_not_shipment_evidence
India,IN,Garments,2009-,2025,HS2022,162,61,611090,"611090 - Jerseys, pullovers, cardigans, waistcoats and similar articles; of textile materials (other than wool or fine animal hair, cotton or man-made fibres), knitted or crocheted",broad_prefix_expansion,yes,screening_candidate_not_shipment_evidence
India,IN,Garments,2009-,2025,HS2022,162,61,611120,"611120 - Garments and clothing accessories; babies', of cotton, knitted or crocheted",broad_prefix_expansion,yes,screening_candidate_not_shipment_evidence
India,IN,Garments,2009-,2025,HS2022,162,61,611130,"611130 - Garments and clothing accessories; babies', of synthetic fibres, knitted or crocheted",broad_prefix_expansion,yes,screening_candidate_not_shipment_evidence
India,IN,Garments,2009-,2025,HS2022,162,61,611190,"611190 - Garments and clothing accessories; babies', of textile materials (other than cotton or synthetic fibres), knitted or crocheted",broad_prefix_expansion,yes,screening_candidate_not_shipment_evidence
India,IN,Garments,2009-,2025,HS2022,162,61,611211,"611211 - Track suits; of cotton, knitted or crocheted",broad_prefix_expansion,yes,screening_candidate_not_shipment_evidence
India,IN,Garments,2009-,2025,HS2022,162,61,611212,"611212 - Track suits; of synthetic fibres, knitted or crocheted",broad_prefix_expansion,yes,screening_candidate_not_shipment_evidence
India,IN,Garments,2009-,2025,HS2022,162,61,611219,"611219 - Track suits; of textile materials (other than cotton or synthetic fibres), knitted or crocheted",broad_prefix_expansion,yes,screening_candidate_not_shipment_evidence
India,IN,Garments,2009-,2025,HS2022,162,61,611220,611220 - Ski suits; knitted or crocheted,broad_prefix_expansion,yes,screening_candidate_not_shipment_evidence
India,IN,Garments,2009-,2025,HS2022,162,61,611231,"611231 - Swimwear; men's or boys', of synthetic fibres, knitted or crocheted",broad_prefix_expansion,yes,screening_candidate_not_shipment_evidence
India,IN,Garments,2009-,2025,HS2022,162,61,611239,"611239 - Swimwear; men's or boys', of textile materials (other than synthetic fibres), knitted or crocheted",broad_prefix_expansion,yes,screening_candidate_not_shipment_evidence
India,IN,Garments,2009-,2025,HS2022,162,61,611241,"611241 - Swimwear; women's or girls', of synthetic fibres, knitted or crocheted",broad_prefix_expansion,yes,screening_candidate_not_shipment_evidence
India,IN,Garments,2009-,2025,HS2022,162,61,611249,"611249 - Swimwear; women's or girls', of textile materials (other than synthetic fibres), knitted or crocheted",broad_prefix_expansion,yes,screening_candidate_not_shipment_evidence
India,IN,Garments,2009-,2025,HS2022,162,61,611300,"611300 - Garments made up of knitted or crocheted fabrics of heading no. 5903, 5906 and 5907",broad_prefix_expansion,yes,screening_candidate_not_shipment_evidence
India,IN,Garments,2009-,2025,HS2022,162,61,611420,"611420 - Garments; of cotton, knitted or crocheted, n.e.c. in chapter 61",broad_prefix_expansion,yes,screening_candidate_not_shipment_evidence
India,IN,Garments,2009-,2025,HS2022,162,61,611430,"611430 - Garments; of man-made fibres, knitted or crocheted, n.e.c. in chapter 61",broad_prefix_expansion,yes,screening_candidate_not_shipment_evidence
India,IN,Garments,2009-,2025,HS2022,162,61,611490,"611490 - Garments; of textile materials (other than cotton or man-made fibres), knitted or crocheted, n.e.c. in chapter 61",broad_prefix_expansion,yes,screening_candidate_not_shipment_evidence
India,IN,Garments,2009-,2025,HS2022,162,61,611510,"611510 - Graduated compression hosiery (for example, stockings for varicose veins), knitted or crocheted",broad_prefix_expansion,yes,screening_candidate_not_shipment_evidence
India,IN,Garments,2009-,2025,HS2022,162,61,611521,"611521 - Hosiery; panty hose and tights (other than graduated compression hosiery), of synthetic fibres, measuring per single yarn less than 67 decitex, knitted or crocheted",broad_prefix_expansion,yes,screening_candidate_not_shipment_evidence
India,IN,Garments,2009-,2025,HS2022,162,61,611522,"611522 - Hosiery; panty hose and tights (other than graduated compression hosiery), of synthetic fibres, measuring per single yarn 67 decitex or more, knitted or crocheted",broad_prefix_expansion,yes,screening_candidate_not_shipment_evidence
India,IN,Garments,2009-,2025,HS2022,162,61,611529,"611529 - Hosiery; panty hose and tights (other than graduated compression hosiery), of textile materials (other than synthetic fibres), knitted or crocheted",broad_prefix_expansion,yes,screening_candidate_not_shipment_evidence
India,IN,Garments,2009-,2025,HS2022,162,61,611530,"611530 - Hosiery; women's, full-length or knee-length (other than graduated compression hosiery), measuring per single yarn less than 67 decitex, knitted or crocheted",broad_prefix_expansion,yes,screening_candidate_not_shipment_evidence
India,IN,Garments,2009-,2025,HS2022,162,61,611594,"611594 - Hosiery and footwear; without applied soles, of wool or fine animal hair, knitted or crocheted (excluding graduated compression hosiery, panty hose, tights, women's full or knee-length hosiery measuring per single yarn less than 67 decitex)",broad_prefix_expansion,yes,screening_candidate_not_shipment_evidence
India,IN,Garments,2009-,2025,HS2022,162,61,611595,"611595 - Hosiery and footwear; without applied soles, of cotton, knitted or crocheted (excluding graduated compression hosiery, panty hose, tights, full or knee-length hosiery measuring per single yarn less than 67 decitex)",broad_prefix_expansion,yes,screening_candidate_not_shipment_evidence
India,IN,Garments,2009-,2025,HS2022,162,61,611596,"611596 - Hosiery and footwear; without applied soles, of synthetic fibres, knitted or crocheted (excluding graduated compression hosiery, panty hose, tights, full or knee-length hosiery measuring per single yarn less than 67 decitex)",broad_prefix_expansion,yes,screening_candidate_not_shipment_evidence
India,IN,Garments,2009-,2025,HS2022,162,61,611599,"611599 - Hosiery and footwear; without applied soles, of textile materials n.e.c. in item no. 6115.9, knitted or crocheted (excluding graduated compression hosiery, panty hose, tights, full or knee-length hosiery measuring per single yarn less than 67 decitex)",broad_prefix_expansion,yes,screening_candidate_not_shipment_evidence
India,IN,Garments,2009-,2025,HS2022,162,61,611610,"611610 - Gloves, mittens and mitts; knitted or crocheted, impregnated, coated, covered or laminated with plastics or rubber",broad_prefix_expansion,yes,screening_candidate_not_shipment_evidence
India,IN,Garments,2009-,2025,HS2022,162,61,611691,"611691 - Gloves, mittens and mitts; of wool or fine animal hair, knitted or crocheted, (other than impregnated, coated, covered or laminated with plastics or rubber)",broad_prefix_expansion,yes,screening_candidate_not_shipment_evidence
India,IN,Garments,2009-,2025,HS2022,162,61,611692,"611692 - Gloves, mittens and mitts; of cotton, knitted or crocheted, (other than impregnated, coated, covered or laminated with plastics or rubber)",broad_prefix_expansion,yes,screening_candidate_not_shipment_evidence
India,IN,Garments,2009-,2025,HS2022,162,61,611693,"611693 - Gloves, mittens and mitts; of synthetic fibres, knitted or crocheted, (other than impregnated, coated, covered or laminated with plastics or rubber)",broad_prefix_expansion,yes,screening_candidate_not_shipment_evidence
India,IN,Garments,2009-,2025,HS2022,162,61,611699,"611699 - Gloves, mittens and mitts; of textile materials (other than wool or fine animal hair, cotton or synthetic fibres), knitted or crocheted, (other than impregnated, coated, covered or laminated with plastics or rubber)",broad_prefix_expansion,yes,screening_candidate_not_shipment_evidence
India,IN,Garments,2009-,2025,HS2022,162,61,611710,"611710 - Shawls, scarves, mufflers, mantillas, veils and the like; knitted or crocheted",broad_prefix_expansion,yes,screening_candidate_not_shipment_evidence
India,IN,Garments,2009-,2025,HS2022,162,61,611780,"611780 - Clothing accessories; knitted or crocheted, n.e.c. in heading no. 6117",broad_prefix_expansion,yes,screening_candidate_not_shipment_evidence
India,IN,Garments,2009-,2025,HS2022,162,61,611790,"611790 - Clothing; parts, knitted or crocheted",broad_prefix_expansion,yes,screening_candidate_not_shipment_evidence
India,IN,Garments,2009-,2025,HS2022,163,62,620120,"620120 - Coats; men's or boys', overcoats, raincoats, car-coats, capes, cloaks, anoraks (including ski-jackets) and similar articles, of wool or fine animal hair, other than those of heading no. 6203 (not knitted or crocheted)",broad_prefix_expansion,yes,screening_candidate_not_shipment_evidence
India,IN,Garments,2009-,2025,HS2022,163,62,620130,"620130 - Coats; men's or boys', overcoats, raincoats, car-coats, capes, cloaks, anoraks (including ski-jackets) and similar articles, of cotton, other than those of heading no. 6203 (not knitted or crocheted)",broad_prefix_expansion,yes,screening_candidate_not_shipment_evidence
India,IN,Garments,2009-,2025,HS2022,163,62,620140,"620140 - Coats; men's or boys', overcoats, raincoats, car-coats, capes, cloaks, anoraks (including ski-jackets) and similar articles, of man-made fibres, other than those of heading no. 6203 (not knitted or crocheted)",broad_prefix_expansion,yes,screening_candidate_not_shipment_evidence
India,IN,Garments,2009-,2025,HS2022,163,62,620190,"620190 - Coats; men's or boys', overcoats, rain-coats, car-coats, capes, cloaks and similar, of textile materials (other than wool, fine animal hair, cotton or man-made fibres), other than those of heading no. 6203 (not knitted or crocheted)",broad_prefix_expansion,yes,screening_candidate_not_shipment_evidence
India,IN,Garments,2009-,2025,HS2022,163,62,620220,"620220 - Coats; women's or girls', overcoats, raincoats, car-coats, capes, cloaks anoraks (including ski-jackets) and similar articles, of wool or fine animal hair, other than those of heading no. 6204 (not knitted or crocheted)",broad_prefix_expansion,yes,screening_candidate_not_shipment_evidence
India,IN,Garments,2009-,2025,HS2022,163,62,620230,"620230 - Coats; women's or girls', overcoats, raincoats, car-coats, capes, cloaks anoraks (including ski-jackets) and similar articles, of cotton, other than those of heading no. 6204 (not knitted or crocheted)",broad_prefix_expansion,yes,screening_candidate_not_shipment_evidence
India,IN,Garments,2009-,2025,HS2022,163,62,620240,"620240 - Coats; women's or girls', overcoats, raincoats, car-coats, capes, cloaks anoraks (including ski-jackets) and similar articles, of man-made fibres, other than those of heading no. 6204 (not knitted or crocheted)",broad_prefix_expansion,yes,screening_candidate_not_shipment_evidence
India,IN,Garments,2009-,2025,HS2022,163,62,620290,"620290 - Coats; women's or girls', overcoats, raincoats, car-coats, capes, cloaks and similar articles, of textile materials (other than wool, fine animal hair, cotton or man-made fibres), other than those of heading no. 6204 (not knitted or crocheted)",broad_prefix_expansion,yes,screening_candidate_not_shipment_evidence
India,IN,Garments,2009-,2025,HS2022,163,62,620311,"620311 - Suits; men's or boys', of wool or fine animal hair (not knitted or crocheted)",broad_prefix_expansion,yes,screening_candidate_not_shipment_evidence
India,IN,Garments,2009-,2025,HS2022,163,62,620312,"620312 - Suits; men's or boys', of synthetic fibres (not knitted or crocheted)",broad_prefix_expansion,yes,screening_candidate_not_shipment_evidence
India,IN,Garments,2009-,2025,HS2022,163,62,620319,"620319 - Suits; men's or boys', of textile materials n.e.c. in item no. 6203.1 (not knitted or crocheted)",broad_prefix_expansion,yes,screening_candidate_not_shipment_evidence
India,IN,Garments,2009-,2025,HS2022,163,62,620322,"620322 - Ensembles; men's or boys', of cotton (not knitted or crocheted)",broad_prefix_expansion,yes,screening_candidate_not_shipment_evidence
India,IN,Garments,2009-,2025,HS2022,163,62,620323,"620323 - Ensembles; men's or boys', of synthetic fibres (not knitted or crocheted)",broad_prefix_expansion,yes,screening_candidate_not_shipment_evidence
India,IN,Garments,2009-,2025,HS2022,163,62,620329,"620329 - Ensembles; men's or boys', of textile materials n.e.c. in item no. 6203.2 (not knitted or crocheted)",broad_prefix_expansion,yes,screening_candidate_not_shipment_evidence
India,IN,Garments,2009-,2025,HS2022,163,62,620331,"620331 - Jackets and blazers; men's or boys', of wool or fine animal hair (not knitted or crocheted)",broad_prefix_expansion,yes,screening_candidate_not_shipment_evidence
India,IN,Garments,2009-,2025,HS2022,163,62,620332,"620332 - Jackets and blazers; men's or boys', of cotton (not knitted or crocheted)",broad_prefix_expansion,yes,screening_candidate_not_shipment_evidence
India,IN,Garments,2009-,2025,HS2022,163,62,620333,"620333 - Jackets and blazers; men's or boys', of synthetic fibres (not knitted or crocheted)",broad_prefix_expansion,yes,screening_candidate_not_shipment_evidence
India,IN,Garments,2009-,2025,HS2022,163,62,620339,"620339 - Jackets and blazers; men's or boys', of textile materials n.e.c. in item no. 6203.3 (not knitted or crocheted)",broad_prefix_expansion,yes,screening_candidate_not_shipment_evidence
India,IN,Garments,2009-,2025,HS2022,163,62,620341,"620341 - Trousers, bib and brace overalls, breeches and shorts; men's or boys', of wool or fine animal hair (not knitted or crocheted)",broad_prefix_expansion,yes,screening_candidate_not_shipment_evidence
India,IN,Garments,2009-,2025,HS2022,163,62,620342,"620342 - Trousers, bib and brace overalls, breeches and shorts; men's or boys', of cotton (not knitted or crocheted)",broad_prefix_expansion,yes,screening_candidate_not_shipment_evidence
India,IN,Garments,2009-,2025,HS2022,163,62,620343,"620343 - Trousers, bib and brace overalls, breeches and shorts; men's or boys', of synthetic fibres (not knitted or crocheted)",broad_prefix_expansion,yes,screening_candidate_not_shipment_evidence
India,IN,Garments,2009-,2025,HS2022,163,62,620349,"620349 - Trousers, bib and brace overalls, breeches and shorts; men's or boys', of textile materials (other than wool, fine animal hair, cotton or synthetic fibres), (not knitted or crocheted)",broad_prefix_expansion,yes,screening_candidate_not_shipment_evidence
India,IN,Garments,2009-,2025,HS2022,163,62,620411,"620411 - Suits; women's or girls', of wool or fine animal hair (not knitted or crocheted)",broad_prefix_expansion,yes,screening_candidate_not_shipment_evidence
India,IN,Garments,2009-,2025,HS2022,163,62,620412,"620412 - Suits; women's or girls', of cotton (not knitted or crocheted)",broad_prefix_expansion,yes,screening_candidate_not_shipment_evidence
India,IN,Garments,2009-,2025,HS2022,163,62,620413,"620413 - Suits; women's or girls', of synthetic fibres (not knitted or crocheted)",broad_prefix_expansion,yes,screening_candidate_not_shipment_evidence
India,IN,Garments,2009-,2025,HS2022,163,62,620419,"620419 - Suits; women's or girls', of textile materials n.e.c. in item no. 6204.1 (not knitted or crocheted)",broad_prefix_expansion,yes,screening_candidate_not_shipment_evidence
India,IN,Garments,2009-,2025,HS2022,163,62,620421,"620421 - Ensembles; women's or girls', of wool or fine animal hair (not knitted or crocheted)",broad_prefix_expansion,yes,screening_candidate_not_shipment_evidence
India,IN,Garments,2009-,2025,HS2022,163,62,620422,"620422 - Ensembles; women's or girls', of cotton (not knitted or crocheted)",broad_prefix_expansion,yes,screening_candidate_not_shipment_evidence
India,IN,Garments,2009-,2025,HS2022,163,62,620423,"620423 - Ensembles; women's or girls', of synthetic fibres (not knitted or crocheted)",broad_prefix_expansion,yes,screening_candidate_not_shipment_evidence
India,IN,Garments,2009-,2025,HS2022,163,62,620429,"620429 - Ensembles; women's or girls', of textile materials n.e.c. in item no. 6204.2 (not knitted or crocheted)",broad_prefix_expansion,yes,screening_candidate_not_shipment_evidence
India,IN,Garments,2009-,2025,HS2022,163,62,620431,"620431 - Jackets and blazers; women's or girls', of wool or fine animal hair (not knitted or crocheted)",broad_prefix_expansion,yes,screening_candidate_not_shipment_evidence
India,IN,Garments,2009-,2025,HS2022,163,62,620432,"620432 - Jackets and blazers; women's or girls', of cotton (not knitted or crocheted)",broad_prefix_expansion,yes,screening_candidate_not_shipment_evidence
India,IN,Garments,2009-,2025,HS2022,163,62,620433,"620433 - Jackets and blazers; women's or girls', of synthetic fibres (not knitted or crocheted)",broad_prefix_expansion,yes,screening_candidate_not_shipment_evidence
India,IN,Garments,2009-,2025,HS2022,163,62,620439,"620439 - Jackets and blazers; women's or girls', of textile materials n.e.c. in item no. 6204.3 (not knitted or crocheted)",broad_prefix_expansion,yes,screening_candidate_not_shipment_evidence
India,IN,Garments,2009-,2025,HS2022,163,62,620441,"620441 - Dresses; women's or girls', of wool or fine animal hair (not knitted or crocheted)",broad_prefix_expansion,yes,screening_candidate_not_shipment_evidence
India,IN,Garments,2009-,2025,HS2022,163,62,620442,"620442 - Dresses; women's or girls', of cotton (not knitted or crocheted)",broad_prefix_expansion,yes,screening_candidate_not_shipment_evidence
India,IN,Garments,2009-,2025,HS2022,163,62,620443,"620443 - Dresses; women's or girls', of synthetic fibres (not knitted or crocheted)",broad_prefix_expansion,yes,screening_candidate_not_shipment_evidence
India,IN,Garments,2009-,2025,HS2022,163,62,620444,"620444 - Dresses; women's or girls', of artificial fibres (not knitted or crocheted)",broad_prefix_expansion,yes,screening_candidate_not_shipment_evidence
India,IN,Garments,2009-,2025,HS2022,163,62,620449,"620449 - Dresses; women's or girls', of textile materials n.e.c. in item no. 6204.4 (not knitted or crocheted)",broad_prefix_expansion,yes,screening_candidate_not_shipment_evidence
India,IN,Garments,2009-,2025,HS2022,163,62,620451,"620451 - Skirts and divided skirts; women's or girls', of wool or fine animal hair (not knitted or crocheted)",broad_prefix_expansion,yes,screening_candidate_not_shipment_evidence
India,IN,Garments,2009-,2025,HS2022,163,62,620452,"620452 - Skirts and divided skirts; women's or girls', of cotton (not knitted or crocheted)",broad_prefix_expansion,yes,screening_candidate_not_shipment_evidence
India,IN,Garments,2009-,2025,HS2022,163,62,620453,"620453 - Skirts and divided skirts; women's or girls', of synthetic fibres (not knitted or crocheted)",broad_prefix_expansion,yes,screening_candidate_not_shipment_evidence
India,IN,Garments,2009-,2025,HS2022,163,62,620459,"620459 - Skirts and divided skirts; women's or girls', of textile materials n.e.c. in item no. 6204.5 (not knitted or crocheted)",broad_prefix_expansion,yes,screening_candidate_not_shipment_evidence
India,IN,Garments,2009-,2025,HS2022,163,62,620461,"620461 - Trousers, bib and brace overalls, breeches and shorts; women's or girls', of wool or fine animal hair (not knitted or crocheted)",broad_prefix_expansion,yes,screening_candidate_not_shipment_evidence
India,IN,Garments,2009-,2025,HS2022,163,62,620462,"620462 - Trousers, bib and brace overalls, breeches and shorts; women's or girls', of cotton (not knitted or crocheted)",broad_prefix_expansion,yes,screening_candidate_not_shipment_evidence
India,IN,Garments,2009-,2025,HS2022,163,62,620463,"620463 - Trousers, bib and brace overalls, breeches and shorts; women's or girls', of synthetic fibres (not knitted or crocheted)",broad_prefix_expansion,yes,screening_candidate_not_shipment_evidence
India,IN,Garments,2009-,2025,HS2022,163,62,620469,"620469 - Trousers, bib and brace overalls, breeches and shorts; women's or girls', of textile materials (other than wool, fine animal hair, cotton or synthetic fibres), (not knitted or crocheted)",broad_prefix_expansion,yes,screening_candidate_not_shipment_evidence
India,IN,Garments,2009-,2025,HS2022,163,62,620520,"620520 - Shirts; men's or boys', of cotton (not knitted or crocheted)",broad_prefix_expansion,yes,screening_candidate_not_shipment_evidence
India,IN,Garments,2009-,2025,HS2022,163,62,620530,"620530 - Shirts; men's or boys', of man-made fibres (not knitted or crocheted)",broad_prefix_expansion,yes,screening_candidate_not_shipment_evidence
India,IN,Garments,2009-,2025,HS2022,163,62,620590,"620590 - Shirts; men's or boys', of textile materials n.e.c. in heading no. 6205 (not knitted or crocheted)",broad_prefix_expansion,yes,screening_candidate_not_shipment_evidence
India,IN,Garments,2009-,2025,HS2022,163,62,620610,"620610 - Blouses, shirts and shirt-blouses; women's or girls', of silk or silk waste (not knitted or crocheted)",broad_prefix_expansion,yes,screening_candidate_not_shipment_evidence
India,IN,Garments,2009-,2025,HS2022,163,62,620620,"620620 - Blouses, shirts and shirt-blouses; women's or girls', of wool or fine animal hair (not knitted or crocheted)",broad_prefix_expansion,yes,screening_candidate_not_shipment_evidence
India,IN,Garments,2009-,2025,HS2022,163,62,620630,"620630 - Blouses, shirts and shirt-blouses; women's or girls', of cotton (not knitted or crocheted)",broad_prefix_expansion,yes,screening_candidate_not_shipment_evidence
India,IN,Garments,2009-,2025,HS2022,163,62,620640,"620640 - Blouses, shirts and shirt-blouses; women's or girls', of man-made fibres (not knitted or crocheted)",broad_prefix_expansion,yes,screening_candidate_not_shipment_evidence
India,IN,Garments,2009-,2025,HS2022,163,62,620690,"620690 - Blouses, shirts and shirt-blouses; women's or girls', of textile materials n.e.c. in heading no. 6206 (not knitted or crocheted)",broad_prefix_expansion,yes,screening_candidate_not_shipment_evidence
India,IN,Garments,2009-,2025,HS2022,163,62,620711,"620711 - Underpants and briefs; men's or boys', of cotton (not knitted or crocheted)",broad_prefix_expansion,yes,screening_candidate_not_shipment_evidence
India,IN,Garments,2009-,2025,HS2022,163,62,620719,"620719 - Underpants and briefs; men's or boys', of textile materials other than cotton (not knitted or crocheted)",broad_prefix_expansion,yes,screening_candidate_not_shipment_evidence
India,IN,Garments,2009-,2025,HS2022,163,62,620721,"620721 - Nightshirts and pyjamas; men's or boys', of cotton (not knitted or crocheted)",broad_prefix_expansion,yes,screening_candidate_not_shipment_evidence
India,IN,Garments,2009-,2025,HS2022,163,62,620722,"620722 - Nightshirts and pyjamas; men's or boys', of man-made fibres (not knitted or crocheted)",broad_prefix_expansion,yes,screening_candidate_not_shipment_evidence
India,IN,Garments,2009-,2025,HS2022,163,62,620729,"620729 - Nightshirts and pyjamas; men's or boys', of textile materials other than cotton or man-made fibres (not knitted or crocheted)",broad_prefix_expansion,yes,screening_candidate_not_shipment_evidence
India,IN,Garments,2009-,2025,HS2022,163,62,620791,"620791 - Singlets and other vests, bathrobes, dressing gowns and similar articles; men's or boys', of cotton (not knitted or crocheted)",broad_prefix_expansion,yes,screening_candidate_not_shipment_evidence
India,IN,Garments,2009-,2025,HS2022,163,62,620799,"620799 - Singlets and other vests, bathrobes, dressing gowns and similar articles; men's or boys', of textile materials other than cotton (not knitted or crocheted)",broad_prefix_expansion,yes,screening_candidate_not_shipment_evidence
India,IN,Garments,2009-,2025,HS2022,163,62,620811,"620811 - Slips and petticoats; women's or girls', of man-made fibres (not knitted or crocheted)",broad_prefix_expansion,yes,screening_candidate_not_shipment_evidence
India,IN,Garments,2009-,2025,HS2022,163,62,620819,"620819 - Slips and petticoats; women's or girls', of textile materials other than man-made fibres (not knitted or crocheted)",broad_prefix_expansion,yes,screening_candidate_not_shipment_evidence
India,IN,Garments,2009-,2025,HS2022,163,62,620821,"620821 - Nightdresses and pyjamas; women's or girls', of cotton (not knitted or crocheted)",broad_prefix_expansion,yes,screening_candidate_not_shipment_evidence
India,IN,Garments,2009-,2025,HS2022,163,62,620822,"620822 - Nightdresses and pyjamas; women's or girls', of man-made fibres (not knitted or crocheted)",broad_prefix_expansion,yes,screening_candidate_not_shipment_evidence
India,IN,Garments,2009-,2025,HS2022,163,62,620829,"620829 - Nightdresses and pyjamas; women's or girls', of textile materials other than cotton or man-made fibres (not knitted or crocheted)",broad_prefix_expansion,yes,screening_candidate_not_shipment_evidence
India,IN,Garments,2009-,2025,HS2022,163,62,620891,"620891 - Singlets and other vests, briefs, panties, negligees, bathrobes, dressing gowns and similar articles; women's or girls', of cotton (not knitted or crocheted)",broad_prefix_expansion,yes,screening_candidate_not_shipment_evidence
India,IN,Garments,2009-,2025,HS2022,163,62,620892,"620892 - Singlets and other vests, briefs, panties, negligees, bathrobes, dressing gowns etc.; women's or girls', of man-made fibres (not knitted or crocheted), excluding incontinence or other sanitary garments or garment liners of heading no. 96.19",broad_prefix_expansion,yes,screening_candidate_not_shipment_evidence
India,IN,Garments,2009-,2025,HS2022,163,62,620899,"620899 - Singlets and other vests, briefs, panties, negligees, bathrobes, dressing gowns and similar articles; women's or girls', of textile materials other than cotton or man-made fibres (not knitted or crocheted)",broad_prefix_expansion,yes,screening_candidate_not_shipment_evidence
India,IN,Garments,2009-,2025,HS2022,163,62,620920,"620920 - Garments and clothing accessories; babies', of cotton (not knitted or crocheted)",broad_prefix_expansion,yes,screening_candidate_not_shipment_evidence
India,IN,Garments,2009-,2025,HS2022,163,62,620930,"620930 - Garments and clothing accessories; babies', of synthetic fibres (not knitted or crocheted)",broad_prefix_expansion,yes,screening_candidate_not_shipment_evidence
India,IN,Garments,2009-,2025,HS2022,163,62,620990,"620990 - Garments and clothing accessories; babies', of textile materials other than cotton or synthetic fibres (not knitted or crocheted)",broad_prefix_expansion,yes,screening_candidate_not_shipment_evidence
India,IN,Garments,2009-,2025,HS2022,163,62,621010,621010 - Garments; of felt or non-wovens (not knitted or crocheted),broad_prefix_expansion,yes,screening_candidate_not_shipment_evidence
India,IN,Garments,2009-,2025,HS2022,163,62,621020,"621020 - Garments; overcoats, raincoats, car-coats, capes, cloaks, anoraks (including ski-jackets) and similar articles, men's or boys', of the fabrics of heading no. 5602, 5603, 5903, 5906 or 5907 (not knitted or crocheted)",broad_prefix_expansion,yes,screening_candidate_not_shipment_evidence
India,IN,Garments,2009-,2025,HS2022,163,62,621030,"621030 - Garments; overcoats, raincoats, car-coats, capes, cloaks, anoraks (including ski-jackets) and similar articles, women's or girls', of the fabrics of heading no. 5602, 5603, 5903, 5906 or 5907 (not knitted or crocheted)",broad_prefix_expansion,yes,screening_candidate_not_shipment_evidence
India,IN,Garments,2009-,2025,HS2022,163,62,621040,"621040 - Garments; men's or boys', n.e.c. in item no. 6210.2, of the fabrics of heading no. 5602, 5603, 5903, 5906 or 5907 (not knitted or crocheted)",broad_prefix_expansion,yes,screening_candidate_not_shipment_evidence
India,IN,Garments,2009-,2025,HS2022,163,62,621050,"621050 - Garments; women's or girls', n.e.c. in item no. 6210.3, of the fabrics of heading no. 5602, 5603, 5903, 5906 or 5907 (not knitted or crocheted)",broad_prefix_expansion,yes,screening_candidate_not_shipment_evidence
India,IN,Garments,2009-,2025,HS2022,163,62,621111,"621111 - Swimwear; men's or boys', (not knitted or crocheted)",broad_prefix_expansion,yes,screening_candidate_not_shipment_evidence
India,IN,Garments,2009-,2025,HS2022,163,62,621112,"621112 - Swimwear; women's or girls', (not knitted or crocheted)",broad_prefix_expansion,yes,screening_candidate_not_shipment_evidence
India,IN,Garments,2009-,2025,HS2022,163,62,621120,621120 - Ski suits; (not knitted or crocheted),broad_prefix_expansion,yes,screening_candidate_not_shipment_evidence
India,IN,Garments,2009-,2025,HS2022,163,62,621132,"621132 - Track suits and other garments n.e.c.; men's or boys', of cotton (not knitted or crocheted)",broad_prefix_expansion,yes,screening_candidate_not_shipment_evidence
India,IN,Garments,2009-,2025,HS2022,163,62,621133,"621133 - Track suits and other garments n.e.c.; men's or boys', of man-made fibres (not knitted or crocheted)",broad_prefix_expansion,yes,screening_candidate_not_shipment_evidence
India,IN,Garments,2009-,2025,HS2022,163,62,621139,"621139 - Track suits and other garments n.e.c.; men's or boys', of textile materials n.e.c. in item no. 6211.3 (not knitted or crocheted)",broad_prefix_expansion,yes,screening_candidate_not_shipment_evidence
India,IN,Garments,2009-,2025,HS2022,163,62,621142,"621142 - Track suits and other garments n.e.c.; women's or girls', of cotton (not knitted or crocheted)",broad_prefix_expansion,yes,screening_candidate_not_shipment_evidence
India,IN,Garments,2009-,2025,HS2022,163,62,621143,"621143 - Track suits and other garments n.e.c.; women's or girls', of man-made fibres (not knitted or crocheted)",broad_prefix_expansion,yes,screening_candidate_not_shipment_evidence
India,IN,Garments,2009-,2025,HS2022,163,62,621149,"621149 - Track suits and other garments n.e.c.; women's or girls', of textile materials n.e.c. in item no. 6211.4 (not knitted or crocheted)",broad_prefix_expansion,yes,screening_candidate_not_shipment_evidence
India,IN,Garments,2009-,2025,HS2022,163,62,621210,621210 - Brassieres; whether or not knitted or crocheted,broad_prefix_expansion,yes,screening_candidate_not_shipment_evidence
India,IN,Garments,2009-,2025,HS2022,163,62,621220,621220 - Girdles and panty-girdles; whether or not knitted or crocheted,broad_prefix_expansion,yes,screening_candidate_not_shipment_evidence
India,IN,Garments,2009-,2025,HS2022,163,62,621230,621230 - Corselettes; whether or not knitted or crocheted,broad_prefix_expansion,yes,screening_candidate_not_shipment_evidence
India,IN,Garments,2009-,2025,HS2022,163,62,621290,"621290 - Braces, suspenders, garters and similar articles; whether or not knitted or crocheted, n.e.c. in heading no. 6212",broad_prefix_expansion,yes,screening_candidate_not_shipment_evidence
India,IN,Garments,2009-,2025,HS2022,163,62,621320,621320 - Handkerchiefs; of cotton (not knitted or crocheted),broad_prefix_expansion,yes,screening_candidate_not_shipment_evidence
India,IN,Garments,2009-,2025,HS2022,163,62,621390,621390 - Handkerchiefs; of textile materials other than cotton (not knitted or crocheted),broad_prefix_expansion,yes,screening_candidate_not_shipment_evidence
India,IN,Garments,2009-,2025,HS2022,163,62,621410,"621410 - Shawls, scarves, mufflers, mantillas, veils and the like; of silk or silk waste (not knitted or crocheted)",broad_prefix_expansion,yes,screening_candidate_not_shipment_evidence
India,IN,Garments,2009-,2025,HS2022,163,62,621420,"621420 - Shawls, scarves, mufflers, mantillas, veils and the like; of wool or fine animal hair (not knitted or crocheted)",broad_prefix_expansion,yes,screening_candidate_not_shipment_evidence
India,IN,Garments,2009-,2025,HS2022,163,62,621430,"621430 - Shawls, scarves, mufflers, mantillas, veils and the like; of synthetic fibres (not knitted or crocheted)",broad_prefix_expansion,yes,screening_candidate_not_shipment_evidence
India,IN,Garments,2009-,2025,HS2022,163,62,621440,"621440 - Shawls, scarves, mufflers, mantillas, veils and the like; of artificial fibres (not knitted or crocheted)",broad_prefix_expansion,yes,screening_candidate_not_shipment_evidence
India,IN,Garments,2009-,2025,HS2022,163,62,621490,"621490 - Shawls, scarves, mufflers, mantillas, veils and the like; of textile materials n.e.c. in heading no. 6214 (not knitted or crocheted)",broad_prefix_expansion,yes,screening_candidate_not_shipment_evidence
India,IN,Garments,2009-,2025,HS2022,163,62,621510,"621510 - Ties, bow ties and cravats; of silk or silk waste (not knitted or crocheted)",broad_prefix_expansion,yes,screening_candidate_not_shipment_evidence
India,IN,Garments,2009-,2025,HS2022,163,62,621520,"621520 - Ties, bow ties and cravats; of man-made fibres (not knitted or crocheted)",broad_prefix_expansion,yes,screening_candidate_not_shipment_evidence
India,IN,Garments,2009-,2025,HS2022,163,62,621590,"621590 - Ties, bow ties and cravats; of textile materials other than silk or man-made fibres (not knitted or crocheted)",broad_prefix_expansion,yes,screening_candidate_not_shipment_evidence
India,IN,Garments,2009-,2025,HS2022,163,62,621600,"621600 - Gloves, mittens and mitts (not knitted or crocheted)",broad_prefix_expansion,yes,screening_candidate_not_shipment_evidence
India,IN,Garments,2009-,2025,HS2022,163,62,621710,621710 - Clothing accessories; other than those of heading no. 6212 (not knitted or crocheted),broad_prefix_expansion,yes,screening_candidate_not_shipment_evidence
India,IN,Garments,2009-,2025,HS2022,163,62,621790,"621790 - Clothing; parts of garments or of clothing accessories, other than those of heading no. 6212 (not knitted or crocheted)",broad_prefix_expansion,yes,screening_candidate_not_shipment_evidence
India,IN,Rice,2009-,2025,HS2022,271,1006,100610,100610 - Cereals; rice in the husk (paddy or rough),broad_prefix_expansion,yes,screening_candidate_not_shipment_evidence
India,IN,Rice,2009-,2025,HS2022,271,1006,100620,100620 - Cereals; husked (brown) rice,broad_prefix_expansion,yes,screening_candidate_not_shipment_evidence
India,IN,Rice,2009-,2025,HS2022,271,1006,100630,"100630 - Cereals; rice, semi-milled or wholly milled, whether or not polished or glazed",broad_prefix_expansion,yes,screening_candidate_not_shipment_evidence
India,IN,Rice,2009-,2025,HS2022,271,1006,100640,"100640 - Cereals; rice, broken",broad_prefix_expansion,yes,screening_candidate_not_shipment_evidence
India,IN,Rice,2009-,2025,HS2022,272,1008.90.0120,100890,100890 - Cereals; n.e.c. in chapter 10,hts_prefix_to_hs6,yes,screening_candidate_not_shipment_evidence
Cambodia,KH,Bricks,2020-,2025,HS2022,49,6810.11,681011,"681011 - Cement, concrete or artificial stone; building blocks or bricks, whether or not reinforced",exact_hs6,no,screening_candidate_not_shipment_evidence
Cambodia,KH,Bricks,2020-,2025,HS2022,50,6901,690100,"690100 - Bricks, blocks, tiles and other ceramic goods of siliceous fossil meals (e.g. kieselguhr, tripolite or diatomite) or of similar siliceous earths",broad_prefix_expansion,yes,screening_candidate_not_shipment_evidence
Cambodia,KH,Bricks,2020-,2025,HS2022,51,6902.1,690210,"690210 - Refractory bricks, blocks, tiles and similar refractory ceramic constructional goods; containing by weight, singly or together, more than 50% of the elements Mg, Ca or Cr, expressed as MgO, CaO or Cr2o3",broad_prefix_expansion,yes,screening_candidate_not_shipment_evidence
Cambodia,KH,Bricks,2020-,2025,HS2022,52,6902.20.10,690220,"690220 - Refractory bricks, blocks, tiles and similar refractory ceramic constructional goods; containing by weight more than 50% of alumina (Al2o3), of silica (SiO2) or of a mixture or compound of these",hts_prefix_to_hs6,yes,screening_candidate_not_shipment_evidence
Cambodia,KH,Bricks,2020-,2025,HS2022,53,6902.90.10,690290,"690290 - Refractory bricks, blocks, tiles and similar refractory ceramic constructional goods; n.e.c. in item no. 6902.1 or 6902.2",hts_prefix_to_hs6,yes,screening_candidate_not_shipment_evidence
Cambodia,KH,Bricks,2020-,2025,HS2022,54,6904,690410,690410 - Ceramic building bricks,broad_prefix_expansion,yes,screening_candidate_not_shipment_evidence
Cambodia,KH,Bricks,2020-,2025,HS2022,54,6904,690490,"690490 - Ceramic flooring blocks, supports or filler tiles and the like (excluding building bricks)",broad_prefix_expansion,yes,screening_candidate_not_shipment_evidence
North Korea,KP,Bricks,2009-,2025,HS2022,49,6810.11,681011,"681011 - Cement, concrete or artificial stone; building blocks or bricks, whether or not reinforced",exact_hs6,no,screening_candidate_not_shipment_evidence
North Korea,KP,Bricks,2009-,2025,HS2022,50,6901,690100,"690100 - Bricks, blocks, tiles and other ceramic goods of siliceous fossil meals (e.g. kieselguhr, tripolite or diatomite) or of similar siliceous earths",broad_prefix_expansion,yes,screening_candidate_not_shipment_evidence
North Korea,KP,Bricks,2009-,2025,HS2022,51,6902.1,690210,"690210 - Refractory bricks, blocks, tiles and similar refractory ceramic constructional goods; containing by weight, singly or together, more than 50% of the elements Mg, Ca or Cr, expressed as MgO, CaO or Cr2o3",broad_prefix_expansion,yes,screening_candidate_not_shipment_evidence
North Korea,KP,Bricks,2009-,2025,HS2022,52,6902.20.10,690220,"690220 - Refractory bricks, blocks, tiles and similar refractory ceramic constructional goods; containing by weight more than 50% of alumina (Al2o3), of silica (SiO2) or of a mixture or compound of these",hts_prefix_to_hs6,yes,screening_candidate_not_shipment_evidence
North Korea,KP,Bricks,2009-,2025,HS2022,53,6902.90.10,690290,"690290 - Refractory bricks, blocks, tiles and similar refractory ceramic constructional goods; n.e.c. in item no. 6902.1 or 6902.2",hts_prefix_to_hs6,yes,screening_candidate_not_shipment_evidence
North Korea,KP,Bricks,2009-,2025,HS2022,54,6904,690410,690410 - Ceramic building bricks,broad_prefix_expansion,yes,screening_candidate_not_shipment_evidence
North Korea,KP,Bricks,2009-,2025,HS2022,54,6904,690490,"690490 - Ceramic flooring blocks, supports or filler tiles and the like (excluding building bricks)",broad_prefix_expansion,yes,screening_candidate_not_shipment_evidence
North Korea,KP,Cement,2009-,2025,HS2022,76,2523,252310,252310 - Cement clinkers (whether or not coloured),broad_prefix_expansion,yes,screening_candidate_not_shipment_evidence
North Korea,KP,Cement,2009-,2025,HS2022,76,2523,252321,"252321 - Cement; portland, white, whether or not artificially coloured",broad_prefix_expansion,yes,screening_candidate_not_shipment_evidence
North Korea,KP,Cement,2009-,2025,HS2022,76,2523,252329,"252329 - Cement; portland, other than white, whether or not artificially coloured",broad_prefix_expansion,yes,screening_candidate_not_shipment_evidence
North Korea,KP,Cement,2009-,2025,HS2022,76,2523,252330,"252330 - Cement; aluminous (ciment fondu), whether or not coloured or in the form of clinkers",broad_prefix_expansion,yes,screening_candidate_not_shipment_evidence
North Korea,KP,Cement,2009-,2025,HS2022,76,2523,252390,252390 - Cement; hydraulic kinds n.e.c. in heading no. 2523,broad_prefix_expansion,yes,screening_candidate_not_shipment_evidence
North Korea,KP,Cement,2009-,2025,HS2022,77,3909.50.2000,390950,390950 - Polyurethanes; in primary forms,hts_prefix_to_hs6,yes,screening_candidate_not_shipment_evidence
North Korea,KP,Cement,2009-,2025,HS2022,78,6810,681011,"681011 - Cement, concrete or artificial stone; building blocks or bricks, whether or not reinforced",broad_prefix_expansion,yes,screening_candidate_not_shipment_evidence
North Korea,KP,Cement,2009-,2025,HS2022,78,6810,681019,"681019 - Cement, concrete or artificial stone; tiles, flagstones and similar, (excluding building blocks and bricks) whether or not reinforced",broad_prefix_expansion,yes,screening_candidate_not_shipment_evidence
North Korea,KP,Cement,2009-,2025,HS2022,78,6810,681091,"681091 - Cement, concrete or artificial stone; prefabricated structural components for building or civil engineering, whether or not reinforced",broad_prefix_expansion,yes,screening_candidate_not_shipment_evidence
North Korea,KP,Cement,2009-,2025,HS2022,78,6810,681099,"681099 - Cement, concrete or artificial stone; articles (other than prefabricated structural components for building or civil engineering), whether or not reinforced, n.e.c. in heading no. 6810",broad_prefix_expansion,yes,screening_candidate_not_shipment_evidence
North Korea,KP,Cement,2009-,2025,HS2022,79,6811,681140,"681140 - Asbestos-cement; articles or the like, containing asbestos",broad_prefix_expansion,yes,screening_candidate_not_shipment_evidence
North Korea,KP,Cement,2009-,2025,HS2022,79,6811,681181,"681181 - Cellulose fibre-cement; articles or the like; corrugated sheets, not containing asbestos",broad_prefix_expansion,yes,screening_candidate_not_shipment_evidence
North Korea,KP,Cement,2009-,2025,HS2022,79,6811,681182,"681182 - Cellulose fibre-cement; articles or the like, sheets, panels, tiles and similar articles (other than corrugated sheets), not containing asbestos",broad_prefix_expansion,yes,screening_candidate_not_shipment_evidence
North Korea,KP,Cement,2009-,2025,HS2022,79,6811,681189,"681189 - Cellulose fibre-cement; articles or the like, other than corrugated sheets and other sheets, panels, tiles and similar articles, not containing asbestos",broad_prefix_expansion,yes,screening_candidate_not_shipment_evidence
North Korea,KP,Coal,2009-,2025,HS2022,95,2701,270111,"270111 - Coal; anthracite, whether or not pulverised, but not agglomerated",broad_prefix_expansion,yes,screening_candidate_not_shipment_evidence
North Korea,KP,Coal,2009-,2025,HS2022,95,2701,270112,"270112 - Coal; bituminous, whether or not pulverised, but not agglomerated",broad_prefix_expansion,yes,screening_candidate_not_shipment_evidence
North Korea,KP,Coal,2009-,2025,HS2022,95,2701,270119,"270119 - Coal; (other than anthracite and bituminous), whether or not pulverised but not agglomerated",broad_prefix_expansion,yes,screening_candidate_not_shipment_evidence
North Korea,KP,Coal,2009-,2025,HS2022,95,2701,270120,"270120 - Briquettes, ovoids and similar solid fuels; manufactured from coal",broad_prefix_expansion,yes,screening_candidate_not_shipment_evidence
North Korea,KP,Gold,2009-,2025,HS2022,173,7108,710811,"710811 - Metals; gold, non-monetary, powder",broad_prefix_expansion,yes,screening_candidate_not_shipment_evidence
North Korea,KP,Gold,2009-,2025,HS2022,173,7108,710812,"710812 - Metals; gold, non-monetary, unwrought (but not powder)",broad_prefix_expansion,yes,screening_candidate_not_shipment_evidence
North Korea,KP,Gold,2009-,2025,HS2022,173,7108,710813,"710813 - Metals; gold, semi-manufactured",broad_prefix_expansion,yes,screening_candidate_not_shipment_evidence
North Korea,KP,Gold,2009-,2025,HS2022,173,7108,710820,"710820 - Gold, monetary",broad_prefix_expansion,yes,screening_candidate_not_shipment_evidence
North Korea,KP,Gold,2009-,2025,HS2022,174,7115.90.0530,711590,"711590 - Metal; precious or metal clad with precious metal, other than that of item no. 7115.10",hts_prefix_to_hs6,yes,screening_candidate_not_shipment_evidence
North Korea,KP,Iron,2009-,2025,HS2022,188,2601,260111,260111 - Iron ores and concentrates; non-agglomerated,broad_prefix_expansion,yes,screening_candidate_not_shipment_evidence
North Korea,KP,Iron,2009-,2025,HS2022,188,2601,260112,260112 - Iron ores and concentrates; agglomerated (excluding roasted iron pyrites),broad_prefix_expansion,yes,screening_candidate_not_shipment_evidence
North Korea,KP,Iron,2009-,2025,HS2022,188,2601,260120,260120 - Iron pyrites; roasted,broad_prefix_expansion,yes,screening_candidate_not_shipment_evidence
North Korea,KP,Iron,2009-,2025,HS2022,189,7206,720610,720610 - Iron or non-alloy steel; ingots (excluding iron of heading no. 7203),broad_prefix_expansion,yes,screening_candidate_not_shipment_evidence
North Korea,KP,Iron,2009-,2025,HS2022,189,7206,720690,720690 - Iron or non-alloy steel; primary forms (excluding ingots and iron of heading no. 7203),broad_prefix_expansion,yes,screening_candidate_not_shipment_evidence
Kazakhstan,KZ,Cotton,2009-,2025,HS2022,111,5201,520100,520100 - Cotton; not carded or combed,broad_prefix_expansion,yes,screening_candidate_not_shipment_evidence
Mali,ML,Rice,2009-,2025,HS2022,271,1006,100610,100610 - Cereals; rice in the husk (paddy or rough),broad_prefix_expansion,yes,screening_candidate_not_shipment_evidence
Mali,ML,Rice,2009-,2025,HS2022,271,1006,100620,100620 - Cereals; husked (brown) rice,broad_prefix_expansion,yes,screening_candidate_not_shipment_evidence
Mali,ML,Rice,2009-,2025,HS2022,271,1006,100630,"100630 - Cereals; rice, semi-milled or wholly milled, whether or not polished or glazed",broad_prefix_expansion,yes,screening_candidate_not_shipment_evidence
Mali,ML,Rice,2009-,2025,HS2022,271,1006,100640,"100640 - Cereals; rice, broken",broad_prefix_expansion,yes,screening_candidate_not_shipment_evidence
Mali,ML,Rice,2009-,2025,HS2022,272,1008.90.0120,100890,100890 - Cereals; n.e.c. in chapter 10,hts_prefix_to_hs6,yes,screening_candidate_not_shipment_evidence
Burma,MM,Bamboo,2009-,2025,HS2022,10,4402.1,440210,"440210 - Wood; charcoal of bamboo, whether or not agglomerated",broad_prefix_expansion,yes,screening_candidate_not_shipment_evidence
Burma,MM,Bamboo,2009-,2025,HS2022,11,4409.21,440921,"440921 - Wood; bamboo (including unassembled strips and friezes for parquet flooring), continuously shaped along any edges, ends or faces, whether or not planed, sanded or end-jointed",exact_hs6,no,screening_candidate_not_shipment_evidence
Burma,MM,Bamboo,2009-,2025,HS2022,12,4412.1,441210,"441210 - Plywood, veneered panels and similar laminated wood; of bamboo",broad_prefix_expansion,yes,screening_candidate_not_shipment_evidence
Burma,MM,Bamboo,2009-,2025,HS2022,13,4418.73,441873,"441873 - Wood; assembled flooring panels, of bamboo or with at least the top layer (wear layer) of bamboo",exact_hs6,no,screening_candidate_not_shipment_evidence
Burma,MM,Bamboo,2009-,2025,HS2022,14,4418.91,441891,"441891 - Wood; builders' joinery and carpentry of wood n.e.c. in heading no. 4418, of bamboo",exact_hs6,no,screening_candidate_not_shipment_evidence
Burma,MM,Bamboo,2009-,2025,HS2022,15,4706.30.0000,470630,470630 - Pulp; of bamboo,hts_prefix_to_hs6,yes,screening_candidate_not_shipment_evidence
Burma,MM,Bamboo,2009-,2025,HS2022,16,4823.61,482361,"482361 - Paper and paperboard; trays, dishes, plates, cups and the like, of bamboo paper or paperboard",exact_hs6,no,screening_candidate_not_shipment_evidence
Burma,MM,"Beans (green, soy, yellow)",2009-,2025,HS2022,27,0708.20.9010,070820,"070820 - Vegetables, leguminous; beans (vigna spp., phaseolus spp.), shelled or unshelled, fresh or chilled",hts_prefix_to_hs6,yes,screening_candidate_not_shipment_evidence
Burma,MM,"Beans (green, soy, yellow)",2009-,2025,HS2022,28,0710.22.2500,071022,"071022 - Vegetables, leguminous; beans (vigna spp., phaseolus spp.), shelled or unshelled, uncooked or cooked by steaming or boiling in water, frozen",hts_prefix_to_hs6,yes,screening_candidate_not_shipment_evidence
Burma,MM,"Beans (green, soy, yellow)",2009-,2025,HS2022,29,0710.22.4010,071022,"071022 - Vegetables, leguminous; beans (vigna spp., phaseolus spp.), shelled or unshelled, uncooked or cooked by steaming or boiling in water, frozen",hts_prefix_to_hs6,yes,screening_candidate_not_shipment_evidence
Burma,MM,"Beans (green, soy, yellow)",2009-,2025,HS2022,30,1201,120110,"120110 - Soya beans; seed, whether or not broken",broad_prefix_expansion,yes,screening_candidate_not_shipment_evidence
Burma,MM,"Beans (green, soy, yellow)",2009-,2025,HS2022,30,1201,120190,"120190 - Soya beans; other than seed, whether or not broken",broad_prefix_expansion,yes,screening_candidate_not_shipment_evidence
Burma,MM,Bricks,2009-,2025,HS2022,49,6810.11,681011,"681011 - Cement, concrete or artificial stone; building blocks or bricks, whether or not reinforced",exact_hs6,no,screening_candidate_not_shipment_evidence
Burma,MM,Bricks,2009-,2025,HS2022,50,6901,690100,"690100 - Bricks, blocks, tiles and other ceramic goods of siliceous fossil meals (e.g. kieselguhr, tripolite or diatomite) or of similar siliceous earths",broad_prefix_expansion,yes,screening_candidate_not_shipment_evidence
Burma,MM,Bricks,2009-,2025,HS2022,51,6902.1,690210,"690210 - Refractory bricks, blocks, tiles and similar refractory ceramic constructional goods; containing by weight, singly or together, more than 50% of the elements Mg, Ca or Cr, expressed as MgO, CaO or Cr2o3",broad_prefix_expansion,yes,screening_candidate_not_shipment_evidence
Burma,MM,Bricks,2009-,2025,HS2022,52,6902.20.10,690220,"690220 - Refractory bricks, blocks, tiles and similar refractory ceramic constructional goods; containing by weight more than 50% of alumina (Al2o3), of silica (SiO2) or of a mixture or compound of these",hts_prefix_to_hs6,yes,screening_candidate_not_shipment_evidence
Burma,MM,Bricks,2009-,2025,HS2022,53,6902.90.10,690290,"690290 - Refractory bricks, blocks, tiles and similar refractory ceramic constructional goods; n.e.c. in item no. 6902.1 or 6902.2",hts_prefix_to_hs6,yes,screening_candidate_not_shipment_evidence
Burma,MM,Bricks,2009-,2025,HS2022,54,6904,690410,690410 - Ceramic building bricks,broad_prefix_expansion,yes,screening_candidate_not_shipment_evidence
Burma,MM,Bricks,2009-,2025,HS2022,54,6904,690490,"690490 - Ceramic flooring blocks, supports or filler tiles and the like (excluding building bricks)",broad_prefix_expansion,yes,screening_candidate_not_shipment_evidence
Burma,MM,Jade,2009-,2025,HS2022,190,7103.1,710310,"710310 - Stones; precious (other than diamonds) and semi-precious stones, unworked or simply sawn or roughly shaped, not strung, mounted or set",broad_prefix_expansion,yes,screening_candidate_not_shipment_evidence
Burma,MM,Jade,2009-,2025,HS2022,191,7103.99,710399,"710399 - Stones; precious (other than diamonds) and semi-precious stones, (other than rubies, sapphires and emeralds), worked other than simply sawn or roughly shaped, not strung, mounted or set",exact_hs6,no,screening_candidate_not_shipment_evidence
Burma,MM,Jade,2009-,2025,HS2022,193,7104.9,710491,"710491 - Stones; diamonds, n.e.c. in heading 7104, worked or graded but not strung, mounted or set; ungraded synthetic or reconstructed precious or semi-precious stones, temporarily strung for convenience of transport",broad_prefix_expansion,yes,screening_candidate_not_shipment_evidence
Burma,MM,Jade,2009-,2025,HS2022,193,7104.9,710499,"710499 - Stones; synthetic or reconstructed precious or semi-precious n.e.c. in heading 7104, worked or graded but not strung, mounted or set; ungraded synthetic or reconstructed precious or semi-precious stones, temporarily strung for convenience of transport",broad_prefix_expansion,yes,screening_candidate_not_shipment_evidence
Burma,MM,Palm Thatch,2009-,2025,HS2022,251,4601.94.0500,460194,"460194 - Plaiting materials, plaits and similar products of plaiting materials; (not mats, matting or screens), of vegetable materials other than bamboo or rattan",hts_prefix_to_hs6,yes,screening_candidate_not_shipment_evidence
Burma,MM,Rice,2009-,2025,HS2022,271,1006,100610,100610 - Cereals; rice in the husk (paddy or rough),broad_prefix_expansion,yes,screening_candidate_not_shipment_evidence
Burma,MM,Rice,2009-,2025,HS2022,271,1006,100620,100620 - Cereals; husked (brown) rice,broad_prefix_expansion,yes,screening_candidate_not_shipment_evidence
Burma,MM,Rice,2009-,2025,HS2022,271,1006,100630,"100630 - Cereals; rice, semi-milled or wholly milled, whether or not polished or glazed",broad_prefix_expansion,yes,screening_candidate_not_shipment_evidence
Burma,MM,Rice,2009-,2025,HS2022,271,1006,100640,"100640 - Cereals; rice, broken",broad_prefix_expansion,yes,screening_candidate_not_shipment_evidence
Burma,MM,Rice,2009-,2025,HS2022,272,1008.90.0120,100890,100890 - Cereals; n.e.c. in chapter 10,hts_prefix_to_hs6,yes,screening_candidate_not_shipment_evidence
Burma,MM,Rubber,2009-,2025,HS2022,273,4001,400110,"400110 - Rubber; natural rubber latex, whether or not pre-vulcanised, in primary forms or in plates, sheets or strip",broad_prefix_expansion,yes,screening_candidate_not_shipment_evidence
Burma,MM,Rubber,2009-,2025,HS2022,273,4001,400121,"400121 - Rubber; natural (excluding latex), in smoked sheets",broad_prefix_expansion,yes,screening_candidate_not_shipment_evidence
Burma,MM,Rubber,2009-,2025,HS2022,273,4001,400122,"400122 - Rubber; technically specified natural rubber (TSNR), in primary forms or in plates, sheets or strip (excluding latex and smoked sheets)",broad_prefix_expansion,yes,screening_candidate_not_shipment_evidence
Burma,MM,Rubber,2009-,2025,HS2022,273,4001,400129,"400129 - Rubber; natural (excluding latex, technically specified natural rubber and smoked sheets), in primary forms or in plates, sheets or strip",broad_prefix_expansion,yes,screening_candidate_not_shipment_evidence
Burma,MM,Rubber,2009-,2025,HS2022,273,4001,400130,"400130 - Balata, gutta-percha, guayule, chicle and similar natural gums; in primary forms or in plates, sheets or strip",broad_prefix_expansion,yes,screening_candidate_not_shipment_evidence
Burma,MM,Rubies,2009-,2025,HS2022,276,7103.1,710310,"710310 - Stones; precious (other than diamonds) and semi-precious stones, unworked or simply sawn or roughly shaped, not strung, mounted or set",broad_prefix_expansion,yes,screening_candidate_not_shipment_evidence
Burma,MM,Rubies,2009-,2025,HS2022,277,7103.91.0010,710391,"710391 - Stones; rubies, sapphires and emeralds, worked (other than simply sawn or roughly shaped), not strung, mounted or set",hts_prefix_to_hs6,yes,screening_candidate_not_shipment_evidence
Burma,MM,Sesame,2009-,2025,HS2022,283,1207.40.0000,120740,"120740 - Oil seeds; sesamum seeds, whether or not broken",hts_prefix_to_hs6,yes,screening_candidate_not_shipment_evidence
Burma,MM,Shrimp,2009-,2025,HS2022,286,0306.16,030616,"030616 - Crustaceans; frozen, cold-water shrimps and prawns (Pandalus spp., Crangon crangon), in shell or not, smoked, cooked or not before or during smoking; in shell, cooked by steaming or by boiling in water",exact_hs6,no,screening_candidate_not_shipment_evidence
Burma,MM,Shrimp,2009-,2025,HS2022,287,0306.17,030617,"030617 - Crustaceans; frozen, shrimps and prawns, excluding cold-water varieties, in shell or not, smoked, cooked or not before or during smoking; in shell, cooked by steaming or by boiling in water",exact_hs6,no,screening_candidate_not_shipment_evidence
Burma,MM,Shrimp,2009-,2025,HS2022,288,0306.35,030635,"030635 - Crustaceans; live, fresh or chilled, cold-water shrimps and prawns (Pandalus spp., Crangon crangon), in shell or not",exact_hs6,no,screening_candidate_not_shipment_evidence
Burma,MM,Shrimp,2009-,2025,HS2022,289,0306.36,030636,"030636 - Crustaceans; live, fresh or chilled, shrimps and prawns excluding cold-water varieties, in shell or not",exact_hs6,no,screening_candidate_not_shipment_evidence
Burma,MM,Shrimp,2009-,2025,HS2022,290,0306.95,030695,"030695 - Crustaceans; shrimps and prawns, smoked, cooked or not, whether in shell or not, whether or not cooked before or during smoking",exact_hs6,no,screening_candidate_not_shipment_evidence
Mexico,MX,Chile Peppers,2018-,2025,HS2022,89,0709.60.20,070960,"070960 - Vegetables; fruits of the genus capsicum or of the genus pimenta, fresh or chilled",hts_prefix_to_hs6,yes,screening_candidate_not_shipment_evidence
Malaysia ,MY,Electronics,2014-,2025,HS2022,127,85,850110,850110 - Electric motors; of an output not exceeding 37.5W,broad_prefix_expansion,yes,screening_candidate_not_shipment_evidence
Malaysia ,MY,Electronics,2014-,2025,HS2022,127,85,850120,850120 - Electric motors; universal AC/DC of an output exceeding 37.5W,broad_prefix_expansion,yes,screening_candidate_not_shipment_evidence
Malaysia ,MY,Electronics,2014-,2025,HS2022,127,85,850131,"850131 - Electric motors and generators; DC, of an output not exceeding 750W",broad_prefix_expansion,yes,screening_candidate_not_shipment_evidence
Malaysia ,MY,Electronics,2014-,2025,HS2022,127,85,850132,"850132 - Electric motors and generators; DC, of an output exceeding 750W but not exceeding 75kW",broad_prefix_expansion,yes,screening_candidate_not_shipment_evidence
Malaysia ,MY,Electronics,2014-,2025,HS2022,127,85,850133,"850133 - Electric motors and generators; DC, of an output exceeding 75kW but not exceeding 375kW",broad_prefix_expansion,yes,screening_candidate_not_shipment_evidence
Malaysia ,MY,Electronics,2014-,2025,HS2022,127,85,850134,"850134 - Electric motors and generators; DC, of an output exceeding 375kW",broad_prefix_expansion,yes,screening_candidate_not_shipment_evidence
Malaysia ,MY,Electronics,2014-,2025,HS2022,127,85,850140,"850140 - Electric motors; AC motors, single-phase",broad_prefix_expansion,yes,screening_candidate_not_shipment_evidence
Malaysia ,MY,Electronics,2014-,2025,HS2022,127,85,850151,"850151 - Electric motors; AC motors, multi-phase, of an output not exceeding 750W",broad_prefix_expansion,yes,screening_candidate_not_shipment_evidence
Malaysia ,MY,Electronics,2014-,2025,HS2022,127,85,850152,"850152 - Electric motors; AC motors, multi-phase, of an output exceeding 750W but not exceeding 75kW",broad_prefix_expansion,yes,screening_candidate_not_shipment_evidence
Malaysia ,MY,Electronics,2014-,2025,HS2022,127,85,850153,"850153 - Electric motors; AC motors, multi-phase, of an output exceeding 75kW",broad_prefix_expansion,yes,screening_candidate_not_shipment_evidence
Malaysia ,MY,Electronics,2014-,2025,HS2022,127,85,850161,"850161 - Generators; AC generators, (alternators), other than photovoltaic generators, of an output not exceeding 75kVA",broad_prefix_expansion,yes,screening_candidate_not_shipment_evidence
Malaysia ,MY,Electronics,2014-,2025,HS2022,127,85,850162,"850162 - Electric generators; AC generators, (alternators), other than photovoltaic generators, of an output exceeding 75kVA but not exceeding 375kVA",broad_prefix_expansion,yes,screening_candidate_not_shipment_evidence
Malaysia ,MY,Electronics,2014-,2025,HS2022,127,85,850163,"850163 - Electric generators; AC generators, (alternators), other than photovoltaic generators, of an output exceeding 375kVA but not exceeding 750kVA",broad_prefix_expansion,yes,screening_candidate_not_shipment_evidence
Malaysia ,MY,Electronics,2014-,2025,HS2022,127,85,850164,"850164 - Electric generators; AC generators, (alternators), other than photovoltaic generators, of an output exceeding 750kVA",broad_prefix_expansion,yes,screening_candidate_not_shipment_evidence
Malaysia ,MY,Electronics,2014-,2025,HS2022,127,85,850171,"850171 - Electric generators; photovoltaic DC generators, of an output not exceeding 50W",broad_prefix_expansion,yes,screening_candidate_not_shipment_evidence
Malaysia ,MY,Electronics,2014-,2025,HS2022,127,85,850172,"850172 - Electric generators; photovoltaic DC generators, of an output exceeding 50W",broad_prefix_expansion,yes,screening_candidate_not_shipment_evidence
Malaysia ,MY,Electronics,2014-,2025,HS2022,127,85,850180,"850180 - Electric generators; (excluding generating sets), photovoltaic AC generators (alternators)",broad_prefix_expansion,yes,screening_candidate_not_shipment_evidence
Malaysia ,MY,Electronics,2014-,2025,HS2022,127,85,850211,"850211 - Electric generating sets; with compression-ignition internal combustion piston engines (diesel or semi-diesel engines), of an output not exceeding 75kVA",broad_prefix_expansion,yes,screening_candidate_not_shipment_evidence
Malaysia ,MY,Electronics,2014-,2025,HS2022,127,85,850212,"850212 - Electric generating sets; with compression-ignition internal combustion piston engines (diesel or semi-diesel engines), of an output exceeding 75kVA but not exceeding 375kVA",broad_prefix_expansion,yes,screening_candidate_not_shipment_evidence
Malaysia ,MY,Electronics,2014-,2025,HS2022,127,85,850213,"850213 - Electric generating sets; with compression-ignition internal combustion piston engines (diesel or semi-diesel engines), of an output exceeding 375kVA",broad_prefix_expansion,yes,screening_candidate_not_shipment_evidence
Malaysia ,MY,Electronics,2014-,2025,HS2022,127,85,850220,850220 - Electric generating sets; with spark-ignition internal combustion piston engines,broad_prefix_expansion,yes,screening_candidate_not_shipment_evidence
Malaysia ,MY,Electronics,2014-,2025,HS2022,127,85,850231,"850231 - Electric generating sets; wind-powered, (excluding those with spark-ignition or compression-ignition internal combustion piston engines)",broad_prefix_expansion,yes,screening_candidate_not_shipment_evidence
Malaysia ,MY,Electronics,2014-,2025,HS2022,127,85,850239,"850239 - Electric generating sets; (excluding those with spark-ignition or compression-ignition internal combustion piston engines), other than wind powered",broad_prefix_expansion,yes,screening_candidate_not_shipment_evidence
Malaysia ,MY,Electronics,2014-,2025,HS2022,127,85,850240,850240 - Electric rotary converters,broad_prefix_expansion,yes,screening_candidate_not_shipment_evidence
Malaysia ,MY,Electronics,2014-,2025,HS2022,127,85,850300,850300 - Electric motors and generators; parts suitable for use solely or principally with the machines of heading no. 8501 or 8502,broad_prefix_expansion,yes,screening_candidate_not_shipment_evidence
Malaysia ,MY,Electronics,2014-,2025,HS2022,127,85,850410,850410 - Discharge lamps or tubes; ballasts therefor,broad_prefix_expansion,yes,screening_candidate_not_shipment_evidence
Malaysia ,MY,Electronics,2014-,2025,HS2022,127,85,850421,"850421 - Electrical transformers; liquid dielectric, having a power handling capacity not exceeding 650kVA",broad_prefix_expansion,yes,screening_candidate_not_shipment_evidence
Malaysia ,MY,Electronics,2014-,2025,HS2022,127,85,850422,"850422 - Electrical transformers; liquid dielectric, having a power handling capacity exceeding 650kVA but not exceeding 10,000kVA",broad_prefix_expansion,yes,screening_candidate_not_shipment_evidence
Malaysia ,MY,Electronics,2014-,2025,HS2022,127,85,850423,"850423 - Electrical transformers; liquid dielectric, having a power handling capacity exceeding 10,000kVA",broad_prefix_expansion,yes,screening_candidate_not_shipment_evidence
Malaysia ,MY,Electronics,2014-,2025,HS2022,127,85,850431,"850431 - Electrical transformers; n.e.c. in item no. 8504.2, having a power handling capacity not exceeding 1kVA",broad_prefix_expansion,yes,screening_candidate_not_shipment_evidence
Malaysia ,MY,Electronics,2014-,2025,HS2022,127,85,850432,"850432 - Transformers; n.e.c. in item no. 8504.2, having a power handling capacity exceeding 1kVA but not exceeding 16kVA",broad_prefix_expansion,yes,screening_candidate_not_shipment_evidence
Malaysia ,MY,Electronics,2014-,2025,HS2022,127,85,850433,"850433 - Transformers; n.e.c. in item no. 8504.2, having a power handling capacity exceeding 16kVA but not exceeding 500kVA",broad_prefix_expansion,yes,screening_candidate_not_shipment_evidence
Malaysia ,MY,Electronics,2014-,2025,HS2022,127,85,850434,"850434 - Transformers; n.e.c. in item no. 8504.2, having a power handling capacity exceeding 500kVA",broad_prefix_expansion,yes,screening_candidate_not_shipment_evidence
Malaysia ,MY,Electronics,2014-,2025,HS2022,127,85,850440,850440 - Electrical static converters,broad_prefix_expansion,yes,screening_candidate_not_shipment_evidence
Malaysia ,MY,Electronics,2014-,2025,HS2022,127,85,850450,850450 - Electrical inductors; n.e.c. in heading no. 8504,broad_prefix_expansion,yes,screening_candidate_not_shipment_evidence
Malaysia ,MY,Electronics,2014-,2025,HS2022,127,85,850490,"850490 - Electrical transformers, static converters and inductors; parts thereof",broad_prefix_expansion,yes,screening_candidate_not_shipment_evidence
Malaysia ,MY,Electronics,2014-,2025,HS2022,127,85,850511,"850511 - Magnets; permanent magnets and articles intended to become permanent magnets after magnetisation, of metal",broad_prefix_expansion,yes,screening_candidate_not_shipment_evidence
Malaysia ,MY,Electronics,2014-,2025,HS2022,127,85,850519,"850519 - Magnets; permanent magnets and articles intended to become permanent magnets after magnetisation, other than of metal",broad_prefix_expansion,yes,screening_candidate_not_shipment_evidence
Malaysia ,MY,Electronics,2014-,2025,HS2022,127,85,850520,"850520 - Magnets; electro-magnetic couplings, clutches and brakes",broad_prefix_expansion,yes,screening_candidate_not_shipment_evidence
Malaysia ,MY,Electronics,2014-,2025,HS2022,127,85,850590,"850590 - Magnets; electro-magnets, holding devices and parts n.e.c. in heading no. 8505",broad_prefix_expansion,yes,screening_candidate_not_shipment_evidence
Malaysia ,MY,Electronics,2014-,2025,HS2022,127,85,850610,"850610 - Cells and batteries; primary, manganese dioxide",broad_prefix_expansion,yes,screening_candidate_not_shipment_evidence
Malaysia ,MY,Electronics,2014-,2025,HS2022,127,85,850630,"850630 - Cells and batteries; primary, mercuric oxide",broad_prefix_expansion,yes,screening_candidate_not_shipment_evidence
Malaysia ,MY,Electronics,2014-,2025,HS2022,127,85,850640,"850640 - Cells and batteries; primary, silver oxide",broad_prefix_expansion,yes,screening_candidate_not_shipment_evidence
Malaysia ,MY,Electronics,2014-,2025,HS2022,127,85,850650,"850650 - Cells and batteries; primary, lithium",broad_prefix_expansion,yes,screening_candidate_not_shipment_evidence
Malaysia ,MY,Electronics,2014-,2025,HS2022,127,85,850660,"850660 - Cells and batteries; primary, air-zinc",broad_prefix_expansion,yes,screening_candidate_not_shipment_evidence
Malaysia ,MY,Electronics,2014-,2025,HS2022,127,85,850680,"850680 - Cells and batteries; primary, (other than manganese dioxide, mercuric oxide, silver oxide, lithium or air-zinc)",broad_prefix_expansion,yes,screening_candidate_not_shipment_evidence
Malaysia ,MY,Electronics,2014-,2025,HS2022,127,85,850690,"850690 - Cells and batteries; primary, parts thereof",broad_prefix_expansion,yes,screening_candidate_not_shipment_evidence
Malaysia ,MY,Electronics,2014-,2025,HS2022,127,85,850710,"850710 - Electric accumulators; lead-acid, of a kind used for starting piston engines, including separators, whether or not rectangular (including square)",broad_prefix_expansion,yes,screening_candidate_not_shipment_evidence
Malaysia ,MY,Electronics,2014-,2025,HS2022,127,85,850720,"850720 - Electric accumulators; lead-acid, (other than for starting piston engines), including separators, whether or not rectangular (including square)",broad_prefix_expansion,yes,screening_candidate_not_shipment_evidence
Malaysia ,MY,Electronics,2014-,2025,HS2022,127,85,850730,"850730 - Electric accumulators; nickel-cadmium, including separators, whether or not rectangular (including square)",broad_prefix_expansion,yes,screening_candidate_not_shipment_evidence
Malaysia ,MY,Electronics,2014-,2025,HS2022,127,85,850750,"850750 - Electric accumulators; nickel-metal hydride, including separators, whether or not rectangular (including square)",broad_prefix_expansion,yes,screening_candidate_not_shipment_evidence
Malaysia ,MY,Electronics,2014-,2025,HS2022,127,85,850760,"850760 - Electric accumulators; lithium-ion, including separators, whether or not rectangular (including square)",broad_prefix_expansion,yes,screening_candidate_not_shipment_evidence
Malaysia ,MY,Electronics,2014-,2025,HS2022,127,85,850780,"850780 - Electric accumulators; other than lead-acid, nickel-cadmium, nickel-metal hydride and lithium-ion, including separators, whether or not rectangular (including square)",broad_prefix_expansion,yes,screening_candidate_not_shipment_evidence
Malaysia ,MY,Electronics,2014-,2025,HS2022,127,85,850790,850790 - Electric accumulators; parts n.e.c. in heading no. 8507,broad_prefix_expansion,yes,screening_candidate_not_shipment_evidence
Malaysia ,MY,Electronics,2014-,2025,HS2022,127,85,850811,"850811 - Vacuum cleaners, with self-contained electric motor, of a power not exceeding 1,500 W and having a dust bag or other receptacle capacity not exceeding 20L",broad_prefix_expansion,yes,screening_candidate_not_shipment_evidence
Malaysia ,MY,Electronics,2014-,2025,HS2022,127,85,850819,"850819 - Vacuum cleaners, with self-contained electric motor, n.e.c. in item no. 8508.1",broad_prefix_expansion,yes,screening_candidate_not_shipment_evidence
Malaysia ,MY,Electronics,2014-,2025,HS2022,127,85,850860,"850860 - Vacuum cleaners, other than with a self-contained electric motor",broad_prefix_expansion,yes,screening_candidate_not_shipment_evidence
Malaysia ,MY,Electronics,2014-,2025,HS2022,127,85,850870,850870 - Parts of vacuum cleaners,broad_prefix_expansion,yes,screening_candidate_not_shipment_evidence
Malaysia ,MY,Electronics,2014-,2025,HS2022,127,85,850940,"850940 - Electro-mechanical domestic appliances; food grinders and mixers, fruit or vegetable juice extractors, with self-contained electric motor",broad_prefix_expansion,yes,screening_candidate_not_shipment_evidence
Malaysia ,MY,Electronics,2014-,2025,HS2022,127,85,850980,"850980 - Electro-mechanical domestic appliances; with self-contained electric motor, other than vacuum cleaners of heading 85.08, n.e.c. in heading no. 8509",broad_prefix_expansion,yes,screening_candidate_not_shipment_evidence
Malaysia ,MY,Electronics,2014-,2025,HS2022,127,85,850990,850990 - Electro-mechanical domestic appliances; parts for the appliances of heading no. 8509,broad_prefix_expansion,yes,screening_candidate_not_shipment_evidence
Malaysia ,MY,Electronics,2014-,2025,HS2022,127,85,851010,851010 - Shavers; with self-contained electric motor,broad_prefix_expansion,yes,screening_candidate_not_shipment_evidence
Malaysia ,MY,Electronics,2014-,2025,HS2022,127,85,851020,851020 - Hair clippers; with a self-contained electric motor,broad_prefix_expansion,yes,screening_candidate_not_shipment_evidence
Malaysia ,MY,Electronics,2014-,2025,HS2022,127,85,851030,851030 - Hair-removing appliances; with self-contained electric motor,broad_prefix_expansion,yes,screening_candidate_not_shipment_evidence
Malaysia ,MY,Electronics,2014-,2025,HS2022,127,85,851090,851090 - Shavers and hair clippers; parts of those with self-contained electric motor,broad_prefix_expansion,yes,screening_candidate_not_shipment_evidence
Malaysia ,MY,Electronics,2014-,2025,HS2022,127,85,851110,"851110 - Ignition or starting equipment; spark plugs, of a kind used for spark or compression-ignition internal combustion engines",broad_prefix_expansion,yes,screening_candidate_not_shipment_evidence
Malaysia ,MY,Electronics,2014-,2025,HS2022,127,85,851120,"851120 - Ignition or starting equipment; ignition magnetos, magneto-dynamos and magnetic flywheels, of a kind used for spark or compression-ignition internal combustion engines",broad_prefix_expansion,yes,screening_candidate_not_shipment_evidence
Malaysia ,MY,Electronics,2014-,2025,HS2022,127,85,851130,851130 - Ignition or starting equipment; distributors and ignition coils of a kind used for spark-ignition or compression-ignition internal combustion engines,broad_prefix_expansion,yes,screening_candidate_not_shipment_evidence
Malaysia ,MY,Electronics,2014-,2025,HS2022,127,85,851140,"851140 - Ignition or starting equipment; starter motors and dual purpose starter-generators, of a kind used for spark or compression-ignition internal combustion engines",broad_prefix_expansion,yes,screening_candidate_not_shipment_evidence
Malaysia ,MY,Electronics,2014-,2025,HS2022,127,85,851150,"851150 - Ignition or starting equipment; generators n.e.c. in heading no. 8511, of a kind used for spark or compression-ignition internal combustion engines",broad_prefix_expansion,yes,screening_candidate_not_shipment_evidence
Malaysia ,MY,Electronics,2014-,2025,HS2022,127,85,851180,"851180 - Ignition or starting equipment; n.e.c. in heading no. 8511, of a kind used for spark or compression-ignition internal combustion engines",broad_prefix_expansion,yes,screening_candidate_not_shipment_evidence
Malaysia ,MY,Electronics,2014-,2025,HS2022,127,85,851190,"851190 - Ignition or starting equipment; parts of the equipment of heading no. 8511, for use in spark-ignition or compression-ignition internal combustion engines",broad_prefix_expansion,yes,screening_candidate_not_shipment_evidence
Malaysia ,MY,Electronics,2014-,2025,HS2022,127,85,851210,"851210 - Lighting or visual signalling equipment; electrical, of a kind used on bicycles, excluding articles of heading no. 8539",broad_prefix_expansion,yes,screening_candidate_not_shipment_evidence
Malaysia ,MY,Electronics,2014-,2025,HS2022,127,85,851220,"851220 - Lighting or visual signalling equipment; electrical, of a kind used on motor vehicles (excluding articles of heading no. 8539)",broad_prefix_expansion,yes,screening_candidate_not_shipment_evidence
Malaysia ,MY,Electronics,2014-,2025,HS2022,127,85,851230,"851230 - Sound signalling equipment; electrical, used on cycles or motor vehicles (excluding articles of heading no. 8539)",broad_prefix_expansion,yes,screening_candidate_not_shipment_evidence
Malaysia ,MY,Electronics,2014-,2025,HS2022,127,85,851240,"851240 - Windscreen wipers, defrosters and demisters; electrical, of kinds used for cycles or motor vehicles",broad_prefix_expansion,yes,screening_candidate_not_shipment_evidence
Malaysia ,MY,Electronics,2014-,2025,HS2022,127,85,851290,"851290 - Lighting or signalling equipment; electrical, (excluding articles of heading no. 8539), windscreen wipers, defrosters and demisters; parts, of those kinds used for cycles or motor vehicles",broad_prefix_expansion,yes,screening_candidate_not_shipment_evidence
Malaysia ,MY,Electronics,2014-,2025,HS2022,127,85,851310,"851310 - Lamps; portable, electric, designed to function by their own source of energy (excluding lighting equipment of heading no. 8512)",broad_prefix_expansion,yes,screening_candidate_not_shipment_evidence
Malaysia ,MY,Electronics,2014-,2025,HS2022,127,85,851390,"851390 - Lamps; parts of portable, electric lamps of heading no. 8513, designed to function by their own source of energy",broad_prefix_expansion,yes,screening_candidate_not_shipment_evidence
Malaysia ,MY,Electronics,2014-,2025,HS2022,127,85,851411,"851411 - Furnaces and ovens; electric, for industrial or laboratory use, resistance heated; hot isostatic presses",broad_prefix_expansion,yes,screening_candidate_not_shipment_evidence
Malaysia ,MY,Electronics,2014-,2025,HS2022,127,85,851419,"851419 - Furnaces and ovens; electric, for industrial or laboratory use, resistance heated; other than hot isostatic presses, for the manufacture of semiconductor devices on semiconductor wafers",broad_prefix_expansion,yes,screening_candidate_not_shipment_evidence
Malaysia ,MY,Electronics,2014-,2025,HS2022,127,85,851420,"851420 - Furnaces and ovens; electric, for industrial or laboratory use, functioning by induction or dielectric loss",broad_prefix_expansion,yes,screening_candidate_not_shipment_evidence
Malaysia ,MY,Electronics,2014-,2025,HS2022,127,85,851431,"851431 - Furnaces and ovens; electric, for industrial or laboratory use, other than those functioning by induction, dielectric loss or resistance heated, electron beam furnaces",broad_prefix_expansion,yes,screening_candidate_not_shipment_evidence
Malaysia ,MY,Electronics,2014-,2025,HS2022,127,85,851432,"851432 - Furnaces and ovens; electric, for industrial or laboratory use, other than those functioning by induction, dielectric loss or resistance heated, plasma and vacuum arc furnaces",broad_prefix_expansion,yes,screening_candidate_not_shipment_evidence
Malaysia ,MY,Electronics,2014-,2025,HS2022,127,85,851439,"851439 - Furnaces and ovens; electric, for industrial or laboratory use, other than those functioning by induction, dielectric loss or resistance heated, other than electron beam, plasma or vacuum arc furnaces",broad_prefix_expansion,yes,screening_candidate_not_shipment_evidence
Malaysia ,MY,Electronics,2014-,2025,HS2022,127,85,851440,"851440 - Heating equipment; for the heat treatment of materials by induction or dielectric loss, industrial or laboratory, other than furnaces and ovens",broad_prefix_expansion,yes,screening_candidate_not_shipment_evidence
Malaysia ,MY,Electronics,2014-,2025,HS2022,127,85,851490,"851490 - Furnaces, ovens and heating equipment; parts of the industrial or laboratory equipment of heading no. 8514",broad_prefix_expansion,yes,screening_candidate_not_shipment_evidence
Malaysia ,MY,Electronics,2014-,2025,HS2022,127,85,851511,"851511 - Brazing or soldering machines and apparatus; soldering irons and guns, whether or not capable of cutting",broad_prefix_expansion,yes,screening_candidate_not_shipment_evidence
Malaysia ,MY,Electronics,2014-,2025,HS2022,127,85,851519,"851519 - Brazing or soldering machines and apparatus; other than soldering irons and guns, whether or not capable of cutting",broad_prefix_expansion,yes,screening_candidate_not_shipment_evidence
Malaysia ,MY,Electronics,2014-,2025,HS2022,127,85,851521,"851521 - Welding machines and apparatus; for resistance welding of metal, fully or partly automatic, whether or not capable of cutting",broad_prefix_expansion,yes,screening_candidate_not_shipment_evidence
Malaysia ,MY,Electronics,2014-,2025,HS2022,127,85,851529,"851529 - Welding machines and apparatus; for resistance welding of metal, other than fully or partly automatic, whether or not capable of cutting",broad_prefix_expansion,yes,screening_candidate_not_shipment_evidence
Malaysia ,MY,Electronics,2014-,2025,HS2022,127,85,851531,"851531 - Welding machines and apparatus; for arc (including plasma arc) welding of metals, fully or partly automatic, whether or not capable of cutting",broad_prefix_expansion,yes,screening_candidate_not_shipment_evidence
Malaysia ,MY,Electronics,2014-,2025,HS2022,127,85,851539,"851539 - Welding machines and apparatus; for arc (including plasma arc) welding of metals, other than fully or partly automatic, whether or not capable of cutting",broad_prefix_expansion,yes,screening_candidate_not_shipment_evidence
Malaysia ,MY,Electronics,2014-,2025,HS2022,127,85,851580,"851580 - Welding machines and apparatus; n.e.c. in heading no. 8515, whether or not capable of cutting",broad_prefix_expansion,yes,screening_candidate_not_shipment_evidence
Malaysia ,MY,Electronics,2014-,2025,HS2022,127,85,851590,"851590 - Welding, brazing or soldering machines; parts of the machines of heading no. 8515",broad_prefix_expansion,yes,screening_candidate_not_shipment_evidence
Malaysia ,MY,Electronics,2014-,2025,HS2022,127,85,851610,"851610 - Heaters; electric, instantaneous or storage water and immersion heaters",broad_prefix_expansion,yes,screening_candidate_not_shipment_evidence
Malaysia ,MY,Electronics,2014-,2025,HS2022,127,85,851621,851621 - Heating apparatus; electric storage heating radiators,broad_prefix_expansion,yes,screening_candidate_not_shipment_evidence
Malaysia ,MY,Electronics,2014-,2025,HS2022,127,85,851629,851629 - Heating apparatus; electric soil heating apparatus and space heating apparatus (excluding storage heating radiators),broad_prefix_expansion,yes,screening_candidate_not_shipment_evidence
Malaysia ,MY,Electronics,2014-,2025,HS2022,127,85,851631,851631 - Hair-dressing apparatus; electro-thermic hair dryers,broad_prefix_expansion,yes,screening_candidate_not_shipment_evidence
Malaysia ,MY,Electronics,2014-,2025,HS2022,127,85,851632,"851632 - Hair-dressing apparatus; electro-thermic, other than hair dryers",broad_prefix_expansion,yes,screening_candidate_not_shipment_evidence
Malaysia ,MY,Electronics,2014-,2025,HS2022,127,85,851633,851633 - Hand-drying apparatus; electro-thermic,broad_prefix_expansion,yes,screening_candidate_not_shipment_evidence
Malaysia ,MY,Electronics,2014-,2025,HS2022,127,85,851640,851640 - Smoothing irons; electric,broad_prefix_expansion,yes,screening_candidate_not_shipment_evidence
Malaysia ,MY,Electronics,2014-,2025,HS2022,127,85,851650,"851650 - Ovens; microwave, of a kind used for domestic purposes",broad_prefix_expansion,yes,screening_candidate_not_shipment_evidence
Malaysia ,MY,Electronics,2014-,2025,HS2022,127,85,851660,"851660 - Ovens, cookers, cooking plates, boiling rings, grillers and roasters; of a kind used for domestic purposes (excluding microwaves)",broad_prefix_expansion,yes,screening_candidate_not_shipment_evidence
Malaysia ,MY,Electronics,2014-,2025,HS2022,127,85,851671,"851671 - Electro-thermic appliances; coffee or tea makers, of a kind used for domestic purposes",broad_prefix_expansion,yes,screening_candidate_not_shipment_evidence
Malaysia ,MY,Electronics,2014-,2025,HS2022,127,85,851672,"851672 - Electro-thermic appliances; toasters, of a kind used for domestic purposes",broad_prefix_expansion,yes,screening_candidate_not_shipment_evidence
Malaysia ,MY,Electronics,2014-,2025,HS2022,127,85,851679,"851679 - Electro-thermic appliances; n.e.c. in heading no. 8516, used for domestic purposes",broad_prefix_expansion,yes,screening_candidate_not_shipment_evidence
Malaysia ,MY,Electronics,2014-,2025,HS2022,127,85,851680,"851680 - Resistors; electric heating, other than those of heading no. 8545",broad_prefix_expansion,yes,screening_candidate_not_shipment_evidence
Malaysia ,MY,Electronics,2014-,2025,HS2022,127,85,851690,"851690 - Electro-thermic appliances; parts, of heating resistors, of water, space and soil heaters, hair-dressing apparatus, hand dryers, smoothing irons and other domestic appliances of heading no. 8516",broad_prefix_expansion,yes,screening_candidate_not_shipment_evidence
Malaysia ,MY,Electronics,2014-,2025,HS2022,127,85,851711,851711 - Line telephone sets with cordless handsets,broad_prefix_expansion,yes,screening_candidate_not_shipment_evidence
Malaysia ,MY,Electronics,2014-,2025,HS2022,127,85,851713,851713 - Telephone sets; smartphones for cellular or other wireless networks,broad_prefix_expansion,yes,screening_candidate_not_shipment_evidence
Malaysia ,MY,Electronics,2014-,2025,HS2022,127,85,851714,"851714 - Telephone sets; other than smartphones, for cellular or other wireless networks",broad_prefix_expansion,yes,screening_candidate_not_shipment_evidence
Malaysia ,MY,Electronics,2014-,2025,HS2022,127,85,851718,851718 - Telephone sets n.e.c. in item no. 8517.1,broad_prefix_expansion,yes,screening_candidate_not_shipment_evidence
Malaysia ,MY,Electronics,2014-,2025,HS2022,127,85,851761,851761 - Base stations,broad_prefix_expansion,yes,screening_candidate_not_shipment_evidence
Malaysia ,MY,Electronics,2014-,2025,HS2022,127,85,851762,"851762 - Communication apparatus (excluding telephone sets or base stations); machines for the reception, conversion and transmission or regeneration of voice, images or other data, including switching and routing apparatus",broad_prefix_expansion,yes,screening_candidate_not_shipment_evidence
Malaysia ,MY,Electronics,2014-,2025,HS2022,127,85,851769,"851769 - Communication apparatus (excluding telephone sets or base stations); machines for the transmission or reception of voice, images or other data (including wired/wireless networks), n.e.c. in item no. 8517.6",broad_prefix_expansion,yes,screening_candidate_not_shipment_evidence
Malaysia ,MY,Electronics,2014-,2025,HS2022,127,85,851771,"851771 - Communication apparatus; parts, aerials and aerial reflectors of all kinds, part suitable for use therewith",broad_prefix_expansion,yes,screening_candidate_not_shipment_evidence
Malaysia ,MY,Electronics,2014-,2025,HS2022,127,85,851779,"851779 - Communication apparatus; parts, other than aerials and aerial reflectors of all kinds",broad_prefix_expansion,yes,screening_candidate_not_shipment_evidence
Malaysia ,MY,Electronics,2014-,2025,HS2022,127,85,851810,851810 - Microphones and stands therefor,broad_prefix_expansion,yes,screening_candidate_not_shipment_evidence
Malaysia ,MY,Electronics,2014-,2025,HS2022,127,85,851821,"851821 - Loudspeakers; single, mounted in their enclosures",broad_prefix_expansion,yes,screening_candidate_not_shipment_evidence
Malaysia ,MY,Electronics,2014-,2025,HS2022,127,85,851822,"851822 - Loudspeakers; multiple, mounted in the same enclosure",broad_prefix_expansion,yes,screening_candidate_not_shipment_evidence
Malaysia ,MY,Electronics,2014-,2025,HS2022,127,85,851829,851829 - Loudspeakers; not mounted in their enclosures,broad_prefix_expansion,yes,screening_candidate_not_shipment_evidence
Malaysia ,MY,Electronics,2014-,2025,HS2022,127,85,851830,"851830 - Headphones and earphones, whether or not combined with a microphone, and sets consisting of a microphone and one or more loudspeakers",broad_prefix_expansion,yes,screening_candidate_not_shipment_evidence
Malaysia ,MY,Electronics,2014-,2025,HS2022,127,85,851840,851840 - Amplifiers; audio-frequency electric,broad_prefix_expansion,yes,screening_candidate_not_shipment_evidence
Malaysia ,MY,Electronics,2014-,2025,HS2022,127,85,851850,851850 - Amplifier sets; electric sound,broad_prefix_expansion,yes,screening_candidate_not_shipment_evidence
Malaysia ,MY,Electronics,2014-,2025,HS2022,127,85,851890,"851890 - Microphones, headphones, earphones, amplifier equipment; parts of the equipment of heading no. 8518",broad_prefix_expansion,yes,screening_candidate_not_shipment_evidence
Malaysia ,MY,Electronics,2014-,2025,HS2022,127,85,851920,"851920 - Sound recording or reproducing apparatus; operated by coins, banknotes, bank cards, tokens or by other means of payment",broad_prefix_expansion,yes,screening_candidate_not_shipment_evidence
Malaysia ,MY,Electronics,2014-,2025,HS2022,127,85,851930,851930 - Sound recording or reproducing apparatus; turntables (record-decks),broad_prefix_expansion,yes,screening_candidate_not_shipment_evidence
Malaysia ,MY,Electronics,2014-,2025,HS2022,127,85,851981,"851981 - Sound recording or reproducing apparatus; using magnetic, optical or semiconductor media, n.e.c. in item no 8519.20, 8519.30 or 8519.50",broad_prefix_expansion,yes,screening_candidate_not_shipment_evidence
Malaysia ,MY,Electronics,2014-,2025,HS2022,127,85,851989,851989 - Sound recording or reproducing apparatus; n.e.c. in heading no 8519,broad_prefix_expansion,yes,screening_candidate_not_shipment_evidence
Malaysia ,MY,Electronics,2014-,2025,HS2022,127,85,852110,852110 - Video recording or reproducing apparatus; magnetic tape-type,broad_prefix_expansion,yes,screening_candidate_not_shipment_evidence
Malaysia ,MY,Electronics,2014-,2025,HS2022,127,85,852190,852190 - Video recording or reproducing apparatus; other than magnetic tape-type,broad_prefix_expansion,yes,screening_candidate_not_shipment_evidence
Malaysia ,MY,Electronics,2014-,2025,HS2022,127,85,852210,"852210 - Sound recording or reproducing apparatus; parts and accessories thereof, pick-up cartridges",broad_prefix_expansion,yes,screening_candidate_not_shipment_evidence
Malaysia ,MY,Electronics,2014-,2025,HS2022,127,85,852290,"852290 - Sound or video recording or reproducing apparatus; parts and accessories thereof, other than pick-up cartridges",broad_prefix_expansion,yes,screening_candidate_not_shipment_evidence
Malaysia ,MY,Electronics,2014-,2025,HS2022,127,85,852321,"852321 - Magnetic media; cards incorporating a magnetic stripe, whether or not recorded, excluding products of Chapter 37",broad_prefix_expansion,yes,screening_candidate_not_shipment_evidence
Malaysia ,MY,Electronics,2014-,2025,HS2022,127,85,852329,"852329 - Magnetic media; other than cards incorporating a magnetic stripe, whether or not recorded, excluding products of Chapter 37",broad_prefix_expansion,yes,screening_candidate_not_shipment_evidence
Malaysia ,MY,Electronics,2014-,2025,HS2022,127,85,852341,"852341 - Optical media; unrecorded, excluding products of Chapter 37",broad_prefix_expansion,yes,screening_candidate_not_shipment_evidence
Malaysia ,MY,Electronics,2014-,2025,HS2022,127,85,852349,"852349 - Optical media; recorded, excluding products of Chapter 37",broad_prefix_expansion,yes,screening_candidate_not_shipment_evidence
Malaysia ,MY,Electronics,2014-,2025,HS2022,127,85,852351,"852351 - Semiconductor media; solid-state non-volatile storage devices, whether or not recorded, excluding products of Chapter 37",broad_prefix_expansion,yes,screening_candidate_not_shipment_evidence
Malaysia ,MY,Electronics,2014-,2025,HS2022,127,85,852352,"852352 - Semiconductor media; smart cards, whether or not recorded, excluding products of Chapter 37",broad_prefix_expansion,yes,screening_candidate_not_shipment_evidence
Malaysia ,MY,Electronics,2014-,2025,HS2022,127,85,852359,"852359 - Semiconductor media; other than smart cards, whether or not recorded, excluding products of Chapter 37",broad_prefix_expansion,yes,screening_candidate_not_shipment_evidence
Malaysia ,MY,Electronics,2014-,2025,HS2022,127,85,852380,"852380 - Media n.e.c. in heading 8523, whether or not recorded, excluding products of Chapter 37",broad_prefix_expansion,yes,screening_candidate_not_shipment_evidence
Malaysia ,MY,Electronics,2014-,2025,HS2022,127,85,852411,"852411 - Flat panel display modules, whether or not incorporating touch-sensitive screens; of liquid crystals, without drivers or control circuits",broad_prefix_expansion,yes,screening_candidate_not_shipment_evidence
Malaysia ,MY,Electronics,2014-,2025,HS2022,127,85,852412,"852412 - Flat panel display modules, whether or not incorporating touch-sensitive screens; of organic light-emitting diodes (OLED), without drivers or control circuits",broad_prefix_expansion,yes,screening_candidate_not_shipment_evidence
Malaysia ,MY,Electronics,2014-,2025,HS2022,127,85,852419,"852419 - Flat panel display modules, whether or not incorporating touch-sensitive screens; of other than liquid crystals or organic light-emitting diodes (OLED), without drivers or control circuits",broad_prefix_expansion,yes,screening_candidate_not_shipment_evidence
Malaysia ,MY,Electronics,2014-,2025,HS2022,127,85,852491,"852491 - Flat panel display modules, whether or not incorporating touch-sensitive screens; of liquid crystals, with drivers or control circuits",broad_prefix_expansion,yes,screening_candidate_not_shipment_evidence
Malaysia ,MY,Electronics,2014-,2025,HS2022,127,85,852492,"852492 - Flat panel display modules, whether or not incorporating touch-sensitive screens; of organic light-emitting diodes (OLED), with drivers or control circuits",broad_prefix_expansion,yes,screening_candidate_not_shipment_evidence
Malaysia ,MY,Electronics,2014-,2025,HS2022,127,85,852499,"852499 - Flat panel display modules, whether or not incorporating touch-sensitive screens; of other than liquid crystals or organic light-emitting diodes (OLED), with drivers or control circuits",broad_prefix_expansion,yes,screening_candidate_not_shipment_evidence
Malaysia ,MY,Electronics,2014-,2025,HS2022,127,85,852550,"852550 - Transmission apparatus for radio-broadcasting or television, whether or not incorporating sound recording or reproducing apparatus, not incorporating reception apparatus",broad_prefix_expansion,yes,screening_candidate_not_shipment_evidence
Malaysia ,MY,Electronics,2014-,2025,HS2022,127,85,852560,"852560 - Transmission apparatus for radio-broadcasting or television, whether or not incorporating sound recording or reproducing apparatus, incorporating reception apparatus",broad_prefix_expansion,yes,screening_candidate_not_shipment_evidence
Malaysia ,MY,Electronics,2014-,2025,HS2022,127,85,852581,"852581 - Television cameras, digital cameras and video camera recorders; high-speed goods as specified in subheading note 1 to this chapter",broad_prefix_expansion,yes,screening_candidate_not_shipment_evidence
Malaysia ,MY,Electronics,2014-,2025,HS2022,127,85,852582,"852582 - Television cameras, digital cameras and video camera recorders; radiation-hardened or radiation-tolerant goods as specified in subheading note 2 to this chapter",broad_prefix_expansion,yes,screening_candidate_not_shipment_evidence
Malaysia ,MY,Electronics,2014-,2025,HS2022,127,85,852583,"852583 - Television cameras, digital cameras and video camera recorders; night vision goods as specified in subheading note 3 to this chapter",broad_prefix_expansion,yes,screening_candidate_not_shipment_evidence
Malaysia ,MY,Electronics,2014-,2025,HS2022,127,85,852589,852589 - Television cameras; n.e.c. in item no 8525.8,broad_prefix_expansion,yes,screening_candidate_not_shipment_evidence
Malaysia ,MY,Electronics,2014-,2025,HS2022,127,85,852610,852610 - Radar apparatus,broad_prefix_expansion,yes,screening_candidate_not_shipment_evidence
Malaysia ,MY,Electronics,2014-,2025,HS2022,127,85,852691,852691 - Radio navigational aid apparatus,broad_prefix_expansion,yes,screening_candidate_not_shipment_evidence
Malaysia ,MY,Electronics,2014-,2025,HS2022,127,85,852692,852692 - Radio remote control apparatus,broad_prefix_expansion,yes,screening_candidate_not_shipment_evidence
Malaysia ,MY,Electronics,2014-,2025,HS2022,127,85,852712,852712 - Radio broadcast receivers capable of operating without an external power source; pocket-size radio cassette-players,broad_prefix_expansion,yes,screening_candidate_not_shipment_evidence
Malaysia ,MY,Electronics,2014-,2025,HS2022,127,85,852713,"852713 - Radio broadcast receivers capable of operating without an external power source; apparatus (other than pocket-size radio cassette-players), combined with sound recording or reproducing apparatus",broad_prefix_expansion,yes,screening_candidate_not_shipment_evidence
Malaysia ,MY,Electronics,2014-,2025,HS2022,127,85,852719,852719 - Radio broadcast receivers capable of operating without an external power source; n.e.c. in item no. 8527.1,broad_prefix_expansion,yes,screening_candidate_not_shipment_evidence
Malaysia ,MY,Electronics,2014-,2025,HS2022,127,85,852721,"852721 - Radio-broadcast receivers not capable of operating without an external source of power, of a kind used in motor vehicles; combined with sound recording or reproducing apparatus",broad_prefix_expansion,yes,screening_candidate_not_shipment_evidence
Malaysia ,MY,Electronics,2014-,2025,HS2022,127,85,852729,"852729 - Radio-broadcast receivers not capable of operating without an external source of power, of a kind used in motor vehicles; not combined with sound recording or reproducing apparatus",broad_prefix_expansion,yes,screening_candidate_not_shipment_evidence
Malaysia ,MY,Electronics,2014-,2025,HS2022,127,85,852791,852791 - Radio-broadcast receivers n.e.c. in heading no. 8527; combined with sound recording or reproducing apparatus,broad_prefix_expansion,yes,screening_candidate_not_shipment_evidence
Malaysia ,MY,Electronics,2014-,2025,HS2022,127,85,852792,852792 - Radio-broadcast receivers n.e.c. in heading no. 8527; not combined with sound recording or reproducing apparatus but combined with a clock,broad_prefix_expansion,yes,screening_candidate_not_shipment_evidence
Malaysia ,MY,Electronics,2014-,2025,HS2022,127,85,852799,852799 - Radio-broadcast receivers n.e.c. in heading no. 8527; not combined with sound recording or reproducing apparatus and not combined with a clock,broad_prefix_expansion,yes,screening_candidate_not_shipment_evidence
Malaysia ,MY,Electronics,2014-,2025,HS2022,127,85,852842,"852842 - Monitors; cathode-ray tube, capable of directly connecting to and designed for use with an automatic data processing machine of heading 84.71",broad_prefix_expansion,yes,screening_candidate_not_shipment_evidence
Malaysia ,MY,Electronics,2014-,2025,HS2022,127,85,852849,"852849 - Monitors; cathode-ray tube, n.e.c. in subheading 8528.42, whether or not colour",broad_prefix_expansion,yes,screening_candidate_not_shipment_evidence
Malaysia ,MY,Electronics,2014-,2025,HS2022,127,85,852852,852852 - Monitors; other than cathode-ray tube; capable of directly connecting to and designed for use with an automatic data processing machine of heading 84.71,broad_prefix_expansion,yes,screening_candidate_not_shipment_evidence
Malaysia ,MY,Electronics,2014-,2025,HS2022,127,85,852859,"852859 - Monitors other than cathode-ray tube; n.e.c. in subheading 8528.52, whether or not colour",broad_prefix_expansion,yes,screening_candidate_not_shipment_evidence
Malaysia ,MY,Electronics,2014-,2025,HS2022,127,85,852862,852862 - Projectors; capable of directly connecting to and designed for use with an automatic data processing machine of heading 84.71,broad_prefix_expansion,yes,screening_candidate_not_shipment_evidence
Malaysia ,MY,Electronics,2014-,2025,HS2022,127,85,852869,"852869 - Projectors; n.e.c. in subheading 8528.62, whether or not colour",broad_prefix_expansion,yes,screening_candidate_not_shipment_evidence
Malaysia ,MY,Electronics,2014-,2025,HS2022,127,85,852871,"852871 - Reception apparatus for television, whether or not incorporating radio-broadcast receivers or sound or video recording or reproducing apparatus; not designed to incorporate a video display or screen",broad_prefix_expansion,yes,screening_candidate_not_shipment_evidence
Malaysia ,MY,Electronics,2014-,2025,HS2022,127,85,852872,"852872 - Reception apparatus for television, whether or not incorporating radio-broadcast receivers or sound or video recording or reproducing apparatus; incorporating a colour video display or screen",broad_prefix_expansion,yes,screening_candidate_not_shipment_evidence
Malaysia ,MY,Electronics,2014-,2025,HS2022,127,85,852873,"852873 - Reception apparatus for television, whether or not incorporating radio-broadcast receivers or sound or video recording or reproducing apparatus; incorporating a monochrome video display or screen",broad_prefix_expansion,yes,screening_candidate_not_shipment_evidence
Malaysia ,MY,Electronics,2014-,2025,HS2022,127,85,852910,852910 - Reception and transmission apparatus; aerials and aerial reflectors of all kinds and parts suitable for use therewith,broad_prefix_expansion,yes,screening_candidate_not_shipment_evidence
Malaysia ,MY,Electronics,2014-,2025,HS2022,127,85,852990,"852990 - Reception and transmission apparatus; for use with the apparatus of heading no. 8524 to 8528, excluding aerials and aerial reflectors",broad_prefix_expansion,yes,screening_candidate_not_shipment_evidence
Malaysia ,MY,Electronics,2014-,2025,HS2022,127,85,853010,"853010 - Signalling, safety or traffic control equipment; for railways or tramways (excluding those of heading no. 8608)",broad_prefix_expansion,yes,screening_candidate_not_shipment_evidence
Malaysia ,MY,Electronics,2014-,2025,HS2022,127,85,853080,"853080 - Signalling, safety or traffic control equipment; for roads, inland waterways, parking facilities, port installations or airfields (excluding those of heading no. 8608)",broad_prefix_expansion,yes,screening_candidate_not_shipment_evidence
Malaysia ,MY,Electronics,2014-,2025,HS2022,127,85,853090,"853090 - Signalling apparatus; parts of safety, traffic control equipment for railways, tramways, roads, inland waterways, airfields, parking facilities, port instalments (excluding those of heading no. 8608)",broad_prefix_expansion,yes,screening_candidate_not_shipment_evidence
Malaysia ,MY,Electronics,2014-,2025,HS2022,127,85,853110,"853110 - Signalling apparatus; electric, sound or visual, burglar or fire alarms and similar, other than those of heading no. 8512 or 8530",broad_prefix_expansion,yes,screening_candidate_not_shipment_evidence
Malaysia ,MY,Electronics,2014-,2025,HS2022,127,85,853120,"853120 - Signalling apparatus; electric, sound or visual, indicator panels incorporating liquid crystal devices (LCD) or light-emitting diodes (LED), excluding those of heading no. 8512 or 8530",broad_prefix_expansion,yes,screening_candidate_not_shipment_evidence
Malaysia ,MY,Electronics,2014-,2025,HS2022,127,85,853180,"853180 - Signalling apparatus; electric, sound or visual, apparatus n.e.c. in heading no. 8531, excluding those of heading no. 8512 or 8530",broad_prefix_expansion,yes,screening_candidate_not_shipment_evidence
Malaysia ,MY,Electronics,2014-,2025,HS2022,127,85,853190,"853190 - Signalling apparatus; parts of the electric, sound or visual apparatus of heading no. 8531",broad_prefix_expansion,yes,screening_candidate_not_shipment_evidence
Malaysia ,MY,Electronics,2014-,2025,HS2022,127,85,853210,"853210 - Electrical capacitors; fixed, designed for use in 50/60 Hz circuits and having a reactive power handling capacity of not less than 0.5 kvar (power capacitors)",broad_prefix_expansion,yes,screening_candidate_not_shipment_evidence
Malaysia ,MY,Electronics,2014-,2025,HS2022,127,85,853221,"853221 - Electrical capacitors; fixed, tantalum",broad_prefix_expansion,yes,screening_candidate_not_shipment_evidence
Malaysia ,MY,Electronics,2014-,2025,HS2022,127,85,853222,"853222 - Electrical capacitors; fixed, aluminium electrolytic",broad_prefix_expansion,yes,screening_candidate_not_shipment_evidence
Malaysia ,MY,Electronics,2014-,2025,HS2022,127,85,853223,"853223 - Electrical capacitors; fixed, ceramic dielectric, single layer",broad_prefix_expansion,yes,screening_candidate_not_shipment_evidence
Malaysia ,MY,Electronics,2014-,2025,HS2022,127,85,853224,"853224 - Electrical capacitors; fixed, ceramic dielectric, multilayer",broad_prefix_expansion,yes,screening_candidate_not_shipment_evidence
Malaysia ,MY,Electronics,2014-,2025,HS2022,127,85,853225,"853225 - Electrical capacitors; fixed, dielectric of paper or plastics",broad_prefix_expansion,yes,screening_candidate_not_shipment_evidence
Malaysia ,MY,Electronics,2014-,2025,HS2022,127,85,853229,"853229 - Electrical capacitors; fixed, n.e.c. in heading no. 8532",broad_prefix_expansion,yes,screening_candidate_not_shipment_evidence
Malaysia ,MY,Electronics,2014-,2025,HS2022,127,85,853230,853230 - Electrical capacitors; variable or adjustable (pre-set) capacitors,broad_prefix_expansion,yes,screening_candidate_not_shipment_evidence
Malaysia ,MY,Electronics,2014-,2025,HS2022,127,85,853290,853290 - Electrical capacitors; parts of the capacitors of heading no. 8532,broad_prefix_expansion,yes,screening_candidate_not_shipment_evidence
Malaysia ,MY,Electronics,2014-,2025,HS2022,127,85,853310,"853310 - Electrical resistors; fixed carbon resistors, composition or film types (including rheostats and potentiometers but excluding heating resistors)",broad_prefix_expansion,yes,screening_candidate_not_shipment_evidence
Malaysia ,MY,Electronics,2014-,2025,HS2022,127,85,853321,"853321 - Electrical resistors; fixed, for a power handling capacity not exceeding 20W (including rheostats and potentiometers but excluding heating resistors and carbon resistors)",broad_prefix_expansion,yes,screening_candidate_not_shipment_evidence
Malaysia ,MY,Electronics,2014-,2025,HS2022,127,85,853329,"853329 - Electrical resistors; fixed, for a power handling capacity exceeding 20W (including rheostats and potentiometers but excluding heating resistors and carbon resistors)",broad_prefix_expansion,yes,screening_candidate_not_shipment_evidence
Malaysia ,MY,Electronics,2014-,2025,HS2022,127,85,853331,"853331 - Electrical resistors; wirewound variable, including rheostats and potentiometers, for a power handling capacity not exceeding 20W (excluding heating)",broad_prefix_expansion,yes,screening_candidate_not_shipment_evidence
Malaysia ,MY,Electronics,2014-,2025,HS2022,127,85,853339,"853339 - Electrical resistors; wirewound variable, including rheostats and potentiometers, for a power handling capacity exceeding 20W (excluding heating)",broad_prefix_expansion,yes,screening_candidate_not_shipment_evidence
Malaysia ,MY,Electronics,2014-,2025,HS2022,127,85,853340,"853340 - Electrical resistors; variable, including rheostats and potentiometers (excluding heating)",broad_prefix_expansion,yes,screening_candidate_not_shipment_evidence
Malaysia ,MY,Electronics,2014-,2025,HS2022,127,85,853390,853390 - Resistors; parts of the resistors of heading no. 8533,broad_prefix_expansion,yes,screening_candidate_not_shipment_evidence
Malaysia ,MY,Electronics,2014-,2025,HS2022,127,85,853400,853400 - Circuits; printed,broad_prefix_expansion,yes,screening_candidate_not_shipment_evidence
Malaysia ,MY,Electronics,2014-,2025,HS2022,127,85,853510,"853510 - Electrical apparatus; fuses, for a voltage exceeding 1000 volts",broad_prefix_expansion,yes,screening_candidate_not_shipment_evidence
Malaysia ,MY,Electronics,2014-,2025,HS2022,127,85,853521,"853521 - Electrical apparatus; automatic circuit breakers, for a voltage exceeding 1000 volts but less than 72.5kV",broad_prefix_expansion,yes,screening_candidate_not_shipment_evidence
Malaysia ,MY,Electronics,2014-,2025,HS2022,127,85,853529,"853529 - Electrical apparatus; automatic circuit breakers, for a voltage of 72.5kV or more",broad_prefix_expansion,yes,screening_candidate_not_shipment_evidence
Malaysia ,MY,Electronics,2014-,2025,HS2022,127,85,853530,"853530 - Electrical apparatus; isolating and make-and-break switches, for a voltage exceeding 1000 volts",broad_prefix_expansion,yes,screening_candidate_not_shipment_evidence
Malaysia ,MY,Electronics,2014-,2025,HS2022,127,85,853540,"853540 - Electrical apparatus; lightning arresters, voltage limiters and surge suppressors (for a voltage exceeding 1000 volts)",broad_prefix_expansion,yes,screening_candidate_not_shipment_evidence
Malaysia ,MY,Electronics,2014-,2025,HS2022,127,85,853590,"853590 - Electrical apparatus; n.e.c. in heading no. 8535, for switching or protecting electrical circuits, for a voltage exceeding 1000 volts",broad_prefix_expansion,yes,screening_candidate_not_shipment_evidence
Malaysia ,MY,Electronics,2014-,2025,HS2022,127,85,853610,"853610 - Electrical apparatus; fuses, for a voltage not exceeding 1000 volts",broad_prefix_expansion,yes,screening_candidate_not_shipment_evidence
Malaysia ,MY,Electronics,2014-,2025,HS2022,127,85,853620,"853620 - Electrical apparatus; automatic circuit breakers, for a voltage not exceeding 1000 volts",broad_prefix_expansion,yes,screening_candidate_not_shipment_evidence
Malaysia ,MY,Electronics,2014-,2025,HS2022,127,85,853630,"853630 - Electrical apparatus; for protecting electrical circuits, n.e.c. in heading no. 8536, for a voltage not exceeding 1000 volts",broad_prefix_expansion,yes,screening_candidate_not_shipment_evidence
Malaysia ,MY,Electronics,2014-,2025,HS2022,127,85,853641,"853641 - Electrical apparatus; relays, (for a voltage not exceeding 60 volts)",broad_prefix_expansion,yes,screening_candidate_not_shipment_evidence
Malaysia ,MY,Electronics,2014-,2025,HS2022,127,85,853649,"853649 - Electrical apparatus; relays, for a voltage exceeding 60 volts",broad_prefix_expansion,yes,screening_candidate_not_shipment_evidence
Malaysia ,MY,Electronics,2014-,2025,HS2022,127,85,853650,"853650 - Electrical apparatus; switches n.e.c. in heading no. 8536, for a voltage not exceeding 1000 volts",broad_prefix_expansion,yes,screening_candidate_not_shipment_evidence
Malaysia ,MY,Electronics,2014-,2025,HS2022,127,85,853661,"853661 - Electrical apparatus; lamp-holders, for a voltage not exceeding 1000 volts",broad_prefix_expansion,yes,screening_candidate_not_shipment_evidence
Malaysia ,MY,Electronics,2014-,2025,HS2022,127,85,853669,"853669 - Electrical apparatus; plugs and sockets, for a voltage not exceeding 1000 volts",broad_prefix_expansion,yes,screening_candidate_not_shipment_evidence
Malaysia ,MY,Electronics,2014-,2025,HS2022,127,85,853670,"853670 - Connectors for optical fibres, optical fibre bundles or cables",broad_prefix_expansion,yes,screening_candidate_not_shipment_evidence
Malaysia ,MY,Electronics,2014-,2025,HS2022,127,85,853690,"853690 - Electrical apparatus; n.e.c. in heading no. 8536, for switching or protecting electrical circuits, for a voltage not exceeding 1000 volts",broad_prefix_expansion,yes,screening_candidate_not_shipment_evidence
Malaysia ,MY,Electronics,2014-,2025,HS2022,127,85,853710,"853710 - Boards, panels, consoles, desks and other bases; for electric control or the distribution of electricity, (other than switching apparatus of heading no. 8517), for a voltage not exceeding 1000 volts",broad_prefix_expansion,yes,screening_candidate_not_shipment_evidence
Malaysia ,MY,Electronics,2014-,2025,HS2022,127,85,853720,"853720 - Boards, panels, consoles, desks and other bases; for electric control or the distribution of electricity, (other than switching apparatus of heading no. 8517), for a voltage exceeding 1000 volts",broad_prefix_expansion,yes,screening_candidate_not_shipment_evidence
Malaysia ,MY,Electronics,2014-,2025,HS2022,127,85,853810,"853810 - Electrical apparatus; parts (e.g. boards, panels, consoles, desks, cabinets, other bases), for goods of heading no. 8537, not equipped with their apparatus",broad_prefix_expansion,yes,screening_candidate_not_shipment_evidence
Malaysia ,MY,Electronics,2014-,2025,HS2022,127,85,853890,"853890 - Electrical apparatus; parts suitable for use solely or principally with the apparatus of heading no. 8535, 8536 or 8537",broad_prefix_expansion,yes,screening_candidate_not_shipment_evidence
Malaysia ,MY,Electronics,2014-,2025,HS2022,127,85,853910,853910 - Lamps; sealed beam units,broad_prefix_expansion,yes,screening_candidate_not_shipment_evidence
Malaysia ,MY,Electronics,2014-,2025,HS2022,127,85,853921,"853921 - Lamps; filament, (excluding ultra-violet or infra-red), tungsten halogen",broad_prefix_expansion,yes,screening_candidate_not_shipment_evidence
Malaysia ,MY,Electronics,2014-,2025,HS2022,127,85,853922,"853922 - Lamps; filament, (excluding ultra-violet or infra-red), of a power not exceeding 200W and for a voltage exceeding 100 volts, other than tungsten halogen",broad_prefix_expansion,yes,screening_candidate_not_shipment_evidence
Malaysia ,MY,Electronics,2014-,2025,HS2022,127,85,853929,"853929 - Lamps; filament, (excluding ultra-violet or infra-red), n.e.c. in item no. 8539.2",broad_prefix_expansion,yes,screening_candidate_not_shipment_evidence
Malaysia ,MY,Electronics,2014-,2025,HS2022,127,85,853931,"853931 - Lamps; discharge, (excluding ultra-violet), fluorescent, hot cathode",broad_prefix_expansion,yes,screening_candidate_not_shipment_evidence
Malaysia ,MY,Electronics,2014-,2025,HS2022,127,85,853932,"853932 - Lamps; discharge, (excluding ultra-violet), mercury or sodium vapour lamps, metal halide lamps",broad_prefix_expansion,yes,screening_candidate_not_shipment_evidence
Malaysia ,MY,Electronics,2014-,2025,HS2022,127,85,853939,"853939 - Lamps; discharge, (excluding ultra-violet, excluding fluorescent, hot cathode)",broad_prefix_expansion,yes,screening_candidate_not_shipment_evidence
Malaysia ,MY,Electronics,2014-,2025,HS2022,127,85,853941,853941 - Lamps; arc-lamps,broad_prefix_expansion,yes,screening_candidate_not_shipment_evidence
Malaysia ,MY,Electronics,2014-,2025,HS2022,127,85,853949,"853949 - Lamps; ultra-violet or infra-red lamps, (excluding arc-lamps)",broad_prefix_expansion,yes,screening_candidate_not_shipment_evidence
Malaysia ,MY,Electronics,2014-,2025,HS2022,127,85,853951,"853951 - Lamps; light-emitting diode (LED) light sources, light-emitting diode (LED) modules",broad_prefix_expansion,yes,screening_candidate_not_shipment_evidence
Malaysia ,MY,Electronics,2014-,2025,HS2022,127,85,853952,"853952 - Lamps; light-emitting diode (LED) light sources, light-emitting diode (LED) lamps",broad_prefix_expansion,yes,screening_candidate_not_shipment_evidence
Malaysia ,MY,Electronics,2014-,2025,HS2022,127,85,853990,853990 - Lamps; parts of the lamps of heading no. 8539,broad_prefix_expansion,yes,screening_candidate_not_shipment_evidence
Malaysia ,MY,Electronics,2014-,2025,HS2022,127,85,854011,"854011 - Tubes; cathode-ray television picture tubes, including video monitor cathode-ray tubes, colour",broad_prefix_expansion,yes,screening_candidate_not_shipment_evidence
Malaysia ,MY,Electronics,2014-,2025,HS2022,127,85,854012,"854012 - Tubes; cathode-ray television picture tubes, including video monitor cathode-ray tubes, monochrome",broad_prefix_expansion,yes,screening_candidate_not_shipment_evidence
Malaysia ,MY,Electronics,2014-,2025,HS2022,127,85,854020,"854020 - Tubes; television camera tubes, image converters and intensifiers, other photo-cathode tubes",broad_prefix_expansion,yes,screening_candidate_not_shipment_evidence
Malaysia ,MY,Electronics,2014-,2025,HS2022,127,85,854040,"854040 - Tubes; data/graphic display tubes, monochrome; data/graphic display tubes, colour, with a phosphor dot screen pitch smaller than 0.4mm",broad_prefix_expansion,yes,screening_candidate_not_shipment_evidence
Malaysia ,MY,Electronics,2014-,2025,HS2022,127,85,854060,"854060 - Tubes; cathode ray, n.e.c. in heading no. 8540",broad_prefix_expansion,yes,screening_candidate_not_shipment_evidence
Malaysia ,MY,Electronics,2014-,2025,HS2022,127,85,854071,"854071 - Tubes; microwave, magnetrons, excluding grid-controlled tubes",broad_prefix_expansion,yes,screening_candidate_not_shipment_evidence
Malaysia ,MY,Electronics,2014-,2025,HS2022,127,85,854079,"854079 - Tubes; microwave (for example klystrons, travelling wave tubes, carlinotrons), excluding magnetrons and grid-controlled tubes",broad_prefix_expansion,yes,screening_candidate_not_shipment_evidence
Malaysia ,MY,Electronics,2014-,2025,HS2022,127,85,854081,854081 - Valves and tubes; receiver or amplifier,broad_prefix_expansion,yes,screening_candidate_not_shipment_evidence
Malaysia ,MY,Electronics,2014-,2025,HS2022,127,85,854089,854089 - Valves and tubes; n.e.c. in heading no. 8540,broad_prefix_expansion,yes,screening_candidate_not_shipment_evidence
Malaysia ,MY,Electronics,2014-,2025,HS2022,127,85,854091,854091 - Tubes; parts of cathode-ray tubes,broad_prefix_expansion,yes,screening_candidate_not_shipment_evidence
Malaysia ,MY,Electronics,2014-,2025,HS2022,127,85,854099,"854099 - Valves and tubes; parts of the valves and tubes of heading no. 8540, excluding parts of cathode-ray tubes",broad_prefix_expansion,yes,screening_candidate_not_shipment_evidence
Malaysia ,MY,Electronics,2014-,2025,HS2022,127,85,854110,"854110 - Electrical apparatus; diodes, other than photosensitive or light-emitting diodes (LED)",broad_prefix_expansion,yes,screening_candidate_not_shipment_evidence
Malaysia ,MY,Electronics,2014-,2025,HS2022,127,85,854121,"854121 - Electrical apparatus; transistors, (other than photosensitive), with a dissipation rate of less than 1W",broad_prefix_expansion,yes,screening_candidate_not_shipment_evidence
Malaysia ,MY,Electronics,2014-,2025,HS2022,127,85,854129,"854129 - Electrical apparatus; transistors, (other than photosensitive), with a dissipation rate of 1W or more",broad_prefix_expansion,yes,screening_candidate_not_shipment_evidence
Malaysia ,MY,Electronics,2014-,2025,HS2022,127,85,854130,"854130 - Electrical apparatus; thyristors, diacs and triacs, other than photosensitive devices",broad_prefix_expansion,yes,screening_candidate_not_shipment_evidence
Malaysia ,MY,Electronics,2014-,2025,HS2022,127,85,854141,"854141 - Electrical apparatus; photosensitive semiconductor devices, light emitting diodes (LED)",broad_prefix_expansion,yes,screening_candidate_not_shipment_evidence
Malaysia ,MY,Electronics,2014-,2025,HS2022,127,85,854142,"854142 - Electrical apparatus; photosensitive semiconductor devices, photovoltaic cells not assembled in modules or made up into panels",broad_prefix_expansion,yes,screening_candidate_not_shipment_evidence
Malaysia ,MY,Electronics,2014-,2025,HS2022,127,85,854143,"854143 - Electrical apparatus; photosensitive semiconductor devices, photovoltaic cells assembled in modules or made up into panels",broad_prefix_expansion,yes,screening_candidate_not_shipment_evidence
Malaysia ,MY,Electronics,2014-,2025,HS2022,127,85,854149,"854149 - Electrical apparatus; photosensitive semiconductor devices, diodes other than light emitting diodes and photovoltaic cells whether or not assembled in modules or made up into panels",broad_prefix_expansion,yes,screening_candidate_not_shipment_evidence
Malaysia ,MY,Electronics,2014-,2025,HS2022,127,85,854151,"854151 - Electrical apparatus; photosensitive semiconductor devices, semiconductor-based transducers",broad_prefix_expansion,yes,screening_candidate_not_shipment_evidence
Malaysia ,MY,Electronics,2014-,2025,HS2022,127,85,854159,854159 - Electrical apparatus; photosensitive semiconductor devices n.e.c. in heading no. 8541,broad_prefix_expansion,yes,screening_candidate_not_shipment_evidence
Malaysia ,MY,Electronics,2014-,2025,HS2022,127,85,854160,854160 - Crystals; mounted piezo-electric,broad_prefix_expansion,yes,screening_candidate_not_shipment_evidence
Malaysia ,MY,Electronics,2014-,2025,HS2022,127,85,854190,"854190 - Electrical apparatus; parts for diodes, transistors and similar semiconductor devices and photosensitive semiconductor devices",broad_prefix_expansion,yes,screening_candidate_not_shipment_evidence
Malaysia ,MY,Electronics,2014-,2025,HS2022,127,85,854231,"854231 - Electronic integrated circuits; processors and controllers, whether or not combined with memories, converters, logic circuits, amplifiers, clock and timing circuits, or other circuits",broad_prefix_expansion,yes,screening_candidate_not_shipment_evidence
Malaysia ,MY,Electronics,2014-,2025,HS2022,127,85,854232,854232 - Electronic integrated circuits; memories,broad_prefix_expansion,yes,screening_candidate_not_shipment_evidence
Malaysia ,MY,Electronics,2014-,2025,HS2022,127,85,854233,854233 - Electronic integrated circuits; amplifiers,broad_prefix_expansion,yes,screening_candidate_not_shipment_evidence
Malaysia ,MY,Electronics,2014-,2025,HS2022,127,85,854239,854239 - Electronic integrated circuits; n.e.c. in heading no. 8542,broad_prefix_expansion,yes,screening_candidate_not_shipment_evidence
Malaysia ,MY,Electronics,2014-,2025,HS2022,127,85,854290,854290 - Parts of electronic integrated circuits,broad_prefix_expansion,yes,screening_candidate_not_shipment_evidence
Malaysia ,MY,Electronics,2014-,2025,HS2022,127,85,854310,854310 - Electrical machines and apparatus; particle accelerators,broad_prefix_expansion,yes,screening_candidate_not_shipment_evidence
Malaysia ,MY,Electronics,2014-,2025,HS2022,127,85,854320,854320 - Electrical machines and apparatus; signal generators,broad_prefix_expansion,yes,screening_candidate_not_shipment_evidence
Malaysia ,MY,Electronics,2014-,2025,HS2022,127,85,854330,"854330 - Electrical machines and apparatus; for electroplating, electrolysis or electrophoresis",broad_prefix_expansion,yes,screening_candidate_not_shipment_evidence
Malaysia ,MY,Electronics,2014-,2025,HS2022,127,85,854340,854340 - Electrical machines and apparatus; electronic cigarettes and similar personal electric vaporising devices,broad_prefix_expansion,yes,screening_candidate_not_shipment_evidence
Malaysia ,MY,Electronics,2014-,2025,HS2022,127,85,854370,"854370 - Electrical machines and apparatus; having individual functions, not specified or included elsewhere in this chapter, n.e.c. in heading no. 8543",broad_prefix_expansion,yes,screening_candidate_not_shipment_evidence
Malaysia ,MY,Electronics,2014-,2025,HS2022,127,85,854390,854390 - Electrical machines and apparatus; parts of the electrical goods of heading no. 8543,broad_prefix_expansion,yes,screening_candidate_not_shipment_evidence
Malaysia ,MY,Electronics,2014-,2025,HS2022,127,85,854411,"854411 - Insulated electric conductors; winding wire, of copper",broad_prefix_expansion,yes,screening_candidate_not_shipment_evidence
Malaysia ,MY,Electronics,2014-,2025,HS2022,127,85,854419,"854419 - Insulated electric conductors; winding wire, (of other than copper)",broad_prefix_expansion,yes,screening_candidate_not_shipment_evidence
Malaysia ,MY,Electronics,2014-,2025,HS2022,127,85,854420,854420 - Insulated electric conductors; co-axial cable and other co-axial electric conductors,broad_prefix_expansion,yes,screening_candidate_not_shipment_evidence
Malaysia ,MY,Electronics,2014-,2025,HS2022,127,85,854430,"854430 - Insulated electric conductors; ignition wiring sets and other wiring sets of a kind used in vehicles, aircraft or ships",broad_prefix_expansion,yes,screening_candidate_not_shipment_evidence
Malaysia ,MY,Electronics,2014-,2025,HS2022,127,85,854442,"854442 - Insulated electric conductors; for a voltage not exceeding 1000 volts, fitted with connectors",broad_prefix_expansion,yes,screening_candidate_not_shipment_evidence
Malaysia ,MY,Electronics,2014-,2025,HS2022,127,85,854449,"854449 - Insulated electric conductors; for a voltage not exceeding 1000 volts, not fitted with connectors",broad_prefix_expansion,yes,screening_candidate_not_shipment_evidence
Malaysia ,MY,Electronics,2014-,2025,HS2022,127,85,854460,854460 - Insulated electric conductors; for a voltage exceeding 1000 volts,broad_prefix_expansion,yes,screening_candidate_not_shipment_evidence
Malaysia ,MY,Electronics,2014-,2025,HS2022,127,85,854470,854470 - Insulated electric conductors; optical fibre cables,broad_prefix_expansion,yes,screening_candidate_not_shipment_evidence
Malaysia ,MY,Electronics,2014-,2025,HS2022,127,85,854511,"854511 - Carbon electrodes; with or without metal, of a kind used for furnaces",broad_prefix_expansion,yes,screening_candidate_not_shipment_evidence
Malaysia ,MY,Electronics,2014-,2025,HS2022,127,85,854519,"854519 - Carbon electrodes; with or without metal, of a kind used for other than furnaces",broad_prefix_expansion,yes,screening_candidate_not_shipment_evidence
Malaysia ,MY,Electronics,2014-,2025,HS2022,127,85,854520,"854520 - Carbon brushes; with or without metal, used for electrical purposes",broad_prefix_expansion,yes,screening_candidate_not_shipment_evidence
Malaysia ,MY,Electronics,2014-,2025,HS2022,127,85,854590,"854590 - Carbon; lamp carbons, battery carbons and other articles of graphite or other carbon, with or without metal, of a kind used for electrical purposes",broad_prefix_expansion,yes,screening_candidate_not_shipment_evidence
Malaysia ,MY,Electronics,2014-,2025,HS2022,127,85,854610,854610 - Electrical insulators; of glass,broad_prefix_expansion,yes,screening_candidate_not_shipment_evidence
Malaysia ,MY,Electronics,2014-,2025,HS2022,127,85,854620,854620 - Electrical insulators; of ceramics,broad_prefix_expansion,yes,screening_candidate_not_shipment_evidence
Malaysia ,MY,Electronics,2014-,2025,HS2022,127,85,854690,854690 - Electrical insulators; other than of glass and ceramics,broad_prefix_expansion,yes,screening_candidate_not_shipment_evidence
Malaysia ,MY,Electronics,2014-,2025,HS2022,127,85,854710,"854710 - Insulating fittings; of ceramics, for electrical machines, of insulating material only (except minor assembly parts), excluding those of heading no. 8546",broad_prefix_expansion,yes,screening_candidate_not_shipment_evidence
Malaysia ,MY,Electronics,2014-,2025,HS2022,127,85,854720,"854720 - Insulating fittings; of plastics, for electrical machines, of insulating material only (except minor assembly parts), excluding those of heading no. 8546",broad_prefix_expansion,yes,screening_candidate_not_shipment_evidence
Malaysia ,MY,Electronics,2014-,2025,HS2022,127,85,854790,"854790 - Insulating fittings; (other than of ceramics or plastics), for electrical machines, appliances and equipment, excluding insulators of heading no. 8546",broad_prefix_expansion,yes,screening_candidate_not_shipment_evidence
Malaysia ,MY,Electronics,2014-,2025,HS2022,127,85,854800,854800 - Electrical parts of machinery or apparatus; not specified or elsewhere included in this chapter,broad_prefix_expansion,yes,screening_candidate_not_shipment_evidence
Malaysia ,MY,Electronics,2014-,2025,HS2022,127,85,854911,854911 - Waste and scrap of lead-acid accumulators; spent lead-acid accumulators,broad_prefix_expansion,yes,screening_candidate_not_shipment_evidence
Malaysia ,MY,Electronics,2014-,2025,HS2022,127,85,854912,"854912 - Waste and scrap; of primary cells, primary batteries and electric accumulators, spent or not, containing lead, cadmium or mercury, other than lead-acid accumulators",broad_prefix_expansion,yes,screening_candidate_not_shipment_evidence
Malaysia ,MY,Electronics,2014-,2025,HS2022,127,85,854913,"854913 - Waste and scrap; of primary cells, primary batteries and electric accumulators, spent or not, sorted by chemical type and not containing lead, cadmium or mercury",broad_prefix_expansion,yes,screening_candidate_not_shipment_evidence
Malaysia ,MY,Electronics,2014-,2025,HS2022,127,85,854914,"854914 - Waste and scrap; of primary cells, primary batteries and electric accumulators, spent or not, unsorted and not containing lead, cadmium or mercury",broad_prefix_expansion,yes,screening_candidate_not_shipment_evidence
Malaysia ,MY,Electronics,2014-,2025,HS2022,127,85,854919,"854919 - Waste and scrap; of primary cells, primary batteries and electric accumulators, n.e.c. in item no 8549.1",broad_prefix_expansion,yes,screening_candidate_not_shipment_evidence
Malaysia ,MY,Electronics,2014-,2025,HS2022,127,85,854921,"854921 - Electrical and electronic waste and scrap; of a kind used principally for the recovery of precious metal, containing primary cells and batteries, electric accumulators, mercury-switches, glass from cathode ray tubes or other activated glass, or electrical",broad_prefix_expansion,yes,screening_candidate_not_shipment_evidence
Malaysia ,MY,Electronics,2014-,2025,HS2022,127,85,854929,854929 - Waste and scrap; of a kind used principally for the recovery of precious metal n.e.c. in item no 8549.21,broad_prefix_expansion,yes,screening_candidate_not_shipment_evidence
Malaysia ,MY,Electronics,2014-,2025,HS2022,127,85,854931,"854931 - Electrical and electronic waste and scrap; electrical and electronic assemblies and printed circuit boards, other than those used principally for the recovery of precious metal, containing primary cells and batteries, electric accumulators, mercury-switch",broad_prefix_expansion,yes,screening_candidate_not_shipment_evidence
Malaysia ,MY,Electronics,2014-,2025,HS2022,127,85,854939,"854939 - Waste and scrap; electrical and electronic assemblies and printed circuit boards, other than those used principally for the recovery of precious metal n.e.c. in item no 8549.31",broad_prefix_expansion,yes,screening_candidate_not_shipment_evidence
Malaysia ,MY,Electronics,2014-,2025,HS2022,127,85,854991,854991 - Waste and scrap; n.e.c. in heading no 8549,broad_prefix_expansion,yes,screening_candidate_not_shipment_evidence
Malaysia ,MY,Electronics,2014-,2025,HS2022,127,85,854999,854999 - Waste and scrap; n.e.c. in item no 8549.91,broad_prefix_expansion,yes,screening_candidate_not_shipment_evidence
Malaysia ,MY,Garments,2009-,2025,HS2022,162,61,610120,"610120 - Coats; men's or boys' overcoats, car-coats, capes, anoraks, wind-jackets and similar articles, of cotton, knitted or crocheted (excluding those of heading no. 6103)",broad_prefix_expansion,yes,screening_candidate_not_shipment_evidence
Malaysia ,MY,Garments,2009-,2025,HS2022,162,61,610130,"610130 - Coats; men's or boys' overcoats, car-coats, capes, anoraks, wind-jackets and similar articles, of man-made fibres, knitted or crocheted, (excluding those of heading no. 6103)",broad_prefix_expansion,yes,screening_candidate_not_shipment_evidence
Malaysia ,MY,Garments,2009-,2025,HS2022,162,61,610190,"610190 - Coats; men's or boys' overcoats, car-coats, capes, anoraks, wind-jackets and similar articles, of textile materials n.e.c. in heading no. 6101, knitted or crocheted (excluding those of heading no. 6103)",broad_prefix_expansion,yes,screening_candidate_not_shipment_evidence
Malaysia ,MY,Garments,2009-,2025,HS2022,162,61,610210,"610210 - Coats; women's or girls' overcoats, car-coats, capes, anoraks, wind-jackets and similar articles, of wool or fine animal hair, knitted or crocheted (excluding those of heading no. 6104)",broad_prefix_expansion,yes,screening_candidate_not_shipment_evidence
Malaysia ,MY,Garments,2009-,2025,HS2022,162,61,610220,"610220 - Coats; women's or girls' overcoats, car-coats, capes, anoraks, wind-jackets and similar articles, of cotton, knitted or crocheted (excluding those of heading no. 6104)",broad_prefix_expansion,yes,screening_candidate_not_shipment_evidence
Malaysia ,MY,Garments,2009-,2025,HS2022,162,61,610230,"610230 - Coats; women's or girls' overcoats, car-coats, capes, anoraks, wind-jackets and similar articles, of man-made fibres, knitted or crocheted (excluding those of heading no. 6104)",broad_prefix_expansion,yes,screening_candidate_not_shipment_evidence
Malaysia ,MY,Garments,2009-,2025,HS2022,162,61,610290,"610290 - Coats; women's or girls' overcoats, car-coats, capes, anoraks, wind-jackets and similar articles, of textile materials n.e.c. in heading no. 6102, knitted or crocheted (excluding those of heading no. 6104)",broad_prefix_expansion,yes,screening_candidate_not_shipment_evidence
Malaysia ,MY,Garments,2009-,2025,HS2022,162,61,610310,"610310 - Suits; men's or boys', knitted or crocheted",broad_prefix_expansion,yes,screening_candidate_not_shipment_evidence
Malaysia ,MY,Garments,2009-,2025,HS2022,162,61,610322,"610322 - Ensembles; men's or boys', of cotton, knitted or crocheted",broad_prefix_expansion,yes,screening_candidate_not_shipment_evidence
Malaysia ,MY,Garments,2009-,2025,HS2022,162,61,610323,"610323 - Ensembles; men's or boys', of synthetic fibres, knitted or crocheted",broad_prefix_expansion,yes,screening_candidate_not_shipment_evidence
Malaysia ,MY,Garments,2009-,2025,HS2022,162,61,610329,"610329 - Ensembles; men's or boys', of textile materials (other than cotton or synthetic fibres), knitted or crocheted",broad_prefix_expansion,yes,screening_candidate_not_shipment_evidence
Malaysia ,MY,Garments,2009-,2025,HS2022,162,61,610331,"610331 - Jackets and blazers; men's or boys', of wool or fine animal hair, knitted or crocheted",broad_prefix_expansion,yes,screening_candidate_not_shipment_evidence
Malaysia ,MY,Garments,2009-,2025,HS2022,162,61,610332,"610332 - Jackets and blazers; men's or boys', of cotton, knitted or crocheted",broad_prefix_expansion,yes,screening_candidate_not_shipment_evidence
Malaysia ,MY,Garments,2009-,2025,HS2022,162,61,610333,"610333 - Jackets and blazers; men's or boys', of synthetic fibres, knitted or crocheted",broad_prefix_expansion,yes,screening_candidate_not_shipment_evidence
Malaysia ,MY,Garments,2009-,2025,HS2022,162,61,610339,"610339 - Jackets and blazers; men's or boys', of textile materials (other than wool or fine animal hair, cotton or synthetic fibres), knitted or crocheted",broad_prefix_expansion,yes,screening_candidate_not_shipment_evidence
Malaysia ,MY,Garments,2009-,2025,HS2022,162,61,610341,"610341 - Trousers, bib and brace overalls, breeches and shorts; men's or boys', of wool or fine animal hair, knitted or crocheted",broad_prefix_expansion,yes,screening_candidate_not_shipment_evidence
Malaysia ,MY,Garments,2009-,2025,HS2022,162,61,610342,"610342 - Trousers, bib and brace overalls, breeches and shorts; men's or boys', of cotton, knitted or crocheted",broad_prefix_expansion,yes,screening_candidate_not_shipment_evidence
Malaysia ,MY,Garments,2009-,2025,HS2022,162,61,610343,"610343 - Trousers, bib and brace overalls, breeches and shorts; men's or boys', of synthetic fibres, knitted or crocheted",broad_prefix_expansion,yes,screening_candidate_not_shipment_evidence
Malaysia ,MY,Garments,2009-,2025,HS2022,162,61,610349,"610349 - Trousers, bib and brace overalls, breeches and shorts; men's or boys', of textile materials (other than wool or fine animal hair, cotton or synthetic fibres), knitted or crocheted",broad_prefix_expansion,yes,screening_candidate_not_shipment_evidence
Malaysia ,MY,Garments,2009-,2025,HS2022,162,61,610413,"610413 - Suits; women's or girls', of synthetic fibres, knitted or crocheted",broad_prefix_expansion,yes,screening_candidate_not_shipment_evidence
Malaysia ,MY,Garments,2009-,2025,HS2022,162,61,610419,"610419 - Suits; women's or girls', of textile materials (other than synthetic fibres), knitted or crocheted",broad_prefix_expansion,yes,screening_candidate_not_shipment_evidence
Malaysia ,MY,Garments,2009-,2025,HS2022,162,61,610422,"610422 - Ensembles; women's or girls', of cotton, knitted or crocheted",broad_prefix_expansion,yes,screening_candidate_not_shipment_evidence
Malaysia ,MY,Garments,2009-,2025,HS2022,162,61,610423,"610423 - Ensembles; women's or girls', of synthetic fibres, knitted or crocheted",broad_prefix_expansion,yes,screening_candidate_not_shipment_evidence
Malaysia ,MY,Garments,2009-,2025,HS2022,162,61,610429,"610429 - Ensembles; women's or girls', of textile materials (other than cotton or synthetic fibres), knitted or crocheted",broad_prefix_expansion,yes,screening_candidate_not_shipment_evidence
Malaysia ,MY,Garments,2009-,2025,HS2022,162,61,610431,"610431 - Jackets; women's or girls', of wool or fine animal hair, knitted or crocheted",broad_prefix_expansion,yes,screening_candidate_not_shipment_evidence
Malaysia ,MY,Garments,2009-,2025,HS2022,162,61,610432,"610432 - Jackets; women's or girls', of cotton, knitted or crocheted",broad_prefix_expansion,yes,screening_candidate_not_shipment_evidence
Malaysia ,MY,Garments,2009-,2025,HS2022,162,61,610433,"610433 - Jackets; women's or girls', of synthetic fibres, knitted or crocheted",broad_prefix_expansion,yes,screening_candidate_not_shipment_evidence
Malaysia ,MY,Garments,2009-,2025,HS2022,162,61,610439,"610439 - Jackets; women's or girls', of textile materials (other than wool or fine animal hair, cotton or synthetic fibres), knitted or crocheted",broad_prefix_expansion,yes,screening_candidate_not_shipment_evidence
Malaysia ,MY,Garments,2009-,2025,HS2022,162,61,610441,"610441 - Dresses; women's or girls', of wool or fine animal hair, knitted or crocheted",broad_prefix_expansion,yes,screening_candidate_not_shipment_evidence
Malaysia ,MY,Garments,2009-,2025,HS2022,162,61,610442,"610442 - Dresses; women's or girls', of cotton, knitted or crocheted",broad_prefix_expansion,yes,screening_candidate_not_shipment_evidence
Malaysia ,MY,Garments,2009-,2025,HS2022,162,61,610443,"610443 - Dresses; women's or girls', of synthetic fibres, knitted or crocheted",broad_prefix_expansion,yes,screening_candidate_not_shipment_evidence
Malaysia ,MY,Garments,2009-,2025,HS2022,162,61,610444,"610444 - Dresses; women's or girls', of artificial fibres, knitted or crocheted",broad_prefix_expansion,yes,screening_candidate_not_shipment_evidence
Malaysia ,MY,Garments,2009-,2025,HS2022,162,61,610449,"610449 - Dresses; women's or girls', of textile materials (other than wool or fine animal hair, cotton, synthetic or artificial fibres), knitted or crocheted",broad_prefix_expansion,yes,screening_candidate_not_shipment_evidence
Malaysia ,MY,Garments,2009-,2025,HS2022,162,61,610451,"610451 - Skirts and divided skirts; women's or girls', of wool or fine animal hair, knitted or crocheted",broad_prefix_expansion,yes,screening_candidate_not_shipment_evidence
Malaysia ,MY,Garments,2009-,2025,HS2022,162,61,610452,"610452 - Skirts and divided skirts; women's or girls', of cotton, knitted or crocheted",broad_prefix_expansion,yes,screening_candidate_not_shipment_evidence
Malaysia ,MY,Garments,2009-,2025,HS2022,162,61,610453,"610453 - Skirts and divided skirts; women's or girls', of synthetic fibres, knitted or crocheted",broad_prefix_expansion,yes,screening_candidate_not_shipment_evidence
Malaysia ,MY,Garments,2009-,2025,HS2022,162,61,610459,"610459 - Skirts and divided skirts; women's or girls', of textile materials (other than wool or fine animal hair, cotton or synthetic fibres), knitted or crocheted",broad_prefix_expansion,yes,screening_candidate_not_shipment_evidence
Malaysia ,MY,Garments,2009-,2025,HS2022,162,61,610461,"610461 - Trousers, bib and brace overalls, breeches and shorts; women's or girls', of wool or fine animal hair, knitted or crocheted",broad_prefix_expansion,yes,screening_candidate_not_shipment_evidence
Malaysia ,MY,Garments,2009-,2025,HS2022,162,61,610462,"610462 - Trousers, bib and brace overalls, breeches and shorts; women's or girls', of cotton, knitted or crocheted",broad_prefix_expansion,yes,screening_candidate_not_shipment_evidence
Malaysia ,MY,Garments,2009-,2025,HS2022,162,61,610463,"610463 - Trousers, bib and brace overalls, breeches and shorts; women's or girls', of synthetic fibres, knitted or crocheted",broad_prefix_expansion,yes,screening_candidate_not_shipment_evidence
Malaysia ,MY,Garments,2009-,2025,HS2022,162,61,610469,"610469 - Trousers, bib and brace overalls, breeches and shorts; women's or girls', of textile materials (other than wool or fine animal hair, cotton or synthetic fibres), knitted or crocheted",broad_prefix_expansion,yes,screening_candidate_not_shipment_evidence
Malaysia ,MY,Garments,2009-,2025,HS2022,162,61,610510,"610510 - Shirts; men's or boys', of cotton, knitted or crocheted",broad_prefix_expansion,yes,screening_candidate_not_shipment_evidence
Malaysia ,MY,Garments,2009-,2025,HS2022,162,61,610520,"610520 - Shirts; men's or boys', of man-made fibres, knitted or crocheted",broad_prefix_expansion,yes,screening_candidate_not_shipment_evidence
Malaysia ,MY,Garments,2009-,2025,HS2022,162,61,610590,"610590 - Shirts; men's or boys', of textile materials (other than cotton or man-made fibres), knitted or crocheted",broad_prefix_expansion,yes,screening_candidate_not_shipment_evidence
Malaysia ,MY,Garments,2009-,2025,HS2022,162,61,610610,"610610 - Blouses, shirts and shirt-blouses; women's or girls', of cotton, knitted or crocheted",broad_prefix_expansion,yes,screening_candidate_not_shipment_evidence
Malaysia ,MY,Garments,2009-,2025,HS2022,162,61,610620,"610620 - Blouses, shirts and shirt-blouses; women's or girls', of man-made fibres, knitted or crocheted",broad_prefix_expansion,yes,screening_candidate_not_shipment_evidence
Malaysia ,MY,Garments,2009-,2025,HS2022,162,61,610690,"610690 - Blouses, shirts and shirt-blouses; women's or girls', of textile materials (other than cotton or man-made fibres), knitted or crocheted",broad_prefix_expansion,yes,screening_candidate_not_shipment_evidence
Malaysia ,MY,Garments,2009-,2025,HS2022,162,61,610711,"610711 - Underpants and briefs; men's or boys', of cotton, knitted or crocheted",broad_prefix_expansion,yes,screening_candidate_not_shipment_evidence
Malaysia ,MY,Garments,2009-,2025,HS2022,162,61,610712,"610712 - Underpants and briefs; men's or boys', of man-made fibres, knitted or crocheted",broad_prefix_expansion,yes,screening_candidate_not_shipment_evidence
Malaysia ,MY,Garments,2009-,2025,HS2022,162,61,610719,"610719 - Underpants and briefs; men's or boys', of textile materials (other than cotton or man-made fibres), knitted or crocheted",broad_prefix_expansion,yes,screening_candidate_not_shipment_evidence
Malaysia ,MY,Garments,2009-,2025,HS2022,162,61,610721,"610721 - Nightshirts and pyjamas; men's or boys', of cotton, knitted or crocheted",broad_prefix_expansion,yes,screening_candidate_not_shipment_evidence
Malaysia ,MY,Garments,2009-,2025,HS2022,162,61,610722,"610722 - Nightshirts and pyjamas; men's or boys', of man-made fibres, knitted or crocheted",broad_prefix_expansion,yes,screening_candidate_not_shipment_evidence
Malaysia ,MY,Garments,2009-,2025,HS2022,162,61,610729,"610729 - Nightshirts and pyjamas; men's or boys', of textile materials (other than cotton or man-made fibres), knitted or crocheted",broad_prefix_expansion,yes,screening_candidate_not_shipment_evidence
Malaysia ,MY,Garments,2009-,2025,HS2022,162,61,610791,"610791 - Bathrobes, dressing gowns and similar articles; men's or boys', of cotton, knitted or crocheted",broad_prefix_expansion,yes,screening_candidate_not_shipment_evidence
Malaysia ,MY,Garments,2009-,2025,HS2022,162,61,610799,"610799 - Bathrobes, dressing gowns and similar articles; men's or boys', of textile materials (other than cotton), knitted or crocheted",broad_prefix_expansion,yes,screening_candidate_not_shipment_evidence
Malaysia ,MY,Garments,2009-,2025,HS2022,162,61,610811,"610811 - Slips and petticoats; women's or girls', of man-made fibres, knitted or crocheted",broad_prefix_expansion,yes,screening_candidate_not_shipment_evidence
Malaysia ,MY,Garments,2009-,2025,HS2022,162,61,610819,"610819 - Slips and petticoats; women's or girls', of textile materials (other than man-made fibres), knitted or crocheted",broad_prefix_expansion,yes,screening_candidate_not_shipment_evidence
Malaysia ,MY,Garments,2009-,2025,HS2022,162,61,610821,"610821 - Briefs and panties; women's or girls', of cotton, knitted or crocheted",broad_prefix_expansion,yes,screening_candidate_not_shipment_evidence
Malaysia ,MY,Garments,2009-,2025,HS2022,162,61,610822,"610822 - Briefs and panties; women's or girls', of man-made fibres, knitted or crocheted",broad_prefix_expansion,yes,screening_candidate_not_shipment_evidence
Malaysia ,MY,Garments,2009-,2025,HS2022,162,61,610829,"610829 - Briefs and panties; women's or girls', of textile materials (other than cotton or man-made fibres), knitted or crocheted",broad_prefix_expansion,yes,screening_candidate_not_shipment_evidence
Malaysia ,MY,Garments,2009-,2025,HS2022,162,61,610831,"610831 - Nightdresses and pyjamas; women's or girls', of cotton, knitted or crocheted",broad_prefix_expansion,yes,screening_candidate_not_shipment_evidence
Malaysia ,MY,Garments,2009-,2025,HS2022,162,61,610832,"610832 - Nightdresses and pyjamas; women's or girls', of man-made fibres, knitted or crocheted",broad_prefix_expansion,yes,screening_candidate_not_shipment_evidence
Malaysia ,MY,Garments,2009-,2025,HS2022,162,61,610839,"610839 - Nightdresses and pyjamas; women's or girls', of textile materials (other than cotton or man-made fibres), knitted or crocheted",broad_prefix_expansion,yes,screening_candidate_not_shipment_evidence
Malaysia ,MY,Garments,2009-,2025,HS2022,162,61,610891,"610891 - Negligees, bathrobes, dressing gowns and similar articles; women's or girls', of cotton, knitted or crocheted",broad_prefix_expansion,yes,screening_candidate_not_shipment_evidence
Malaysia ,MY,Garments,2009-,2025,HS2022,162,61,610892,"610892 - Negligees, bathrobes, dressing gowns and similar articles; women's or girls', of man-made fibres, knitted or crocheted",broad_prefix_expansion,yes,screening_candidate_not_shipment_evidence
Malaysia ,MY,Garments,2009-,2025,HS2022,162,61,610899,"610899 - Negligees, bathrobes, dressing gowns and similar articles; women's or girls', of textile materials (other than cotton or man-made fibres), knitted or crocheted",broad_prefix_expansion,yes,screening_candidate_not_shipment_evidence
Malaysia ,MY,Garments,2009-,2025,HS2022,162,61,610910,"610910 - T-shirts, singlets and other vests; of cotton, knitted or crocheted",broad_prefix_expansion,yes,screening_candidate_not_shipment_evidence
Malaysia ,MY,Garments,2009-,2025,HS2022,162,61,610990,"610990 - T-shirts, singlets and other vests; of textile materials (other than cotton), knitted or crocheted",broad_prefix_expansion,yes,screening_candidate_not_shipment_evidence
Malaysia ,MY,Garments,2009-,2025,HS2022,162,61,611011,"611011 - Jerseys, pullovers, cardigans, waistcoats and similar articles; knitted or crocheted, of wool or fine animal hair",broad_prefix_expansion,yes,screening_candidate_not_shipment_evidence
Malaysia ,MY,Garments,2009-,2025,HS2022,162,61,611012,"611012 - Jerseys, pullovers, cardigans, waistcoats and similar articles; knitted or crocheted, of fibres from kashmir (cashmere) goats",broad_prefix_expansion,yes,screening_candidate_not_shipment_evidence
Malaysia ,MY,Garments,2009-,2025,HS2022,162,61,611019,"611019 - Jerseys, pullovers, cardigans, waistcoats and similar articles; knitted or crocheted, of fine animal hair other than that of kashmir (cashmere) goats",broad_prefix_expansion,yes,screening_candidate_not_shipment_evidence
Malaysia ,MY,Garments,2009-,2025,HS2022,162,61,611020,"611020 - Jerseys, pullovers, cardigans, waistcoats and similar articles; of cotton, knitted or crocheted",broad_prefix_expansion,yes,screening_candidate_not_shipment_evidence
Malaysia ,MY,Garments,2009-,2025,HS2022,162,61,611030,"611030 - Jerseys, pullovers, cardigans, waistcoats and similar articles; of man-made fibres, knitted or crocheted",broad_prefix_expansion,yes,screening_candidate_not_shipment_evidence
Malaysia ,MY,Garments,2009-,2025,HS2022,162,61,611090,"611090 - Jerseys, pullovers, cardigans, waistcoats and similar articles; of textile materials (other than wool or fine animal hair, cotton or man-made fibres), knitted or crocheted",broad_prefix_expansion,yes,screening_candidate_not_shipment_evidence
Malaysia ,MY,Garments,2009-,2025,HS2022,162,61,611120,"611120 - Garments and clothing accessories; babies', of cotton, knitted or crocheted",broad_prefix_expansion,yes,screening_candidate_not_shipment_evidence
Malaysia ,MY,Garments,2009-,2025,HS2022,162,61,611130,"611130 - Garments and clothing accessories; babies', of synthetic fibres, knitted or crocheted",broad_prefix_expansion,yes,screening_candidate_not_shipment_evidence
Malaysia ,MY,Garments,2009-,2025,HS2022,162,61,611190,"611190 - Garments and clothing accessories; babies', of textile materials (other than cotton or synthetic fibres), knitted or crocheted",broad_prefix_expansion,yes,screening_candidate_not_shipment_evidence
Malaysia ,MY,Garments,2009-,2025,HS2022,162,61,611211,"611211 - Track suits; of cotton, knitted or crocheted",broad_prefix_expansion,yes,screening_candidate_not_shipment_evidence
Malaysia ,MY,Garments,2009-,2025,HS2022,162,61,611212,"611212 - Track suits; of synthetic fibres, knitted or crocheted",broad_prefix_expansion,yes,screening_candidate_not_shipment_evidence
Malaysia ,MY,Garments,2009-,2025,HS2022,162,61,611219,"611219 - Track suits; of textile materials (other than cotton or synthetic fibres), knitted or crocheted",broad_prefix_expansion,yes,screening_candidate_not_shipment_evidence
Malaysia ,MY,Garments,2009-,2025,HS2022,162,61,611220,611220 - Ski suits; knitted or crocheted,broad_prefix_expansion,yes,screening_candidate_not_shipment_evidence
Malaysia ,MY,Garments,2009-,2025,HS2022,162,61,611231,"611231 - Swimwear; men's or boys', of synthetic fibres, knitted or crocheted",broad_prefix_expansion,yes,screening_candidate_not_shipment_evidence
Malaysia ,MY,Garments,2009-,2025,HS2022,162,61,611239,"611239 - Swimwear; men's or boys', of textile materials (other than synthetic fibres), knitted or crocheted",broad_prefix_expansion,yes,screening_candidate_not_shipment_evidence
Malaysia ,MY,Garments,2009-,2025,HS2022,162,61,611241,"611241 - Swimwear; women's or girls', of synthetic fibres, knitted or crocheted",broad_prefix_expansion,yes,screening_candidate_not_shipment_evidence
Malaysia ,MY,Garments,2009-,2025,HS2022,162,61,611249,"611249 - Swimwear; women's or girls', of textile materials (other than synthetic fibres), knitted or crocheted",broad_prefix_expansion,yes,screening_candidate_not_shipment_evidence
Malaysia ,MY,Garments,2009-,2025,HS2022,162,61,611300,"611300 - Garments made up of knitted or crocheted fabrics of heading no. 5903, 5906 and 5907",broad_prefix_expansion,yes,screening_candidate_not_shipment_evidence
Malaysia ,MY,Garments,2009-,2025,HS2022,162,61,611420,"611420 - Garments; of cotton, knitted or crocheted, n.e.c. in chapter 61",broad_prefix_expansion,yes,screening_candidate_not_shipment_evidence
Malaysia ,MY,Garments,2009-,2025,HS2022,162,61,611430,"611430 - Garments; of man-made fibres, knitted or crocheted, n.e.c. in chapter 61",broad_prefix_expansion,yes,screening_candidate_not_shipment_evidence
Malaysia ,MY,Garments,2009-,2025,HS2022,162,61,611490,"611490 - Garments; of textile materials (other than cotton or man-made fibres), knitted or crocheted, n.e.c. in chapter 61",broad_prefix_expansion,yes,screening_candidate_not_shipment_evidence
Malaysia ,MY,Garments,2009-,2025,HS2022,162,61,611510,"611510 - Graduated compression hosiery (for example, stockings for varicose veins), knitted or crocheted",broad_prefix_expansion,yes,screening_candidate_not_shipment_evidence
Malaysia ,MY,Garments,2009-,2025,HS2022,162,61,611521,"611521 - Hosiery; panty hose and tights (other than graduated compression hosiery), of synthetic fibres, measuring per single yarn less than 67 decitex, knitted or crocheted",broad_prefix_expansion,yes,screening_candidate_not_shipment_evidence
Malaysia ,MY,Garments,2009-,2025,HS2022,162,61,611522,"611522 - Hosiery; panty hose and tights (other than graduated compression hosiery), of synthetic fibres, measuring per single yarn 67 decitex or more, knitted or crocheted",broad_prefix_expansion,yes,screening_candidate_not_shipment_evidence
Malaysia ,MY,Garments,2009-,2025,HS2022,162,61,611529,"611529 - Hosiery; panty hose and tights (other than graduated compression hosiery), of textile materials (other than synthetic fibres), knitted or crocheted",broad_prefix_expansion,yes,screening_candidate_not_shipment_evidence
Malaysia ,MY,Garments,2009-,2025,HS2022,162,61,611530,"611530 - Hosiery; women's, full-length or knee-length (other than graduated compression hosiery), measuring per single yarn less than 67 decitex, knitted or crocheted",broad_prefix_expansion,yes,screening_candidate_not_shipment_evidence
Malaysia ,MY,Garments,2009-,2025,HS2022,162,61,611594,"611594 - Hosiery and footwear; without applied soles, of wool or fine animal hair, knitted or crocheted (excluding graduated compression hosiery, panty hose, tights, women's full or knee-length hosiery measuring per single yarn less than 67 decitex)",broad_prefix_expansion,yes,screening_candidate_not_shipment_evidence
Malaysia ,MY,Garments,2009-,2025,HS2022,162,61,611595,"611595 - Hosiery and footwear; without applied soles, of cotton, knitted or crocheted (excluding graduated compression hosiery, panty hose, tights, full or knee-length hosiery measuring per single yarn less than 67 decitex)",broad_prefix_expansion,yes,screening_candidate_not_shipment_evidence
Malaysia ,MY,Garments,2009-,2025,HS2022,162,61,611596,"611596 - Hosiery and footwear; without applied soles, of synthetic fibres, knitted or crocheted (excluding graduated compression hosiery, panty hose, tights, full or knee-length hosiery measuring per single yarn less than 67 decitex)",broad_prefix_expansion,yes,screening_candidate_not_shipment_evidence
Malaysia ,MY,Garments,2009-,2025,HS2022,162,61,611599,"611599 - Hosiery and footwear; without applied soles, of textile materials n.e.c. in item no. 6115.9, knitted or crocheted (excluding graduated compression hosiery, panty hose, tights, full or knee-length hosiery measuring per single yarn less than 67 decitex)",broad_prefix_expansion,yes,screening_candidate_not_shipment_evidence
Malaysia ,MY,Garments,2009-,2025,HS2022,162,61,611610,"611610 - Gloves, mittens and mitts; knitted or crocheted, impregnated, coated, covered or laminated with plastics or rubber",broad_prefix_expansion,yes,screening_candidate_not_shipment_evidence
Malaysia ,MY,Garments,2009-,2025,HS2022,162,61,611691,"611691 - Gloves, mittens and mitts; of wool or fine animal hair, knitted or crocheted, (other than impregnated, coated, covered or laminated with plastics or rubber)",broad_prefix_expansion,yes,screening_candidate_not_shipment_evidence
Malaysia ,MY,Garments,2009-,2025,HS2022,162,61,611692,"611692 - Gloves, mittens and mitts; of cotton, knitted or crocheted, (other than impregnated, coated, covered or laminated with plastics or rubber)",broad_prefix_expansion,yes,screening_candidate_not_shipment_evidence
Malaysia ,MY,Garments,2009-,2025,HS2022,162,61,611693,"611693 - Gloves, mittens and mitts; of synthetic fibres, knitted or crocheted, (other than impregnated, coated, covered or laminated with plastics or rubber)",broad_prefix_expansion,yes,screening_candidate_not_shipment_evidence
Malaysia ,MY,Garments,2009-,2025,HS2022,162,61,611699,"611699 - Gloves, mittens and mitts; of textile materials (other than wool or fine animal hair, cotton or synthetic fibres), knitted or crocheted, (other than impregnated, coated, covered or laminated with plastics or rubber)",broad_prefix_expansion,yes,screening_candidate_not_shipment_evidence
Malaysia ,MY,Garments,2009-,2025,HS2022,162,61,611710,"611710 - Shawls, scarves, mufflers, mantillas, veils and the like; knitted or crocheted",broad_prefix_expansion,yes,screening_candidate_not_shipment_evidence
Malaysia ,MY,Garments,2009-,2025,HS2022,162,61,611780,"611780 - Clothing accessories; knitted or crocheted, n.e.c. in heading no. 6117",broad_prefix_expansion,yes,screening_candidate_not_shipment_evidence
Malaysia ,MY,Garments,2009-,2025,HS2022,162,61,611790,"611790 - Clothing; parts, knitted or crocheted",broad_prefix_expansion,yes,screening_candidate_not_shipment_evidence
Malaysia ,MY,Garments,2009-,2025,HS2022,163,62,620120,"620120 - Coats; men's or boys', overcoats, raincoats, car-coats, capes, cloaks, anoraks (including ski-jackets) and similar articles, of wool or fine animal hair, other than those of heading no. 6203 (not knitted or crocheted)",broad_prefix_expansion,yes,screening_candidate_not_shipment_evidence
Malaysia ,MY,Garments,2009-,2025,HS2022,163,62,620130,"620130 - Coats; men's or boys', overcoats, raincoats, car-coats, capes, cloaks, anoraks (including ski-jackets) and similar articles, of cotton, other than those of heading no. 6203 (not knitted or crocheted)",broad_prefix_expansion,yes,screening_candidate_not_shipment_evidence
Malaysia ,MY,Garments,2009-,2025,HS2022,163,62,620140,"620140 - Coats; men's or boys', overcoats, raincoats, car-coats, capes, cloaks, anoraks (including ski-jackets) and similar articles, of man-made fibres, other than those of heading no. 6203 (not knitted or crocheted)",broad_prefix_expansion,yes,screening_candidate_not_shipment_evidence
Malaysia ,MY,Garments,2009-,2025,HS2022,163,62,620190,"620190 - Coats; men's or boys', overcoats, rain-coats, car-coats, capes, cloaks and similar, of textile materials (other than wool, fine animal hair, cotton or man-made fibres), other than those of heading no. 6203 (not knitted or crocheted)",broad_prefix_expansion,yes,screening_candidate_not_shipment_evidence
Malaysia ,MY,Garments,2009-,2025,HS2022,163,62,620220,"620220 - Coats; women's or girls', overcoats, raincoats, car-coats, capes, cloaks anoraks (including ski-jackets) and similar articles, of wool or fine animal hair, other than those of heading no. 6204 (not knitted or crocheted)",broad_prefix_expansion,yes,screening_candidate_not_shipment_evidence
Malaysia ,MY,Garments,2009-,2025,HS2022,163,62,620230,"620230 - Coats; women's or girls', overcoats, raincoats, car-coats, capes, cloaks anoraks (including ski-jackets) and similar articles, of cotton, other than those of heading no. 6204 (not knitted or crocheted)",broad_prefix_expansion,yes,screening_candidate_not_shipment_evidence
Malaysia ,MY,Garments,2009-,2025,HS2022,163,62,620240,"620240 - Coats; women's or girls', overcoats, raincoats, car-coats, capes, cloaks anoraks (including ski-jackets) and similar articles, of man-made fibres, other than those of heading no. 6204 (not knitted or crocheted)",broad_prefix_expansion,yes,screening_candidate_not_shipment_evidence
Malaysia ,MY,Garments,2009-,2025,HS2022,163,62,620290,"620290 - Coats; women's or girls', overcoats, raincoats, car-coats, capes, cloaks and similar articles, of textile materials (other than wool, fine animal hair, cotton or man-made fibres), other than those of heading no. 6204 (not knitted or crocheted)",broad_prefix_expansion,yes,screening_candidate_not_shipment_evidence
Malaysia ,MY,Garments,2009-,2025,HS2022,163,62,620311,"620311 - Suits; men's or boys', of wool or fine animal hair (not knitted or crocheted)",broad_prefix_expansion,yes,screening_candidate_not_shipment_evidence
Malaysia ,MY,Garments,2009-,2025,HS2022,163,62,620312,"620312 - Suits; men's or boys', of synthetic fibres (not knitted or crocheted)",broad_prefix_expansion,yes,screening_candidate_not_shipment_evidence
Malaysia ,MY,Garments,2009-,2025,HS2022,163,62,620319,"620319 - Suits; men's or boys', of textile materials n.e.c. in item no. 6203.1 (not knitted or crocheted)",broad_prefix_expansion,yes,screening_candidate_not_shipment_evidence
Malaysia ,MY,Garments,2009-,2025,HS2022,163,62,620322,"620322 - Ensembles; men's or boys', of cotton (not knitted or crocheted)",broad_prefix_expansion,yes,screening_candidate_not_shipment_evidence
Malaysia ,MY,Garments,2009-,2025,HS2022,163,62,620323,"620323 - Ensembles; men's or boys', of synthetic fibres (not knitted or crocheted)",broad_prefix_expansion,yes,screening_candidate_not_shipment_evidence
Malaysia ,MY,Garments,2009-,2025,HS2022,163,62,620329,"620329 - Ensembles; men's or boys', of textile materials n.e.c. in item no. 6203.2 (not knitted or crocheted)",broad_prefix_expansion,yes,screening_candidate_not_shipment_evidence
Malaysia ,MY,Garments,2009-,2025,HS2022,163,62,620331,"620331 - Jackets and blazers; men's or boys', of wool or fine animal hair (not knitted or crocheted)",broad_prefix_expansion,yes,screening_candidate_not_shipment_evidence
Malaysia ,MY,Garments,2009-,2025,HS2022,163,62,620332,"620332 - Jackets and blazers; men's or boys', of cotton (not knitted or crocheted)",broad_prefix_expansion,yes,screening_candidate_not_shipment_evidence
Malaysia ,MY,Garments,2009-,2025,HS2022,163,62,620333,"620333 - Jackets and blazers; men's or boys', of synthetic fibres (not knitted or crocheted)",broad_prefix_expansion,yes,screening_candidate_not_shipment_evidence
Malaysia ,MY,Garments,2009-,2025,HS2022,163,62,620339,"620339 - Jackets and blazers; men's or boys', of textile materials n.e.c. in item no. 6203.3 (not knitted or crocheted)",broad_prefix_expansion,yes,screening_candidate_not_shipment_evidence
Malaysia ,MY,Garments,2009-,2025,HS2022,163,62,620341,"620341 - Trousers, bib and brace overalls, breeches and shorts; men's or boys', of wool or fine animal hair (not knitted or crocheted)",broad_prefix_expansion,yes,screening_candidate_not_shipment_evidence
Malaysia ,MY,Garments,2009-,2025,HS2022,163,62,620342,"620342 - Trousers, bib and brace overalls, breeches and shorts; men's or boys', of cotton (not knitted or crocheted)",broad_prefix_expansion,yes,screening_candidate_not_shipment_evidence
Malaysia ,MY,Garments,2009-,2025,HS2022,163,62,620343,"620343 - Trousers, bib and brace overalls, breeches and shorts; men's or boys', of synthetic fibres (not knitted or crocheted)",broad_prefix_expansion,yes,screening_candidate_not_shipment_evidence
Malaysia ,MY,Garments,2009-,2025,HS2022,163,62,620349,"620349 - Trousers, bib and brace overalls, breeches and shorts; men's or boys', of textile materials (other than wool, fine animal hair, cotton or synthetic fibres), (not knitted or crocheted)",broad_prefix_expansion,yes,screening_candidate_not_shipment_evidence
Malaysia ,MY,Garments,2009-,2025,HS2022,163,62,620411,"620411 - Suits; women's or girls', of wool or fine animal hair (not knitted or crocheted)",broad_prefix_expansion,yes,screening_candidate_not_shipment_evidence
Malaysia ,MY,Garments,2009-,2025,HS2022,163,62,620412,"620412 - Suits; women's or girls', of cotton (not knitted or crocheted)",broad_prefix_expansion,yes,screening_candidate_not_shipment_evidence
Malaysia ,MY,Garments,2009-,2025,HS2022,163,62,620413,"620413 - Suits; women's or girls', of synthetic fibres (not knitted or crocheted)",broad_prefix_expansion,yes,screening_candidate_not_shipment_evidence
Malaysia ,MY,Garments,2009-,2025,HS2022,163,62,620419,"620419 - Suits; women's or girls', of textile materials n.e.c. in item no. 6204.1 (not knitted or crocheted)",broad_prefix_expansion,yes,screening_candidate_not_shipment_evidence
Malaysia ,MY,Garments,2009-,2025,HS2022,163,62,620421,"620421 - Ensembles; women's or girls', of wool or fine animal hair (not knitted or crocheted)",broad_prefix_expansion,yes,screening_candidate_not_shipment_evidence
Malaysia ,MY,Garments,2009-,2025,HS2022,163,62,620422,"620422 - Ensembles; women's or girls', of cotton (not knitted or crocheted)",broad_prefix_expansion,yes,screening_candidate_not_shipment_evidence
Malaysia ,MY,Garments,2009-,2025,HS2022,163,62,620423,"620423 - Ensembles; women's or girls', of synthetic fibres (not knitted or crocheted)",broad_prefix_expansion,yes,screening_candidate_not_shipment_evidence
Malaysia ,MY,Garments,2009-,2025,HS2022,163,62,620429,"620429 - Ensembles; women's or girls', of textile materials n.e.c. in item no. 6204.2 (not knitted or crocheted)",broad_prefix_expansion,yes,screening_candidate_not_shipment_evidence
Malaysia ,MY,Garments,2009-,2025,HS2022,163,62,620431,"620431 - Jackets and blazers; women's or girls', of wool or fine animal hair (not knitted or crocheted)",broad_prefix_expansion,yes,screening_candidate_not_shipment_evidence
Malaysia ,MY,Garments,2009-,2025,HS2022,163,62,620432,"620432 - Jackets and blazers; women's or girls', of cotton (not knitted or crocheted)",broad_prefix_expansion,yes,screening_candidate_not_shipment_evidence
Malaysia ,MY,Garments,2009-,2025,HS2022,163,62,620433,"620433 - Jackets and blazers; women's or girls', of synthetic fibres (not knitted or crocheted)",broad_prefix_expansion,yes,screening_candidate_not_shipment_evidence
Malaysia ,MY,Garments,2009-,2025,HS2022,163,62,620439,"620439 - Jackets and blazers; women's or girls', of textile materials n.e.c. in item no. 6204.3 (not knitted or crocheted)",broad_prefix_expansion,yes,screening_candidate_not_shipment_evidence
Malaysia ,MY,Garments,2009-,2025,HS2022,163,62,620441,"620441 - Dresses; women's or girls', of wool or fine animal hair (not knitted or crocheted)",broad_prefix_expansion,yes,screening_candidate_not_shipment_evidence
Malaysia ,MY,Garments,2009-,2025,HS2022,163,62,620442,"620442 - Dresses; women's or girls', of cotton (not knitted or crocheted)",broad_prefix_expansion,yes,screening_candidate_not_shipment_evidence
Malaysia ,MY,Garments,2009-,2025,HS2022,163,62,620443,"620443 - Dresses; women's or girls', of synthetic fibres (not knitted or crocheted)",broad_prefix_expansion,yes,screening_candidate_not_shipment_evidence
Malaysia ,MY,Garments,2009-,2025,HS2022,163,62,620444,"620444 - Dresses; women's or girls', of artificial fibres (not knitted or crocheted)",broad_prefix_expansion,yes,screening_candidate_not_shipment_evidence
Malaysia ,MY,Garments,2009-,2025,HS2022,163,62,620449,"620449 - Dresses; women's or girls', of textile materials n.e.c. in item no. 6204.4 (not knitted or crocheted)",broad_prefix_expansion,yes,screening_candidate_not_shipment_evidence
Malaysia ,MY,Garments,2009-,2025,HS2022,163,62,620451,"620451 - Skirts and divided skirts; women's or girls', of wool or fine animal hair (not knitted or crocheted)",broad_prefix_expansion,yes,screening_candidate_not_shipment_evidence
Malaysia ,MY,Garments,2009-,2025,HS2022,163,62,620452,"620452 - Skirts and divided skirts; women's or girls', of cotton (not knitted or crocheted)",broad_prefix_expansion,yes,screening_candidate_not_shipment_evidence
Malaysia ,MY,Garments,2009-,2025,HS2022,163,62,620453,"620453 - Skirts and divided skirts; women's or girls', of synthetic fibres (not knitted or crocheted)",broad_prefix_expansion,yes,screening_candidate_not_shipment_evidence
Malaysia ,MY,Garments,2009-,2025,HS2022,163,62,620459,"620459 - Skirts and divided skirts; women's or girls', of textile materials n.e.c. in item no. 6204.5 (not knitted or crocheted)",broad_prefix_expansion,yes,screening_candidate_not_shipment_evidence
Malaysia ,MY,Garments,2009-,2025,HS2022,163,62,620461,"620461 - Trousers, bib and brace overalls, breeches and shorts; women's or girls', of wool or fine animal hair (not knitted or crocheted)",broad_prefix_expansion,yes,screening_candidate_not_shipment_evidence
Malaysia ,MY,Garments,2009-,2025,HS2022,163,62,620462,"620462 - Trousers, bib and brace overalls, breeches and shorts; women's or girls', of cotton (not knitted or crocheted)",broad_prefix_expansion,yes,screening_candidate_not_shipment_evidence
Malaysia ,MY,Garments,2009-,2025,HS2022,163,62,620463,"620463 - Trousers, bib and brace overalls, breeches and shorts; women's or girls', of synthetic fibres (not knitted or crocheted)",broad_prefix_expansion,yes,screening_candidate_not_shipment_evidence
Malaysia ,MY,Garments,2009-,2025,HS2022,163,62,620469,"620469 - Trousers, bib and brace overalls, breeches and shorts; women's or girls', of textile materials (other than wool, fine animal hair, cotton or synthetic fibres), (not knitted or crocheted)",broad_prefix_expansion,yes,screening_candidate_not_shipment_evidence
Malaysia ,MY,Garments,2009-,2025,HS2022,163,62,620520,"620520 - Shirts; men's or boys', of cotton (not knitted or crocheted)",broad_prefix_expansion,yes,screening_candidate_not_shipment_evidence
Malaysia ,MY,Garments,2009-,2025,HS2022,163,62,620530,"620530 - Shirts; men's or boys', of man-made fibres (not knitted or crocheted)",broad_prefix_expansion,yes,screening_candidate_not_shipment_evidence
Malaysia ,MY,Garments,2009-,2025,HS2022,163,62,620590,"620590 - Shirts; men's or boys', of textile materials n.e.c. in heading no. 6205 (not knitted or crocheted)",broad_prefix_expansion,yes,screening_candidate_not_shipment_evidence
Malaysia ,MY,Garments,2009-,2025,HS2022,163,62,620610,"620610 - Blouses, shirts and shirt-blouses; women's or girls', of silk or silk waste (not knitted or crocheted)",broad_prefix_expansion,yes,screening_candidate_not_shipment_evidence
Malaysia ,MY,Garments,2009-,2025,HS2022,163,62,620620,"620620 - Blouses, shirts and shirt-blouses; women's or girls', of wool or fine animal hair (not knitted or crocheted)",broad_prefix_expansion,yes,screening_candidate_not_shipment_evidence
Malaysia ,MY,Garments,2009-,2025,HS2022,163,62,620630,"620630 - Blouses, shirts and shirt-blouses; women's or girls', of cotton (not knitted or crocheted)",broad_prefix_expansion,yes,screening_candidate_not_shipment_evidence
Malaysia ,MY,Garments,2009-,2025,HS2022,163,62,620640,"620640 - Blouses, shirts and shirt-blouses; women's or girls', of man-made fibres (not knitted or crocheted)",broad_prefix_expansion,yes,screening_candidate_not_shipment_evidence
Malaysia ,MY,Garments,2009-,2025,HS2022,163,62,620690,"620690 - Blouses, shirts and shirt-blouses; women's or girls', of textile materials n.e.c. in heading no. 6206 (not knitted or crocheted)",broad_prefix_expansion,yes,screening_candidate_not_shipment_evidence
Malaysia ,MY,Garments,2009-,2025,HS2022,163,62,620711,"620711 - Underpants and briefs; men's or boys', of cotton (not knitted or crocheted)",broad_prefix_expansion,yes,screening_candidate_not_shipment_evidence
Malaysia ,MY,Garments,2009-,2025,HS2022,163,62,620719,"620719 - Underpants and briefs; men's or boys', of textile materials other than cotton (not knitted or crocheted)",broad_prefix_expansion,yes,screening_candidate_not_shipment_evidence
Malaysia ,MY,Garments,2009-,2025,HS2022,163,62,620721,"620721 - Nightshirts and pyjamas; men's or boys', of cotton (not knitted or crocheted)",broad_prefix_expansion,yes,screening_candidate_not_shipment_evidence
Malaysia ,MY,Garments,2009-,2025,HS2022,163,62,620722,"620722 - Nightshirts and pyjamas; men's or boys', of man-made fibres (not knitted or crocheted)",broad_prefix_expansion,yes,screening_candidate_not_shipment_evidence
Malaysia ,MY,Garments,2009-,2025,HS2022,163,62,620729,"620729 - Nightshirts and pyjamas; men's or boys', of textile materials other than cotton or man-made fibres (not knitted or crocheted)",broad_prefix_expansion,yes,screening_candidate_not_shipment_evidence
Malaysia ,MY,Garments,2009-,2025,HS2022,163,62,620791,"620791 - Singlets and other vests, bathrobes, dressing gowns and similar articles; men's or boys', of cotton (not knitted or crocheted)",broad_prefix_expansion,yes,screening_candidate_not_shipment_evidence
Malaysia ,MY,Garments,2009-,2025,HS2022,163,62,620799,"620799 - Singlets and other vests, bathrobes, dressing gowns and similar articles; men's or boys', of textile materials other than cotton (not knitted or crocheted)",broad_prefix_expansion,yes,screening_candidate_not_shipment_evidence
Malaysia ,MY,Garments,2009-,2025,HS2022,163,62,620811,"620811 - Slips and petticoats; women's or girls', of man-made fibres (not knitted or crocheted)",broad_prefix_expansion,yes,screening_candidate_not_shipment_evidence
Malaysia ,MY,Garments,2009-,2025,HS2022,163,62,620819,"620819 - Slips and petticoats; women's or girls', of textile materials other than man-made fibres (not knitted or crocheted)",broad_prefix_expansion,yes,screening_candidate_not_shipment_evidence
Malaysia ,MY,Garments,2009-,2025,HS2022,163,62,620821,"620821 - Nightdresses and pyjamas; women's or girls', of cotton (not knitted or crocheted)",broad_prefix_expansion,yes,screening_candidate_not_shipment_evidence
Malaysia ,MY,Garments,2009-,2025,HS2022,163,62,620822,"620822 - Nightdresses and pyjamas; women's or girls', of man-made fibres (not knitted or crocheted)",broad_prefix_expansion,yes,screening_candidate_not_shipment_evidence
Malaysia ,MY,Garments,2009-,2025,HS2022,163,62,620829,"620829 - Nightdresses and pyjamas; women's or girls', of textile materials other than cotton or man-made fibres (not knitted or crocheted)",broad_prefix_expansion,yes,screening_candidate_not_shipment_evidence
Malaysia ,MY,Garments,2009-,2025,HS2022,163,62,620891,"620891 - Singlets and other vests, briefs, panties, negligees, bathrobes, dressing gowns and similar articles; women's or girls', of cotton (not knitted or crocheted)",broad_prefix_expansion,yes,screening_candidate_not_shipment_evidence
Malaysia ,MY,Garments,2009-,2025,HS2022,163,62,620892,"620892 - Singlets and other vests, briefs, panties, negligees, bathrobes, dressing gowns etc.; women's or girls', of man-made fibres (not knitted or crocheted), excluding incontinence or other sanitary garments or garment liners of heading no. 96.19",broad_prefix_expansion,yes,screening_candidate_not_shipment_evidence
Malaysia ,MY,Garments,2009-,2025,HS2022,163,62,620899,"620899 - Singlets and other vests, briefs, panties, negligees, bathrobes, dressing gowns and similar articles; women's or girls', of textile materials other than cotton or man-made fibres (not knitted or crocheted)",broad_prefix_expansion,yes,screening_candidate_not_shipment_evidence
Malaysia ,MY,Garments,2009-,2025,HS2022,163,62,620920,"620920 - Garments and clothing accessories; babies', of cotton (not knitted or crocheted)",broad_prefix_expansion,yes,screening_candidate_not_shipment_evidence
Malaysia ,MY,Garments,2009-,2025,HS2022,163,62,620930,"620930 - Garments and clothing accessories; babies', of synthetic fibres (not knitted or crocheted)",broad_prefix_expansion,yes,screening_candidate_not_shipment_evidence
Malaysia ,MY,Garments,2009-,2025,HS2022,163,62,620990,"620990 - Garments and clothing accessories; babies', of textile materials other than cotton or synthetic fibres (not knitted or crocheted)",broad_prefix_expansion,yes,screening_candidate_not_shipment_evidence
Malaysia ,MY,Garments,2009-,2025,HS2022,163,62,621010,621010 - Garments; of felt or non-wovens (not knitted or crocheted),broad_prefix_expansion,yes,screening_candidate_not_shipment_evidence
Malaysia ,MY,Garments,2009-,2025,HS2022,163,62,621020,"621020 - Garments; overcoats, raincoats, car-coats, capes, cloaks, anoraks (including ski-jackets) and similar articles, men's or boys', of the fabrics of heading no. 5602, 5603, 5903, 5906 or 5907 (not knitted or crocheted)",broad_prefix_expansion,yes,screening_candidate_not_shipment_evidence
Malaysia ,MY,Garments,2009-,2025,HS2022,163,62,621030,"621030 - Garments; overcoats, raincoats, car-coats, capes, cloaks, anoraks (including ski-jackets) and similar articles, women's or girls', of the fabrics of heading no. 5602, 5603, 5903, 5906 or 5907 (not knitted or crocheted)",broad_prefix_expansion,yes,screening_candidate_not_shipment_evidence
Malaysia ,MY,Garments,2009-,2025,HS2022,163,62,621040,"621040 - Garments; men's or boys', n.e.c. in item no. 6210.2, of the fabrics of heading no. 5602, 5603, 5903, 5906 or 5907 (not knitted or crocheted)",broad_prefix_expansion,yes,screening_candidate_not_shipment_evidence
Malaysia ,MY,Garments,2009-,2025,HS2022,163,62,621050,"621050 - Garments; women's or girls', n.e.c. in item no. 6210.3, of the fabrics of heading no. 5602, 5603, 5903, 5906 or 5907 (not knitted or crocheted)",broad_prefix_expansion,yes,screening_candidate_not_shipment_evidence
Malaysia ,MY,Garments,2009-,2025,HS2022,163,62,621111,"621111 - Swimwear; men's or boys', (not knitted or crocheted)",broad_prefix_expansion,yes,screening_candidate_not_shipment_evidence
Malaysia ,MY,Garments,2009-,2025,HS2022,163,62,621112,"621112 - Swimwear; women's or girls', (not knitted or crocheted)",broad_prefix_expansion,yes,screening_candidate_not_shipment_evidence
Malaysia ,MY,Garments,2009-,2025,HS2022,163,62,621120,621120 - Ski suits; (not knitted or crocheted),broad_prefix_expansion,yes,screening_candidate_not_shipment_evidence
Malaysia ,MY,Garments,2009-,2025,HS2022,163,62,621132,"621132 - Track suits and other garments n.e.c.; men's or boys', of cotton (not knitted or crocheted)",broad_prefix_expansion,yes,screening_candidate_not_shipment_evidence
Malaysia ,MY,Garments,2009-,2025,HS2022,163,62,621133,"621133 - Track suits and other garments n.e.c.; men's or boys', of man-made fibres (not knitted or crocheted)",broad_prefix_expansion,yes,screening_candidate_not_shipment_evidence
Malaysia ,MY,Garments,2009-,2025,HS2022,163,62,621139,"621139 - Track suits and other garments n.e.c.; men's or boys', of textile materials n.e.c. in item no. 6211.3 (not knitted or crocheted)",broad_prefix_expansion,yes,screening_candidate_not_shipment_evidence
Malaysia ,MY,Garments,2009-,2025,HS2022,163,62,621142,"621142 - Track suits and other garments n.e.c.; women's or girls', of cotton (not knitted or crocheted)",broad_prefix_expansion,yes,screening_candidate_not_shipment_evidence
Malaysia ,MY,Garments,2009-,2025,HS2022,163,62,621143,"621143 - Track suits and other garments n.e.c.; women's or girls', of man-made fibres (not knitted or crocheted)",broad_prefix_expansion,yes,screening_candidate_not_shipment_evidence
Malaysia ,MY,Garments,2009-,2025,HS2022,163,62,621149,"621149 - Track suits and other garments n.e.c.; women's or girls', of textile materials n.e.c. in item no. 6211.4 (not knitted or crocheted)",broad_prefix_expansion,yes,screening_candidate_not_shipment_evidence
Malaysia ,MY,Garments,2009-,2025,HS2022,163,62,621210,621210 - Brassieres; whether or not knitted or crocheted,broad_prefix_expansion,yes,screening_candidate_not_shipment_evidence
Malaysia ,MY,Garments,2009-,2025,HS2022,163,62,621220,621220 - Girdles and panty-girdles; whether or not knitted or crocheted,broad_prefix_expansion,yes,screening_candidate_not_shipment_evidence
Malaysia ,MY,Garments,2009-,2025,HS2022,163,62,621230,621230 - Corselettes; whether or not knitted or crocheted,broad_prefix_expansion,yes,screening_candidate_not_shipment_evidence
Malaysia ,MY,Garments,2009-,2025,HS2022,163,62,621290,"621290 - Braces, suspenders, garters and similar articles; whether or not knitted or crocheted, n.e.c. in heading no. 6212",broad_prefix_expansion,yes,screening_candidate_not_shipment_evidence
Malaysia ,MY,Garments,2009-,2025,HS2022,163,62,621320,621320 - Handkerchiefs; of cotton (not knitted or crocheted),broad_prefix_expansion,yes,screening_candidate_not_shipment_evidence
Malaysia ,MY,Garments,2009-,2025,HS2022,163,62,621390,621390 - Handkerchiefs; of textile materials other than cotton (not knitted or crocheted),broad_prefix_expansion,yes,screening_candidate_not_shipment_evidence
Malaysia ,MY,Garments,2009-,2025,HS2022,163,62,621410,"621410 - Shawls, scarves, mufflers, mantillas, veils and the like; of silk or silk waste (not knitted or crocheted)",broad_prefix_expansion,yes,screening_candidate_not_shipment_evidence
Malaysia ,MY,Garments,2009-,2025,HS2022,163,62,621420,"621420 - Shawls, scarves, mufflers, mantillas, veils and the like; of wool or fine animal hair (not knitted or crocheted)",broad_prefix_expansion,yes,screening_candidate_not_shipment_evidence
Malaysia ,MY,Garments,2009-,2025,HS2022,163,62,621430,"621430 - Shawls, scarves, mufflers, mantillas, veils and the like; of synthetic fibres (not knitted or crocheted)",broad_prefix_expansion,yes,screening_candidate_not_shipment_evidence
Malaysia ,MY,Garments,2009-,2025,HS2022,163,62,621440,"621440 - Shawls, scarves, mufflers, mantillas, veils and the like; of artificial fibres (not knitted or crocheted)",broad_prefix_expansion,yes,screening_candidate_not_shipment_evidence
Malaysia ,MY,Garments,2009-,2025,HS2022,163,62,621490,"621490 - Shawls, scarves, mufflers, mantillas, veils and the like; of textile materials n.e.c. in heading no. 6214 (not knitted or crocheted)",broad_prefix_expansion,yes,screening_candidate_not_shipment_evidence
Malaysia ,MY,Garments,2009-,2025,HS2022,163,62,621510,"621510 - Ties, bow ties and cravats; of silk or silk waste (not knitted or crocheted)",broad_prefix_expansion,yes,screening_candidate_not_shipment_evidence
Malaysia ,MY,Garments,2009-,2025,HS2022,163,62,621520,"621520 - Ties, bow ties and cravats; of man-made fibres (not knitted or crocheted)",broad_prefix_expansion,yes,screening_candidate_not_shipment_evidence
Malaysia ,MY,Garments,2009-,2025,HS2022,163,62,621590,"621590 - Ties, bow ties and cravats; of textile materials other than silk or man-made fibres (not knitted or crocheted)",broad_prefix_expansion,yes,screening_candidate_not_shipment_evidence
Malaysia ,MY,Garments,2009-,2025,HS2022,163,62,621600,"621600 - Gloves, mittens and mitts (not knitted or crocheted)",broad_prefix_expansion,yes,screening_candidate_not_shipment_evidence
Malaysia ,MY,Garments,2009-,2025,HS2022,163,62,621710,621710 - Clothing accessories; other than those of heading no. 6212 (not knitted or crocheted),broad_prefix_expansion,yes,screening_candidate_not_shipment_evidence
Malaysia ,MY,Garments,2009-,2025,HS2022,163,62,621790,"621790 - Clothing; parts of garments or of clothing accessories, other than those of heading no. 6212 (not knitted or crocheted)",broad_prefix_expansion,yes,screening_candidate_not_shipment_evidence
Malaysia ,MY,Oil (palm),2009-,2025,HS2022,240,1207.10.0000,120710,"120710 - Oil seeds; palm nuts and kernels, whether or not broken",hts_prefix_to_hs6,yes,screening_candidate_not_shipment_evidence
Malaysia ,MY,Oil (palm),2009-,2025,HS2022,241,1511,151110,"151110 - Vegetable oils; palm oil and its fractions, crude, not chemically modified",broad_prefix_expansion,yes,screening_candidate_not_shipment_evidence
Malaysia ,MY,Oil (palm),2009-,2025,HS2022,241,1511,151190,"151190 - Vegetable oils; palm oil and its fractions, other than crude, whether or not refined, but not chemically modified",broad_prefix_expansion,yes,screening_candidate_not_shipment_evidence
Malaysia ,MY,Oil (palm),2009-,2025,HS2022,242,1513.21.0000,151321,"151321 - Vegetable oils; palm kernel or babassu oil and their fractions, crude, not chemically modified",hts_prefix_to_hs6,yes,screening_candidate_not_shipment_evidence
Malaysia ,MY,Oil (palm),2009-,2025,HS2022,243,1513.29.0000,151329,"151329 - Vegetable oils; palm kernel or babassu oil and their fractions, other than crude, whether or not refined, but not chemically modified",hts_prefix_to_hs6,yes,screening_candidate_not_shipment_evidence
Malaysia ,MY,Oil (palm),2009-,2025,HS2022,244,2306.60.0000,230660,"230660 - Oil-cake and other solid residues; whether or not ground or in the form of pellets, resulting from the extraction of palm nuts or kernels oils",hts_prefix_to_hs6,yes,screening_candidate_not_shipment_evidence
Malaysia ,MY,Rubber Gloves,2020-,2025,HS2022,275,4015.19,401519,"401519 - Rubber; vulcanised (other than hard rubber), gloves, mittens and mitts other than surgical gloves",exact_hs6,no,screening_candidate_not_shipment_evidence
Niger,NE,Cattle,2012-,2025,HS2022,74,0102.21,010221,"010221 - Cattle; live, pure-bred breeding animals",exact_hs6,no,screening_candidate_not_shipment_evidence
Niger,NE,Cattle,2012-,2025,HS2022,75,0102.29,010229,"010229 - Cattle; live, other than pure-bred breeding animals",exact_hs6,no,screening_candidate_not_shipment_evidence
Nigeria,NG,Cocoa,2009-,2025,HS2022,98,1801.00.0000,180100,"180100 - Cocoa beans; whole or broken, raw or roasted",hts_prefix_to_hs6,yes,screening_candidate_not_shipment_evidence
Nigeria,NG,Cocoa,2009-,2025,HS2022,99,1802.00.0000,180200,"180200 - Cocoa; shells, husks, skins and other cocoa waste",hts_prefix_to_hs6,yes,screening_candidate_not_shipment_evidence
Nigeria,NG,Granite,2009-,2025,HS2022,175,2516.11.0000,251611,251611 - Granite; crude or roughly trimmed,hts_prefix_to_hs6,yes,screening_candidate_not_shipment_evidence
Nigeria,NG,Granite,2009-,2025,HS2022,176,2516.12,251612,"251612 - Granite; merely cut, by sawing or otherwise, into blocks or slabs of a rectangular (including square) shape",exact_hs6,no,screening_candidate_not_shipment_evidence
Nigeria,NG,Gravel (crushed stones),2009-,2025,HS2022,179,2517.10.0015,251710,"251710 - Pebbles, gravel, broken or crushed stone; of a kind commonly used for concrete aggregates, for road metalling or for railway or other ballast, shingle and flint, whether or not heat-treated",hts_prefix_to_hs6,yes,screening_candidate_not_shipment_evidence
Nepal,NP,Bricks,2009-,2025,HS2022,49,6810.11,681011,"681011 - Cement, concrete or artificial stone; building blocks or bricks, whether or not reinforced",exact_hs6,no,screening_candidate_not_shipment_evidence
Nepal,NP,Bricks,2009-,2025,HS2022,50,6901,690100,"690100 - Bricks, blocks, tiles and other ceramic goods of siliceous fossil meals (e.g. kieselguhr, tripolite or diatomite) or of similar siliceous earths",broad_prefix_expansion,yes,screening_candidate_not_shipment_evidence
Nepal,NP,Bricks,2009-,2025,HS2022,51,6902.1,690210,"690210 - Refractory bricks, blocks, tiles and similar refractory ceramic constructional goods; containing by weight, singly or together, more than 50% of the elements Mg, Ca or Cr, expressed as MgO, CaO or Cr2o3",broad_prefix_expansion,yes,screening_candidate_not_shipment_evidence
Nepal,NP,Bricks,2009-,2025,HS2022,52,6902.20.10,690220,"690220 - Refractory bricks, blocks, tiles and similar refractory ceramic constructional goods; containing by weight more than 50% of alumina (Al2o3), of silica (SiO2) or of a mixture or compound of these",hts_prefix_to_hs6,yes,screening_candidate_not_shipment_evidence
Nepal,NP,Bricks,2009-,2025,HS2022,53,6902.90.10,690290,"690290 - Refractory bricks, blocks, tiles and similar refractory ceramic constructional goods; n.e.c. in item no. 6902.1 or 6902.2",hts_prefix_to_hs6,yes,screening_candidate_not_shipment_evidence
Nepal,NP,Bricks,2009-,2025,HS2022,54,6904,690410,690410 - Ceramic building bricks,broad_prefix_expansion,yes,screening_candidate_not_shipment_evidence
Nepal,NP,Bricks,2009-,2025,HS2022,54,6904,690490,"690490 - Ceramic flooring blocks, supports or filler tiles and the like (excluding building bricks)",broad_prefix_expansion,yes,screening_candidate_not_shipment_evidence
Nepal,NP,Carpets,2009-,2025,HS2022,62,5701,570110,"570110 - Carpets and other textile floor coverings; knotted, of wool or fine animal hair, whether or not made up",broad_prefix_expansion,yes,screening_candidate_not_shipment_evidence
Nepal,NP,Carpets,2009-,2025,HS2022,62,5701,570190,"570190 - Carpets and other textile floor coverings; knotted, of textile materials (other than wool or fine animal hair), whether or not made up",broad_prefix_expansion,yes,screening_candidate_not_shipment_evidence
Nepal,NP,Carpets,2009-,2025,HS2022,63,5702,570210,"570210 - Carpets and other textile floor coverings; woven, (not tufted or flocked), whether or not made up, including kelem, schumacks, karamanie and similar hand-woven rugs",broad_prefix_expansion,yes,screening_candidate_not_shipment_evidence
Nepal,NP,Carpets,2009-,2025,HS2022,63,5702,570220,"570220 - Carpets and other textile floor coverings; woven, (not tufted or flocked), whether or not made up, of coconut fibres (coir)",broad_prefix_expansion,yes,screening_candidate_not_shipment_evidence
Nepal,NP,Carpets,2009-,2025,HS2022,63,5702,570231,"570231 - Carpets and other textile floor coverings; woven, (not tufted or flocked), of wool or fine animal hair, of pile construction, not made up, n.e.c. in item no. 5702.10 or 5702.20",broad_prefix_expansion,yes,screening_candidate_not_shipment_evidence
Nepal,NP,Carpets,2009-,2025,HS2022,63,5702,570232,"570232 - Carpets and other textile floor coverings; woven, (not tufted or flocked), of man-made textile materials, of pile construction, not made up, n.e.c. in item no. 5702.10 or 5702.20",broad_prefix_expansion,yes,screening_candidate_not_shipment_evidence
Nepal,NP,Carpets,2009-,2025,HS2022,63,5702,570239,"570239 - Carpets and other textile floor coverings; woven, (not tufted or flocked), of textile materials (other than man-made, wool or fine animal hair), of pile construction, not made up, n.e.c. in item no. 5702.10 or 5702.20",broad_prefix_expansion,yes,screening_candidate_not_shipment_evidence
Nepal,NP,Carpets,2009-,2025,HS2022,63,5702,570241,"570241 - Carpets and other textile floor coverings; woven, (not tufted or flocked), of wool or fine animal hair, of pile construction, made up, n.e.c. in item no. 5702.10 or 5702.20",broad_prefix_expansion,yes,screening_candidate_not_shipment_evidence
Nepal,NP,Carpets,2009-,2025,HS2022,63,5702,570242,"570242 - Carpets and other textile floor coverings; woven, (not tufted or flocked), of man-made textile materials, of pile construction, made up, n.e.c. in item no. 5702.10 or 5702.20",broad_prefix_expansion,yes,screening_candidate_not_shipment_evidence
Nepal,NP,Carpets,2009-,2025,HS2022,63,5702,570249,"570249 - Carpets and other textile floor coverings; woven, (not tufted or flocked), of textile materials (other than man-made, wool or fine animal hair), of pile construction, made up, n.e.c. in item no. 5702.10 or 5702.20",broad_prefix_expansion,yes,screening_candidate_not_shipment_evidence
Nepal,NP,Carpets,2009-,2025,HS2022,63,5702,570250,"570250 - Carpets and other textile floor coverings; woven, (not tufted or flocked), not of pile construction, not made up, n.e.c. in item no. 5702.10 or 5702.20",broad_prefix_expansion,yes,screening_candidate_not_shipment_evidence
Nepal,NP,Carpets,2009-,2025,HS2022,63,5702,570291,"570291 - Carpets and other textile floor coverings; woven, (not tufted or flocked), of wool or fine animal hair, (not of pile construction), made up, n.e.c. in item no. 5702.10 or 5702.20",broad_prefix_expansion,yes,screening_candidate_not_shipment_evidence
Nepal,NP,Carpets,2009-,2025,HS2022,63,5702,570292,"570292 - Carpets and other textile floor coverings; woven, (not tufted or flocked), of man-made textile materials, (not of pile construction), made up, n.e.c. in item no. 5702.10 or 5702.20",broad_prefix_expansion,yes,screening_candidate_not_shipment_evidence
Nepal,NP,Carpets,2009-,2025,HS2022,63,5702,570299,"570299 - Carpets and other textile floor coverings; woven, (not tufted or flocked), of textile materials (other than man-made or wool or fine animal hair, not of pile construction), made up, n.e.c. in item no. 5702.10 or 5702.20",broad_prefix_expansion,yes,screening_candidate_not_shipment_evidence
Nepal,NP,Carpets,2009-,2025,HS2022,64,5703,570310,"570310 - Carpets and other textile floor coverings (including turf); tufted, of wool or fine animal hair, whether or not made up",broad_prefix_expansion,yes,screening_candidate_not_shipment_evidence
Nepal,NP,Carpets,2009-,2025,HS2022,64,5703,570321,"570321 - Carpets and other textile floor coverings; tufted, of nylon or other polyamides, whether or not made up",broad_prefix_expansion,yes,screening_candidate_not_shipment_evidence
Nepal,NP,Carpets,2009-,2025,HS2022,64,5703,570329,"570329 - Carpets; tufted, of nylon or other polyamides, whether or not made up",broad_prefix_expansion,yes,screening_candidate_not_shipment_evidence
Nepal,NP,Carpets,2009-,2025,HS2022,64,5703,570331,"570331 - Carpets and other textile floor coverings; tufted, of other man-made textile materials (other than polyamides), whether or not made up",broad_prefix_expansion,yes,screening_candidate_not_shipment_evidence
Nepal,NP,Carpets,2009-,2025,HS2022,64,5703,570339,"570339 - Carpets; tufted, of man-made textile materials (other than polyamides), whether of not made up",broad_prefix_expansion,yes,screening_candidate_not_shipment_evidence
Nepal,NP,Carpets,2009-,2025,HS2022,64,5703,570390,"570390 - Carpets and other textile floor coverings; tufted, of textile materials (other than man-made, wool or fine animal hair), whether or not made up",broad_prefix_expansion,yes,screening_candidate_not_shipment_evidence
Nepal,NP,Carpets,2009-,2025,HS2022,65,5704,570410,"570410 - Textile floor coverings; felt tiles, (not tufted or flocked), whether or not made up, having a maximum surface area of 0.3m2",broad_prefix_expansion,yes,screening_candidate_not_shipment_evidence
Nepal,NP,Carpets,2009-,2025,HS2022,65,5704,570420,"570420 - Carpets and other textile floor coverings; of felt, (not tufted or flocked), whether or not made up, having a maximum surface area exceeding 0.3 m2 but not exceeding 1 m2",broad_prefix_expansion,yes,screening_candidate_not_shipment_evidence
Nepal,NP,Carpets,2009-,2025,HS2022,65,5704,570490,"570490 - Carpets and other textile floor coverings; of felt, (not tufted or flocked), in the piece, whether or not made up, having a maximum surface area exceeding 1 m2",broad_prefix_expansion,yes,screening_candidate_not_shipment_evidence
Nepal,NP,Carpets,2009-,2025,HS2022,66,5705,570500,"570500 - Carpets and other textile floor coverings; n.e.c. in chapter 57, whether or not made up",broad_prefix_expansion,yes,screening_candidate_not_shipment_evidence
Nepal,NP,Embellished Textiles,2009-,2025,HS2022,128,5407.91.2010,540791,"540791 - Fabrics, woven; of synthetic filament yarn, bleached or unbleached, n.e.c. in heading no. 5407",hts_prefix_to_hs6,yes,screening_candidate_not_shipment_evidence
Nepal,NP,Embellished Textiles,2009-,2025,HS2022,129,5407.92.2010,540792,"540792 - Fabrics, woven; of synthetic filament yarn, dyed, n.e.c. in heading 5407",hts_prefix_to_hs6,yes,screening_candidate_not_shipment_evidence
Nepal,NP,Embellished Textiles,2009-,2025,HS2022,130,5809.00.0000,580900,"580900 - Fabrics, woven; of metal thread and metallised yarn of heading no. 5605, of a kind used in apparel, as furnishing fabrics or similar purposes; n.e.c. or included",hts_prefix_to_hs6,yes,screening_candidate_not_shipment_evidence
Peru,PE,Brazil Nuts/Chestnuts,2009-,2025,HS2022,45,0801.21.0000,080121,"080121 - Nuts, edible; brazil nuts, fresh or dried, in shell",hts_prefix_to_hs6,yes,screening_candidate_not_shipment_evidence
Peru,PE,Brazil Nuts/Chestnuts,2009-,2025,HS2022,46,0801.22.0000,080122,"080122 - Nuts, edible; brazil nuts, fresh or dried, shelled",hts_prefix_to_hs6,yes,screening_candidate_not_shipment_evidence
Peru,PE,Brazil Nuts/Chestnuts,2009-,2025,HS2022,47,0802.41.0000,080241,"080241 - Nuts, edible; chestnuts (Castanea spp.), fresh or dried, in shell",hts_prefix_to_hs6,yes,screening_candidate_not_shipment_evidence
Peru,PE,Brazil Nuts/Chestnuts,2009-,2025,HS2022,48,0802.42.0000,080242,"080242 - Nuts, edible; chestnuts (Castanea spp.), fresh or dried, shelled",hts_prefix_to_hs6,yes,screening_candidate_not_shipment_evidence
Peru,PE,Gold,2009-,2025,HS2022,173,7108,710811,"710811 - Metals; gold, non-monetary, powder",broad_prefix_expansion,yes,screening_candidate_not_shipment_evidence
Peru,PE,Gold,2009-,2025,HS2022,173,7108,710812,"710812 - Metals; gold, non-monetary, unwrought (but not powder)",broad_prefix_expansion,yes,screening_candidate_not_shipment_evidence
Peru,PE,Gold,2009-,2025,HS2022,173,7108,710813,"710813 - Metals; gold, semi-manufactured",broad_prefix_expansion,yes,screening_candidate_not_shipment_evidence
Peru,PE,Gold,2009-,2025,HS2022,173,7108,710820,"710820 - Gold, monetary",broad_prefix_expansion,yes,screening_candidate_not_shipment_evidence
Peru,PE,Gold,2009-,2025,HS2022,174,7115.90.0530,711590,"711590 - Metal; precious or metal clad with precious metal, other than that of item no. 7115.10",hts_prefix_to_hs6,yes,screening_candidate_not_shipment_evidence
Pakistan,PK,Bricks,2009-,2025,HS2022,49,6810.11,681011,"681011 - Cement, concrete or artificial stone; building blocks or bricks, whether or not reinforced",exact_hs6,no,screening_candidate_not_shipment_evidence
Pakistan,PK,Bricks,2009-,2025,HS2022,50,6901,690100,"690100 - Bricks, blocks, tiles and other ceramic goods of siliceous fossil meals (e.g. kieselguhr, tripolite or diatomite) or of similar siliceous earths",broad_prefix_expansion,yes,screening_candidate_not_shipment_evidence
Pakistan,PK,Bricks,2009-,2025,HS2022,51,6902.1,690210,"690210 - Refractory bricks, blocks, tiles and similar refractory ceramic constructional goods; containing by weight, singly or together, more than 50% of the elements Mg, Ca or Cr, expressed as MgO, CaO or Cr2o3",broad_prefix_expansion,yes,screening_candidate_not_shipment_evidence
Pakistan,PK,Bricks,2009-,2025,HS2022,52,6902.20.10,690220,"690220 - Refractory bricks, blocks, tiles and similar refractory ceramic constructional goods; containing by weight more than 50% of alumina (Al2o3), of silica (SiO2) or of a mixture or compound of these",hts_prefix_to_hs6,yes,screening_candidate_not_shipment_evidence
Pakistan,PK,Bricks,2009-,2025,HS2022,53,6902.90.10,690290,"690290 - Refractory bricks, blocks, tiles and similar refractory ceramic constructional goods; n.e.c. in item no. 6902.1 or 6902.2",hts_prefix_to_hs6,yes,screening_candidate_not_shipment_evidence
Pakistan,PK,Bricks,2009-,2025,HS2022,54,6904,690410,690410 - Ceramic building bricks,broad_prefix_expansion,yes,screening_candidate_not_shipment_evidence
Pakistan,PK,Bricks,2009-,2025,HS2022,54,6904,690490,"690490 - Ceramic flooring blocks, supports or filler tiles and the like (excluding building bricks)",broad_prefix_expansion,yes,screening_candidate_not_shipment_evidence
Pakistan,PK,Carpets,2009-,2025,HS2022,62,5701,570110,"570110 - Carpets and other textile floor coverings; knotted, of wool or fine animal hair, whether or not made up",broad_prefix_expansion,yes,screening_candidate_not_shipment_evidence
Pakistan,PK,Carpets,2009-,2025,HS2022,62,5701,570190,"570190 - Carpets and other textile floor coverings; knotted, of textile materials (other than wool or fine animal hair), whether or not made up",broad_prefix_expansion,yes,screening_candidate_not_shipment_evidence
Pakistan,PK,Carpets,2009-,2025,HS2022,63,5702,570210,"570210 - Carpets and other textile floor coverings; woven, (not tufted or flocked), whether or not made up, including kelem, schumacks, karamanie and similar hand-woven rugs",broad_prefix_expansion,yes,screening_candidate_not_shipment_evidence
Pakistan,PK,Carpets,2009-,2025,HS2022,63,5702,570220,"570220 - Carpets and other textile floor coverings; woven, (not tufted or flocked), whether or not made up, of coconut fibres (coir)",broad_prefix_expansion,yes,screening_candidate_not_shipment_evidence
Pakistan,PK,Carpets,2009-,2025,HS2022,63,5702,570231,"570231 - Carpets and other textile floor coverings; woven, (not tufted or flocked), of wool or fine animal hair, of pile construction, not made up, n.e.c. in item no. 5702.10 or 5702.20",broad_prefix_expansion,yes,screening_candidate_not_shipment_evidence
Pakistan,PK,Carpets,2009-,2025,HS2022,63,5702,570232,"570232 - Carpets and other textile floor coverings; woven, (not tufted or flocked), of man-made textile materials, of pile construction, not made up, n.e.c. in item no. 5702.10 or 5702.20",broad_prefix_expansion,yes,screening_candidate_not_shipment_evidence
Pakistan,PK,Carpets,2009-,2025,HS2022,63,5702,570239,"570239 - Carpets and other textile floor coverings; woven, (not tufted or flocked), of textile materials (other than man-made, wool or fine animal hair), of pile construction, not made up, n.e.c. in item no. 5702.10 or 5702.20",broad_prefix_expansion,yes,screening_candidate_not_shipment_evidence
Pakistan,PK,Carpets,2009-,2025,HS2022,63,5702,570241,"570241 - Carpets and other textile floor coverings; woven, (not tufted or flocked), of wool or fine animal hair, of pile construction, made up, n.e.c. in item no. 5702.10 or 5702.20",broad_prefix_expansion,yes,screening_candidate_not_shipment_evidence
Pakistan,PK,Carpets,2009-,2025,HS2022,63,5702,570242,"570242 - Carpets and other textile floor coverings; woven, (not tufted or flocked), of man-made textile materials, of pile construction, made up, n.e.c. in item no. 5702.10 or 5702.20",broad_prefix_expansion,yes,screening_candidate_not_shipment_evidence
Pakistan,PK,Carpets,2009-,2025,HS2022,63,5702,570249,"570249 - Carpets and other textile floor coverings; woven, (not tufted or flocked), of textile materials (other than man-made, wool or fine animal hair), of pile construction, made up, n.e.c. in item no. 5702.10 or 5702.20",broad_prefix_expansion,yes,screening_candidate_not_shipment_evidence
Pakistan,PK,Carpets,2009-,2025,HS2022,63,5702,570250,"570250 - Carpets and other textile floor coverings; woven, (not tufted or flocked), not of pile construction, not made up, n.e.c. in item no. 5702.10 or 5702.20",broad_prefix_expansion,yes,screening_candidate_not_shipment_evidence
Pakistan,PK,Carpets,2009-,2025,HS2022,63,5702,570291,"570291 - Carpets and other textile floor coverings; woven, (not tufted or flocked), of wool or fine animal hair, (not of pile construction), made up, n.e.c. in item no. 5702.10 or 5702.20",broad_prefix_expansion,yes,screening_candidate_not_shipment_evidence
Pakistan,PK,Carpets,2009-,2025,HS2022,63,5702,570292,"570292 - Carpets and other textile floor coverings; woven, (not tufted or flocked), of man-made textile materials, (not of pile construction), made up, n.e.c. in item no. 5702.10 or 5702.20",broad_prefix_expansion,yes,screening_candidate_not_shipment_evidence
Pakistan,PK,Carpets,2009-,2025,HS2022,63,5702,570299,"570299 - Carpets and other textile floor coverings; woven, (not tufted or flocked), of textile materials (other than man-made or wool or fine animal hair, not of pile construction), made up, n.e.c. in item no. 5702.10 or 5702.20",broad_prefix_expansion,yes,screening_candidate_not_shipment_evidence
Pakistan,PK,Carpets,2009-,2025,HS2022,64,5703,570310,"570310 - Carpets and other textile floor coverings (including turf); tufted, of wool or fine animal hair, whether or not made up",broad_prefix_expansion,yes,screening_candidate_not_shipment_evidence
Pakistan,PK,Carpets,2009-,2025,HS2022,64,5703,570321,"570321 - Carpets and other textile floor coverings; tufted, of nylon or other polyamides, whether or not made up",broad_prefix_expansion,yes,screening_candidate_not_shipment_evidence
Pakistan,PK,Carpets,2009-,2025,HS2022,64,5703,570329,"570329 - Carpets; tufted, of nylon or other polyamides, whether or not made up",broad_prefix_expansion,yes,screening_candidate_not_shipment_evidence
Pakistan,PK,Carpets,2009-,2025,HS2022,64,5703,570331,"570331 - Carpets and other textile floor coverings; tufted, of other man-made textile materials (other than polyamides), whether or not made up",broad_prefix_expansion,yes,screening_candidate_not_shipment_evidence
Pakistan,PK,Carpets,2009-,2025,HS2022,64,5703,570339,"570339 - Carpets; tufted, of man-made textile materials (other than polyamides), whether of not made up",broad_prefix_expansion,yes,screening_candidate_not_shipment_evidence
Pakistan,PK,Carpets,2009-,2025,HS2022,64,5703,570390,"570390 - Carpets and other textile floor coverings; tufted, of textile materials (other than man-made, wool or fine animal hair), whether or not made up",broad_prefix_expansion,yes,screening_candidate_not_shipment_evidence
Pakistan,PK,Carpets,2009-,2025,HS2022,65,5704,570410,"570410 - Textile floor coverings; felt tiles, (not tufted or flocked), whether or not made up, having a maximum surface area of 0.3m2",broad_prefix_expansion,yes,screening_candidate_not_shipment_evidence
Pakistan,PK,Carpets,2009-,2025,HS2022,65,5704,570420,"570420 - Carpets and other textile floor coverings; of felt, (not tufted or flocked), whether or not made up, having a maximum surface area exceeding 0.3 m2 but not exceeding 1 m2",broad_prefix_expansion,yes,screening_candidate_not_shipment_evidence
Pakistan,PK,Carpets,2009-,2025,HS2022,65,5704,570490,"570490 - Carpets and other textile floor coverings; of felt, (not tufted or flocked), in the piece, whether or not made up, having a maximum surface area exceeding 1 m2",broad_prefix_expansion,yes,screening_candidate_not_shipment_evidence
Pakistan,PK,Carpets,2009-,2025,HS2022,66,5705,570500,"570500 - Carpets and other textile floor coverings; n.e.c. in chapter 57, whether or not made up",broad_prefix_expansion,yes,screening_candidate_not_shipment_evidence
Pakistan,PK,Coal,2009-,2025,HS2022,95,2701,270111,"270111 - Coal; anthracite, whether or not pulverised, but not agglomerated",broad_prefix_expansion,yes,screening_candidate_not_shipment_evidence
Pakistan,PK,Coal,2009-,2025,HS2022,95,2701,270112,"270112 - Coal; bituminous, whether or not pulverised, but not agglomerated",broad_prefix_expansion,yes,screening_candidate_not_shipment_evidence
Pakistan,PK,Coal,2009-,2025,HS2022,95,2701,270119,"270119 - Coal; (other than anthracite and bituminous), whether or not pulverised but not agglomerated",broad_prefix_expansion,yes,screening_candidate_not_shipment_evidence
Pakistan,PK,Coal,2009-,2025,HS2022,95,2701,270120,"270120 - Briquettes, ovoids and similar solid fuels; manufactured from coal",broad_prefix_expansion,yes,screening_candidate_not_shipment_evidence
Pakistan,PK,Cotton,2009-,2025,HS2022,111,5201,520100,520100 - Cotton; not carded or combed,broad_prefix_expansion,yes,screening_candidate_not_shipment_evidence
Paraguay,PY,Cattle,2009-,2025,HS2022,74,0102.21,010221,"010221 - Cattle; live, pure-bred breeding animals",exact_hs6,no,screening_candidate_not_shipment_evidence
Paraguay,PY,Cattle,2009-,2025,HS2022,75,0102.29,010229,"010229 - Cattle; live, other than pure-bred breeding animals",exact_hs6,no,screening_candidate_not_shipment_evidence
Russia,RU,Bricks,2018-,2025,HS2022,49,6810.11,681011,"681011 - Cement, concrete or artificial stone; building blocks or bricks, whether or not reinforced",exact_hs6,no,screening_candidate_not_shipment_evidence
Russia,RU,Bricks,2018-,2025,HS2022,50,6901,690100,"690100 - Bricks, blocks, tiles and other ceramic goods of siliceous fossil meals (e.g. kieselguhr, tripolite or diatomite) or of similar siliceous earths",broad_prefix_expansion,yes,screening_candidate_not_shipment_evidence
Russia,RU,Bricks,2018-,2025,HS2022,51,6902.1,690210,"690210 - Refractory bricks, blocks, tiles and similar refractory ceramic constructional goods; containing by weight, singly or together, more than 50% of the elements Mg, Ca or Cr, expressed as MgO, CaO or Cr2o3",broad_prefix_expansion,yes,screening_candidate_not_shipment_evidence
Russia,RU,Bricks,2018-,2025,HS2022,52,6902.20.10,690220,"690220 - Refractory bricks, blocks, tiles and similar refractory ceramic constructional goods; containing by weight more than 50% of alumina (Al2o3), of silica (SiO2) or of a mixture or compound of these",hts_prefix_to_hs6,yes,screening_candidate_not_shipment_evidence
Russia,RU,Bricks,2018-,2025,HS2022,53,6902.90.10,690290,"690290 - Refractory bricks, blocks, tiles and similar refractory ceramic constructional goods; n.e.c. in item no. 6902.1 or 6902.2",hts_prefix_to_hs6,yes,screening_candidate_not_shipment_evidence
Russia,RU,Bricks,2018-,2025,HS2022,54,6904,690410,690410 - Ceramic building bricks,broad_prefix_expansion,yes,screening_candidate_not_shipment_evidence
Russia,RU,Bricks,2018-,2025,HS2022,54,6904,690490,"690490 - Ceramic flooring blocks, supports or filler tiles and the like (excluding building bricks)",broad_prefix_expansion,yes,screening_candidate_not_shipment_evidence
Sierra Leone,SL,Diamonds,2009-,2025,HS2022,117,7102,710210,"710210 - Diamonds; whether or not worked, but not mounted or set, unsorted",broad_prefix_expansion,yes,screening_candidate_not_shipment_evidence
Sierra Leone,SL,Diamonds,2009-,2025,HS2022,117,7102,710221,"710221 - Diamonds; industrial, unworked or simply sawn, cleaved or bruted, but not mounted or set",broad_prefix_expansion,yes,screening_candidate_not_shipment_evidence
Sierra Leone,SL,Diamonds,2009-,2025,HS2022,117,7102,710229,"710229 - Diamonds; industrial, (other than unworked or simply sawn, cleaved or bruted), but not mounted or set",broad_prefix_expansion,yes,screening_candidate_not_shipment_evidence
Sierra Leone,SL,Diamonds,2009-,2025,HS2022,117,7102,710231,"710231 - Diamonds; non-industrial, unworked or simply sawn, cleaved or bruted, but not mounted or set",broad_prefix_expansion,yes,screening_candidate_not_shipment_evidence
Sierra Leone,SL,Diamonds,2009-,2025,HS2022,117,7102,710239,"710239 - Diamonds; non-industrial, (other than unworked or simply sawn, cleaved or bruted), but not mounted or set",broad_prefix_expansion,yes,screening_candidate_not_shipment_evidence
South Sudan,SS,Cattle,2012-,2025,HS2022,74,0102.21,010221,"010221 - Cattle; live, pure-bred breeding animals",exact_hs6,no,screening_candidate_not_shipment_evidence
South Sudan,SS,Cattle,2012-,2025,HS2022,75,0102.29,010229,"010229 - Cattle; live, other than pure-bred breeding animals",exact_hs6,no,screening_candidate_not_shipment_evidence
Thailand,TH,Fish,2012-,2025,HS2022,143,0301,030111,"030111 - Fish; live, ornamental, freshwater",broad_prefix_expansion,yes,screening_candidate_not_shipment_evidence
Thailand,TH,Fish,2012-,2025,HS2022,143,0301,030119,"030119 - Fish; live, ornamental, other than freshwater",broad_prefix_expansion,yes,screening_candidate_not_shipment_evidence
Thailand,TH,Fish,2012-,2025,HS2022,143,0301,030191,"030191 - Fish; live, trout (Salmo trutta, Oncorhynchus mykiss, Oncorhynchus clarki, Oncorhynchus aguabonita, Oncorhynchus gilae, Oncorhynchus apache and Oncorhynchus chrysogaster)",broad_prefix_expansion,yes,screening_candidate_not_shipment_evidence
Thailand,TH,Fish,2012-,2025,HS2022,143,0301,030192,"030192 - Fish; live, eels (Anguilla spp.)",broad_prefix_expansion,yes,screening_candidate_not_shipment_evidence
Thailand,TH,Fish,2012-,2025,HS2022,143,0301,030193,"030193 - Fish; live, carp (Cyprinus spp., Carassius spp., Ctenopharyngodon idellus, Hypophthalmichthys spp., Cirrhinus spp., Mylopharyngodon piceus, Catla catla, Labeo spp., Osteochilus hasselti, Leptobarbus hoeveni, Megalobrama spp.)",broad_prefix_expansion,yes,screening_candidate_not_shipment_evidence
Thailand,TH,Fish,2012-,2025,HS2022,143,0301,030194,"030194 - Fish; live, Atlantic and Pacific bluefin tunas (Thunnus thynnus, Thunnus orientalis)",broad_prefix_expansion,yes,screening_candidate_not_shipment_evidence
Thailand,TH,Fish,2012-,2025,HS2022,143,0301,030195,"030195 - Fish; live, southern bluefin tunas (Thunnus maccoyii)",broad_prefix_expansion,yes,screening_candidate_not_shipment_evidence
Thailand,TH,Fish,2012-,2025,HS2022,143,0301,030199,"030199 - Fish; live, n.e.c. in heading 0301",broad_prefix_expansion,yes,screening_candidate_not_shipment_evidence
Thailand,TH,Fish,2012-,2025,HS2022,144,0302,030211,"030211 - Fish; fresh or chilled, trout (Salmo trutta, Oncorhynchus mykiss, Oncorhynchus clarki, Oncorhynchus aguabonita, Oncorhynchus gilae, Oncorhynchus apache and Oncorhynchus chrysogaster), excluding fillets, fish meat of 0304, and edible fish offal of 0302.9",broad_prefix_expansion,yes,screening_candidate_not_shipment_evidence
Thailand,TH,Fish,2012-,2025,HS2022,144,0302,030213,"030213 - Fish; fresh or chilled, Pacific salmon (Oncorhynchus nerka, Oncorhynchus gorbuscha, Oncorhynchus keta, Oncorhynchus tschawytscha, Oncorhynchus kisutch, Oncorhynchus masou, Oncorhynchus rhodurus), not fillets, meat of 0304, and edible fish offal of 0302.9",broad_prefix_expansion,yes,screening_candidate_not_shipment_evidence
Thailand,TH,Fish,2012-,2025,HS2022,144,0302,030214,"030214 - Fish; fresh or chilled, Atlantic salmon (Salmo salar) and Danube salmon (Hucho hucho), excluding fillets, fish meat of 0304, and edible fish offal of subheadings 0302.91 to 0302.99",broad_prefix_expansion,yes,screening_candidate_not_shipment_evidence
Thailand,TH,Fish,2012-,2025,HS2022,144,0302,030219,"030219 - Fish; fresh or chilled, salmonidae, n.e.c. in item no. 0302.1, excluding fillets, fish meat of 0304, and edible fish offal of subheadings 0302.91 to 0302.99",broad_prefix_expansion,yes,screening_candidate_not_shipment_evidence
Thailand,TH,Fish,2012-,2025,HS2022,144,0302,030221,"030221 - Fish; fresh or chilled, halibut (Reinhardtius hippoglossoides, Hippoglossus hippoglossus, Hippoglossus stenolepis), excluding fillets, fish meat of 0304, and edible fish offal of subheadings 0302.91 to 0302.99",broad_prefix_expansion,yes,screening_candidate_not_shipment_evidence
Thailand,TH,Fish,2012-,2025,HS2022,144,0302,030222,"030222 - Fish; fresh or chilled, plaice (Pleuronectes platessa), excluding fillets, fish meat of 0304, and edible fish offal of subheadings 0302.91 to 0302.99",broad_prefix_expansion,yes,screening_candidate_not_shipment_evidence
Thailand,TH,Fish,2012-,2025,HS2022,144,0302,030223,"030223 - Fish; fresh or chilled, sole (Solea spp.), excluding fillets, fish meat of 0304, and edible fish offal of subheadings 0302.91 to 0302.99",broad_prefix_expansion,yes,screening_candidate_not_shipment_evidence
Thailand,TH,Fish,2012-,2025,HS2022,144,0302,030224,"030224 - Fish; fresh or chilled, turbots (Psetta maxima, Scophthalmidae), excluding fillets, fish meat of 0304, and edible fish offal of subheadings 0302.91 to 0302.99",broad_prefix_expansion,yes,screening_candidate_not_shipment_evidence
Thailand,TH,Fish,2012-,2025,HS2022,144,0302,030229,"030229 - Fish; fresh or chilled, flat fish, n.e.c. in item no. 0302.2, excluding fillets, fish meat of 0304, and edible fish offal of subheadings 0302.91 to 0302.99",broad_prefix_expansion,yes,screening_candidate_not_shipment_evidence
Thailand,TH,Fish,2012-,2025,HS2022,144,0302,030231,"030231 - Fish; fresh or chilled, albacore or longfinned tunas (Thunnus alalunga), excluding fillets, fish meat of 0304, and edible fish offal of subheadings 0302.91 to 0302.99",broad_prefix_expansion,yes,screening_candidate_not_shipment_evidence
Thailand,TH,Fish,2012-,2025,HS2022,144,0302,030232,"030232 - Fish; fresh or chilled, yellowfin tunas (Thunnus albacares), excluding fillets, fish meat of 0304, and edible fish offal of subheadings 0302.91 to 0302.99",broad_prefix_expansion,yes,screening_candidate_not_shipment_evidence
Thailand,TH,Fish,2012-,2025,HS2022,144,0302,030233,"030233 - Fish; fresh or chilled, skipjack tuna (stripe-bellied bonito) (Katsuwonus pelamis), excluding fillets, fish meat of 0304, and edible fish offal of subheadings 0302.91 to 0302.99",broad_prefix_expansion,yes,screening_candidate_not_shipment_evidence
Thailand,TH,Fish,2012-,2025,HS2022,144,0302,030234,"030234 - Fish; fresh or chilled, bigeye tunas (Thunnus obesus), excluding fillets, fish meat of 0304, and edible fish offal of subheadings 0302.91 to 0302.99",broad_prefix_expansion,yes,screening_candidate_not_shipment_evidence
Thailand,TH,Fish,2012-,2025,HS2022,144,0302,030235,"030235 - Fish; fresh or chilled, Atlantic and Pacific bluefin tunas (Thunnus thynnus, Thunnus orientalis), excluding fillets, fish meat of 0304, and edible fish offal of subheadings 0302.91 to 0302.99",broad_prefix_expansion,yes,screening_candidate_not_shipment_evidence
Thailand,TH,Fish,2012-,2025,HS2022,144,0302,030236,"030236 - Fish; fresh or chilled, southern bluefin tunas (Thunnus maccoyii), excluding fillets, fish meat of 0304, and edible fish offal of subheadings 0302.91 to 0302.99",broad_prefix_expansion,yes,screening_candidate_not_shipment_evidence
Thailand,TH,Fish,2012-,2025,HS2022,144,0302,030239,"030239 - Fish; fresh or chilled, tuna, n.e.c. in item no. 0302.3, excluding fillets, fish meat of 0304, and edible fish offal of subheadings 0302.91 to 0302.99",broad_prefix_expansion,yes,screening_candidate_not_shipment_evidence
Thailand,TH,Fish,2012-,2025,HS2022,144,0302,030241,"030241 - Fish; fresh or chilled, herrings (Clupea harengus, Clupea pallasii), excluding fillets, fish meat of 0304, and edible fish offal of subheadings 0302.91 to 0302.99",broad_prefix_expansion,yes,screening_candidate_not_shipment_evidence
Thailand,TH,Fish,2012-,2025,HS2022,144,0302,030242,"030242 - Fish; fresh or chilled, anchovies (Engraulis spp.), excluding fillets, fish meat of 0304, and edible fish offal of subheadings 0302.91 to 0302.99",broad_prefix_expansion,yes,screening_candidate_not_shipment_evidence
Thailand,TH,Fish,2012-,2025,HS2022,144,0302,030243,"030243 - Fish; fresh or chilled, sardines (Sardina pilchardus, Sardinops spp.), sardinella (Sardinella spp.), brisling or sprats (Sprattus sprattus), excluding fillets, fish meat of 0304, and edible fish offal of subheadings 0302.91 to 0302.99",broad_prefix_expansion,yes,screening_candidate_not_shipment_evidence
Thailand,TH,Fish,2012-,2025,HS2022,144,0302,030244,"030244 - Fish; fresh or chilled, mackerel (Scomber scombrus, Scomber australasicus, Scomber japonicus), excluding fillets, fish meat of 0304, and edible fish offal of subheadings 0302.91 to 0302.99",broad_prefix_expansion,yes,screening_candidate_not_shipment_evidence
Thailand,TH,Fish,2012-,2025,HS2022,144,0302,030245,"030245 - Fish; fresh or chilled, jack and horse mackerel (Trachurus spp.), excluding fillets, fish meat of 0304, and edible fish offal of subheadings 0302.91 to 0302.99",broad_prefix_expansion,yes,screening_candidate_not_shipment_evidence
Thailand,TH,Fish,2012-,2025,HS2022,144,0302,030246,"030246 - Fish; fresh or chilled, cobia (Rachycentron canadum), excluding fillets, fish meat of 0304, and edible fish offal of subheadings 0302.91 to 0302.99",broad_prefix_expansion,yes,screening_candidate_not_shipment_evidence
Thailand,TH,Fish,2012-,2025,HS2022,144,0302,030247,"030247 - Fish; fresh or chilled, swordfish (Xiphias gladius), excluding fillets, fish meat of 0304, and edible fish offal of subheadings 0302.91 to 0302.99",broad_prefix_expansion,yes,screening_candidate_not_shipment_evidence
Thailand,TH,Fish,2012-,2025,HS2022,144,0302,030249,"030249 - Fish; fresh or chilled, n.e.c. in item no. 0302.4, excluding fillets, fish meat of 0304, and edible fish offal of subheadings 0302.91 to 0302.99",broad_prefix_expansion,yes,screening_candidate_not_shipment_evidence
Thailand,TH,Fish,2012-,2025,HS2022,144,0302,030251,"030251 - Fish; fresh or chilled, cod (Gadus morhua, Gadus ogac, Gadus macrocephalus), excluding fillets, fish meat of 0304, and edible fish offal of subheadings 0302.91 to 0302.99",broad_prefix_expansion,yes,screening_candidate_not_shipment_evidence
Thailand,TH,Fish,2012-,2025,HS2022,144,0302,030252,"030252 - Fish; fresh or chilled, haddock (Melanogrammus aeglefinus), excluding fillets, fish meat of 0304, and edible fish offal of subheadings 0302.91 to 0302.99",broad_prefix_expansion,yes,screening_candidate_not_shipment_evidence
Thailand,TH,Fish,2012-,2025,HS2022,144,0302,030253,"030253 - Fish; fresh or chilled, coalfish (Pollachius virens), excluding fillets, fish meat of 0304, and edible fish offal of subheadings 0302.91 to 0302.99",broad_prefix_expansion,yes,screening_candidate_not_shipment_evidence
Thailand,TH,Fish,2012-,2025,HS2022,144,0302,030254,"030254 - Fish; fresh or chilled, hake (Merluccius spp., Urophycis spp.), excluding fillets, fish meat of 0304, and edible fish offal of subheadings 0302.91 to 0302.99",broad_prefix_expansion,yes,screening_candidate_not_shipment_evidence
Thailand,TH,Fish,2012-,2025,HS2022,144,0302,030255,"030255 - Fish; fresh or chilled, Alaska pollock (Theragra chalcogramma), excluding fillets, fish meat of 0304, and edible fish offal of subheadings 0302.91 to 0302.99",broad_prefix_expansion,yes,screening_candidate_not_shipment_evidence
Thailand,TH,Fish,2012-,2025,HS2022,144,0302,030256,"030256 - Fish; fresh or chilled, blue whitings (Micromesistius poutassou, Micromesistius australis),excluding fillets, fish meat of 0304, and edible fish offal of subheadings 0302.91 to 0302.99",broad_prefix_expansion,yes,screening_candidate_not_shipment_evidence
Thailand,TH,Fish,2012-,2025,HS2022,144,0302,030259,"030259 - Fish; fresh or chilled, n.e.c. in item no. 0302.5, excluding fillets, fish meat of 0304, and edible fish offal of subheadings 0302.91 to 0302.99",broad_prefix_expansion,yes,screening_candidate_not_shipment_evidence
Thailand,TH,Fish,2012-,2025,HS2022,144,0302,030271,"030271 - Fish; fresh or chilled, tilapias (Oreochromis spp.), excluding fillets, fish meat of 0304, and edible fish offal of subheadings 0302.91 to 0302.99",broad_prefix_expansion,yes,screening_candidate_not_shipment_evidence
Thailand,TH,Fish,2012-,2025,HS2022,144,0302,030272,"030272 - Fish; fresh or chilled, catfish (Pangasius spp., Silurus spp., Clarias spp., Ictalurus spp.), excluding fillets, fish meat of 0304, and edible fish offal of subheadings 0302.91 to 0302.99",broad_prefix_expansion,yes,screening_candidate_not_shipment_evidence
Thailand,TH,Fish,2012-,2025,HS2022,144,0302,030273,"030273 - Fish; fresh or chilled, Carp (as specified by the WCO.), excluding fillets, fish meat of 0304, and edible fish offal of subheadings 0302.91 to 0302.99",broad_prefix_expansion,yes,screening_candidate_not_shipment_evidence
Thailand,TH,Fish,2012-,2025,HS2022,144,0302,030274,"030274 - Fish; fresh or chilled, eels (Anguilla spp.), excluding fillets, fish meat of 0304, and edible fish offal of subheadings 0302.91 to 0302.99",broad_prefix_expansion,yes,screening_candidate_not_shipment_evidence
Thailand,TH,Fish,2012-,2025,HS2022,144,0302,030279,"030279 - Fish; fresh or chilled, Nile perch (Lates niloticus) and snakeheads (Channa spp.), excluding fillets, fish meat of 0304, and edible fish offal of subheadings 0302.91 to 0302.99",broad_prefix_expansion,yes,screening_candidate_not_shipment_evidence
Thailand,TH,Fish,2012-,2025,HS2022,144,0302,030281,"030281 - Fish; fresh or chilled, dogfish and other sharks, excluding fillets, fish meat of 0304, and edible fish offal of subheadings 0302.91 to 0302.99",broad_prefix_expansion,yes,screening_candidate_not_shipment_evidence
Thailand,TH,Fish,2012-,2025,HS2022,144,0302,030282,"030282 - Fish; fresh or chilled, rays and skates (Rajidae), excluding fillets, fish meat of 0304, and edible fish offal of subheadings 0302.91 to 0302.99",broad_prefix_expansion,yes,screening_candidate_not_shipment_evidence
Thailand,TH,Fish,2012-,2025,HS2022,144,0302,030283,"030283 - Fish; fresh or chilled, toothfish (Dissostichus spp.), excluding fillets, fish meat of 0304, and edible fish offal of subheadings 0302.91 to 0302.99",broad_prefix_expansion,yes,screening_candidate_not_shipment_evidence
Thailand,TH,Fish,2012-,2025,HS2022,144,0302,030284,"030284 - Fish; fresh or chilled, seabass (Dicentrarchus spp.), excluding fillets, fish meat of 0304, and edible fish offal of subheadings 0302.91 to 0302.99",broad_prefix_expansion,yes,screening_candidate_not_shipment_evidence
Thailand,TH,Fish,2012-,2025,HS2022,144,0302,030285,"030285 - Fish; fresh or chilled, seabream (Sparidae), excluding fillets, fish meat of 0304, and edible fish offal of subheadings 0302.91 to 0302.99",broad_prefix_expansion,yes,screening_candidate_not_shipment_evidence
Thailand,TH,Fish,2012-,2025,HS2022,144,0302,030289,"030289 - Fish; fresh or chilled, n.e.c. in heading 0302, excluding fillets, fish meat of 0304, and edible fish offal of subheadings 0302.91 to 0302.99",broad_prefix_expansion,yes,screening_candidate_not_shipment_evidence
Thailand,TH,Fish,2012-,2025,HS2022,144,0302,030291,"030291 - Fish; fresh or chilled, livers, roes and milt",broad_prefix_expansion,yes,screening_candidate_not_shipment_evidence
Thailand,TH,Fish,2012-,2025,HS2022,144,0302,030292,"030292 - Fish; fresh or chilled, shark fins",broad_prefix_expansion,yes,screening_candidate_not_shipment_evidence
Thailand,TH,Fish,2012-,2025,HS2022,144,0302,030299,"030299 - Fish; fresh or chilled, fish fins (other than shark fins), heads, tails, maws and other edible fish offal",broad_prefix_expansion,yes,screening_candidate_not_shipment_evidence
Thailand,TH,Fish,2012-,2025,HS2022,145,0303,030311,"030311 - Fish; frozen, Pacific salmon, sockeye salmon (red salmon) (Oncorhynchus nerka), excluding fillets, fish meat of 0304, and edible fish offal of subheadings 0303.91 to 0303.99",broad_prefix_expansion,yes,screening_candidate_not_shipment_evidence
Thailand,TH,Fish,2012-,2025,HS2022,145,0303,030312,"030312 - Fish; frozen, Pacific salmon (Oncorhynchus gorbuscha/keta/tschawytscha/ kisutch/masou/rhodurus) other than sockeye salmon (Oncorhynchus nerka), excluding fillets, fish meat of 0304, and edible fish offal of subheadings 0303.91 to 0303.99",broad_prefix_expansion,yes,screening_candidate_not_shipment_evidence
Thailand,TH,Fish,2012-,2025,HS2022,145,0303,030313,"030313 - Fish; frozen, Atlantic salmon (Salmo salar) and Danube salmon (Hucho hucho), excluding fillets, fish meat of 0304, and edible fish offal of subheadings 0303.91 to 0303.99",broad_prefix_expansion,yes,screening_candidate_not_shipment_evidence
Thailand,TH,Fish,2012-,2025,HS2022,145,0303,030314,"030314 - Fish; frozen, trout (Salmo trutta, Oncorhynchus mykiss, Oncorhynchus clarki, Oncorhynchus aguabonita, Oncorhynchus gilae, Oncorhynchus apache and Oncorhynchus chrysogaster), excluding fillets, meat of 0304, and edible fish offal of 0303.91 to 0303.99",broad_prefix_expansion,yes,screening_candidate_not_shipment_evidence
Thailand,TH,Fish,2012-,2025,HS2022,145,0303,030319,"030319 - Fish; frozen, salmonidae, n.e.c. in item no. 0303.1, excluding fillets, fish meat of 0304, and edible fish offal of subheadings 0303.91 to 0303.99",broad_prefix_expansion,yes,screening_candidate_not_shipment_evidence
Thailand,TH,Fish,2012-,2025,HS2022,145,0303,030323,"030323 - Fish; frozen, tilapias (Oreochromis spp.), excluding fillets, fish meat of 0304, and edible fish offal of subheadings 0303.91 to 0303.99",broad_prefix_expansion,yes,screening_candidate_not_shipment_evidence
Thailand,TH,Fish,2012-,2025,HS2022,145,0303,030324,"030324 - Fish; frozen, catfish (Pangasius spp., Silurus spp., Clarias spp., Ictalurus spp.), excluding fillets, fish meat of 0304, and edible fish offal of subheadings 0303.91 to 0303.99",broad_prefix_expansion,yes,screening_candidate_not_shipment_evidence
Thailand,TH,Fish,2012-,2025,HS2022,145,0303,030325,"030325 - Fish; frozen, carp (as specified by the WCO), excluding fillets, fish meat of 0304, and edible fish offal of subheadings 0303.91 to 0303.99",broad_prefix_expansion,yes,screening_candidate_not_shipment_evidence
Thailand,TH,Fish,2012-,2025,HS2022,145,0303,030326,"030326 - Fish; frozen, eels (Anguilla spp.), excluding fillets, fish meat of 0304, and edible fish offal of subheadings 0303.91 to 0303.99",broad_prefix_expansion,yes,screening_candidate_not_shipment_evidence
Thailand,TH,Fish,2012-,2025,HS2022,145,0303,030329,"030329 - Fish; frozen, Nile perch (Lates niloticus) and snakeheads (Channa spp.), excluding fillets, fish meat of 0304, and edible fish offal of subheadings 0303.91 to 0303.99",broad_prefix_expansion,yes,screening_candidate_not_shipment_evidence
Thailand,TH,Fish,2012-,2025,HS2022,145,0303,030331,"030331 - Fish; frozen, halibut (Reinhardtius hippoglossoides, Hippoglossus hippoglossus, Hippoglossus stenolepis), excluding fillets, fish meat of 0304, and edible fish offal of subheadings 0303.91 to 0303.99",broad_prefix_expansion,yes,screening_candidate_not_shipment_evidence
Thailand,TH,Fish,2012-,2025,HS2022,145,0303,030332,"030332 - Fish; frozen, plaice (Pleuronectes platessa), excluding fillets, fish meat of 0304, and edible fish offal of subheadings 0303.91 to 0303.99",broad_prefix_expansion,yes,screening_candidate_not_shipment_evidence
Thailand,TH,Fish,2012-,2025,HS2022,145,0303,030333,"030333 - Fish; frozen, sole (Solea spp.), excluding fillets, fish meat of 0304, and edible fish offal of subheadings 0303.91 to 0303.99",broad_prefix_expansion,yes,screening_candidate_not_shipment_evidence
Thailand,TH,Fish,2012-,2025,HS2022,145,0303,030334,"030334 - Fish; frozen, turbots (Psetta maxima, Scophthalmidae), excluding fillets, fish meat of 0304, and edible fish offal of subheadings 0303.91 to 0303.99",broad_prefix_expansion,yes,screening_candidate_not_shipment_evidence
Thailand,TH,Fish,2012-,2025,HS2022,145,0303,030339,"030339 - Fish; frozen, flat fish, n.e.c. in item no. 0303.3, excluding fillets, fish meat of 0304, and edible fish offal of subheadings 0303.91 to 0303.99",broad_prefix_expansion,yes,screening_candidate_not_shipment_evidence
Thailand,TH,Fish,2012-,2025,HS2022,145,0303,030341,"030341 - Fish; frozen, albacore or longfinned tunas (Thunnus alalunga), excluding fillets, fish meat of 0304, and edible fish offal of subheadings 0303.91 to 0303.99",broad_prefix_expansion,yes,screening_candidate_not_shipment_evidence
Thailand,TH,Fish,2012-,2025,HS2022,145,0303,030342,"030342 - Fish; frozen, yellowfin tunas (Thunnus albacares), excluding fillets, fish meat of 0304, and edible fish offal of subheadings 0303.91 to 0303.99",broad_prefix_expansion,yes,screening_candidate_not_shipment_evidence
Thailand,TH,Fish,2012-,2025,HS2022,145,0303,030343,"030343 - Fish; frozen, skipjack tuna (stripe-bellied bonito) (Katsuwonus pelamis), excluding fillets, fish meat of 0304, and edible fish offal of subheadings 0303.91 to 0303.99",broad_prefix_expansion,yes,screening_candidate_not_shipment_evidence
Thailand,TH,Fish,2012-,2025,HS2022,145,0303,030344,"030344 - Fish; frozen, bigeye tunas (Thunnus obesus), excluding fillets, fish meat of 0304, and edible fish offal of subheadings 0303.91 to 0303.99",broad_prefix_expansion,yes,screening_candidate_not_shipment_evidence
Thailand,TH,Fish,2012-,2025,HS2022,145,0303,030345,"030345 - Fish; frozen, Atlantic and Pacific bluefin tunas (Thunnus thynnus, Thunnus orientalis), excluding fillets, fish meat of 0304, and edible fish offal of subheadings 0303.91 to 0303.99",broad_prefix_expansion,yes,screening_candidate_not_shipment_evidence
Thailand,TH,Fish,2012-,2025,HS2022,145,0303,030346,"030346 - Fish; frozen, southern bluefin tunas (Thunnus maccoyii), excluding fillets, fish meat of 0304, and edible fish offal of subheadings 0303.91 to 0303.99",broad_prefix_expansion,yes,screening_candidate_not_shipment_evidence
Thailand,TH,Fish,2012-,2025,HS2022,145,0303,030349,"030349 - Fish; frozen, tuna, n.e.c. in item no. 0303.4, excluding fillets, fish meat of 0304, and edible fish offal of subheadings 0303.91 to 0303.99",broad_prefix_expansion,yes,screening_candidate_not_shipment_evidence
Thailand,TH,Fish,2012-,2025,HS2022,145,0303,030351,"030351 - Fish; frozen, herrings (Clupea harengus, Clupea pallasii), excluding fillets, fish meat of 0304, and edible fish offal of subheadings 0303.91 to 0303.99",broad_prefix_expansion,yes,screening_candidate_not_shipment_evidence
Thailand,TH,Fish,2012-,2025,HS2022,145,0303,030353,"030353 - Fish; frozen, sardines (Sardina pilchardus, Sardinops spp.), sardinella (Sardinella spp.), brisling or sprats (Sprattus sprattus), excluding fillets, fish meat of 0304, and edible fish offal of subheadings 0303.91 to 0303.99",broad_prefix_expansion,yes,screening_candidate_not_shipment_evidence
Thailand,TH,Fish,2012-,2025,HS2022,145,0303,030354,"030354 - Fish; frozen, mackerel (Scomber scombrus, Scomber australasicus, Scomber japonicus), excluding fillets, fish meat of 0304, and edible fish offal of subheadings 0303.91 to 0303.99",broad_prefix_expansion,yes,screening_candidate_not_shipment_evidence
Thailand,TH,Fish,2012-,2025,HS2022,145,0303,030355,"030355 - Fish; frozen, jack and horse mackerel (Trachurus spp.), excluding fillets, fish meat of 0304, and edible fish offal of subheadings 0303.91 to 0303.99",broad_prefix_expansion,yes,screening_candidate_not_shipment_evidence
Thailand,TH,Fish,2012-,2025,HS2022,145,0303,030356,"030356 - Fish; frozen, cobia (Rachycentron canadum), excluding fillets, fish meat of 0304, and edible fish offal of subheadings 0303.91 to 0303.99",broad_prefix_expansion,yes,screening_candidate_not_shipment_evidence
Thailand,TH,Fish,2012-,2025,HS2022,145,0303,030357,"030357 - Fish; frozen, swordfish (Xiphias gladius), excluding fillets, fish meat of 0304, and edible fish offal of subheadings 0303.91 to 0303.99",broad_prefix_expansion,yes,screening_candidate_not_shipment_evidence
Thailand,TH,Fish,2012-,2025,HS2022,145,0303,030359,"030359 - Fish; frozen, n.e.c. in item no. 0303.5, excluding fillets, fish meat of 0304, and edible fish offal of subheadings 0303.91 to 0303.99",broad_prefix_expansion,yes,screening_candidate_not_shipment_evidence
Thailand,TH,Fish,2012-,2025,HS2022,145,0303,030363,"030363 - Fish; frozen, cod (Gadus morhua, Gadus ogac, Gadus macrocephalus), excluding fillets, fish meat of 0304, and edible fish offal of subheadings 0303.91 to 0303.99",broad_prefix_expansion,yes,screening_candidate_not_shipment_evidence
Thailand,TH,Fish,2012-,2025,HS2022,145,0303,030364,"030364 - Fish; frozen, haddock (Melanogrammus aeglefinus), excluding fillets, fish meat of 0304, and edible fish offal of subheadings 0303.91 to 0303.99",broad_prefix_expansion,yes,screening_candidate_not_shipment_evidence
Thailand,TH,Fish,2012-,2025,HS2022,145,0303,030365,"030365 - Fish; frozen, coalfish (Pollachius virens), excluding fillets, fish meat of 0304, and edible fish offal of subheadings 0303.91 to 0303.99",broad_prefix_expansion,yes,screening_candidate_not_shipment_evidence
Thailand,TH,Fish,2012-,2025,HS2022,145,0303,030366,"030366 - Fish; frozen, hake (Merluccius spp., Urophycis spp.), excluding fillets, fish meat of 0304, and edible fish offal of subheadings 0303.91 to 0303.99",broad_prefix_expansion,yes,screening_candidate_not_shipment_evidence
Thailand,TH,Fish,2012-,2025,HS2022,145,0303,030367,"030367 - Fish; frozen, Alaska pollock (Theragra chalcogramma), excluding fillets, fish meat of 0304, and edible fish offal of subheadings 0303.91 to 0303.99",broad_prefix_expansion,yes,screening_candidate_not_shipment_evidence
Thailand,TH,Fish,2012-,2025,HS2022,145,0303,030368,"030368 - Fish; frozen, blue whitings (Micromesistius poutassou, Micromesistius australis), excluding fillets, fish meat of 0304, and edible fish offal of subheadings 0303.91 to 0303.99",broad_prefix_expansion,yes,screening_candidate_not_shipment_evidence
Thailand,TH,Fish,2012-,2025,HS2022,145,0303,030369,"030369 - Fish; frozen, of Bregmacerotidae, Euclichthyidae, Gadidae, Macrouridae, Melanonidae, Merlucciidae, Moridae, Muraenolepididae, other than cod, haddock, coalfish, hake, Alaska pollack, blue whitings, not fillets, meat of 0304, and edible offal of 0303.9",broad_prefix_expansion,yes,screening_candidate_not_shipment_evidence
Thailand,TH,Fish,2012-,2025,HS2022,145,0303,030381,"030381 - Fish; frozen, dogfish and other sharks, excluding fillets, fish meat of 0304, and edible fish offal of subheadings 0303.91 to 0303.99",broad_prefix_expansion,yes,screening_candidate_not_shipment_evidence
Thailand,TH,Fish,2012-,2025,HS2022,145,0303,030382,"030382 - Fish; frozen, rays and skates (Rajidae), excluding fillets, fish meat of 0304, and edible fish offal of subheadings 0303.91 to 0303.99",broad_prefix_expansion,yes,screening_candidate_not_shipment_evidence
Thailand,TH,Fish,2012-,2025,HS2022,145,0303,030383,"030383 - Fish; frozen, toothfish (Dissostichus spp.), excluding fillets, livers, roes, and edible fish offal of subheadings 0303.91 to 0303.99",broad_prefix_expansion,yes,screening_candidate_not_shipment_evidence
Thailand,TH,Fish,2012-,2025,HS2022,145,0303,030384,"030384 - Fish; frozen, seabass (Dicentrarchus spp.), excluding fillets, fish meat of 0304, and edible fish offal of subheadings 0303.91 to 0303.99",broad_prefix_expansion,yes,screening_candidate_not_shipment_evidence
Thailand,TH,Fish,2012-,2025,HS2022,145,0303,030389,"030389 - Fish; frozen, n.e.c. in heading 0303, excluding fillets, fish meat of 0304, and edible fish offal of subheadings 0303.91 to 0303.99",broad_prefix_expansion,yes,screening_candidate_not_shipment_evidence
Thailand,TH,Fish,2012-,2025,HS2022,145,0303,030391,"030391 - Fish; frozen, livers, roes and milt",broad_prefix_expansion,yes,screening_candidate_not_shipment_evidence
Thailand,TH,Fish,2012-,2025,HS2022,145,0303,030392,"030392 - Fish; frozen, shark fins",broad_prefix_expansion,yes,screening_candidate_not_shipment_evidence
Thailand,TH,Fish,2012-,2025,HS2022,145,0303,030399,"030399 - Fish; frozen, fish fins (other than shark fins), heads, tails, maws and other edible fish offal",broad_prefix_expansion,yes,screening_candidate_not_shipment_evidence
Thailand,TH,Fish,2012-,2025,HS2022,146,0304,030431,"030431 - Fish fillets; fresh or chilled, tilapias (Oreochromis spp.)",broad_prefix_expansion,yes,screening_candidate_not_shipment_evidence
Thailand,TH,Fish,2012-,2025,HS2022,146,0304,030432,"030432 - Fish fillets; fresh or chilled, catfish (Pangasius spp., Silurus spp., Clarias spp., Ictalurus spp.)",broad_prefix_expansion,yes,screening_candidate_not_shipment_evidence
Thailand,TH,Fish,2012-,2025,HS2022,146,0304,030433,"030433 - Fish fillets; fresh or chilled, Nile perch (Lates niloticus)",broad_prefix_expansion,yes,screening_candidate_not_shipment_evidence
Thailand,TH,Fish,2012-,2025,HS2022,146,0304,030439,"030439 - Fish fillets; fresh or chilled, carp (as specified by the WCO), eels (Anguilla spp.), and snakeheads (Channa spp.)",broad_prefix_expansion,yes,screening_candidate_not_shipment_evidence
Thailand,TH,Fish,2012-,2025,HS2022,146,0304,030441,"030441 - Fish fillets; fresh or chilled, salmon, Pacific (Oncorhynchus nerka, Oncorhynchus gorbuscha, Oncorhynchus keta, Oncorhynchus tschawytscha, Oncorhynchus kisutch, Oncorhynchus masou and Oncorhynchus rhodurus), Atlantic (Salmo salar), Danube (Hucho hucho)",broad_prefix_expansion,yes,screening_candidate_not_shipment_evidence
Thailand,TH,Fish,2012-,2025,HS2022,146,0304,030442,"030442 - Fish fillets; fresh or chilled, trout (Salmo trutta, Oncorhynchus mykiss, Oncorhynchus clarki, Oncorhynchus aguabonita, Oncorhynchus gilae, Oncorhynchus apache and Oncorhynchus chrysogaster)",broad_prefix_expansion,yes,screening_candidate_not_shipment_evidence
Thailand,TH,Fish,2012-,2025,HS2022,146,0304,030443,"030443 - Fish fillets; fresh or chilled, flat fish (Pleuronectidae, Bothidae, Cynoglossidae, Soleidae, Scophthalmidae and Citharidae)",broad_prefix_expansion,yes,screening_candidate_not_shipment_evidence
Thailand,TH,Fish,2012-,2025,HS2022,146,0304,030444,"030444 - Fish fillets; fresh or chilled, of the families Bregmacerotidae, Euclichthyidae, Gadidae, Macrouridae, Melanonidae, Merlucciidae, Moridae, and Muraenolepididae",broad_prefix_expansion,yes,screening_candidate_not_shipment_evidence
Thailand,TH,Fish,2012-,2025,HS2022,146,0304,030445,"030445 - Fish fillets; fresh or chilled, swordfish (Xiphias gladius)",broad_prefix_expansion,yes,screening_candidate_not_shipment_evidence
Thailand,TH,Fish,2012-,2025,HS2022,146,0304,030446,"030446 - Fish fillets; fresh or chilled, toothfish (Dissostichus spp.)",broad_prefix_expansion,yes,screening_candidate_not_shipment_evidence
Thailand,TH,Fish,2012-,2025,HS2022,146,0304,030447,"030447 - Fish fillets; fresh or chilled, dogfish and other sharks",broad_prefix_expansion,yes,screening_candidate_not_shipment_evidence
Thailand,TH,Fish,2012-,2025,HS2022,146,0304,030448,"030448 - Fish fillets; fresh or chilled, rays and skates (Rajidae)",broad_prefix_expansion,yes,screening_candidate_not_shipment_evidence
Thailand,TH,Fish,2012-,2025,HS2022,146,0304,030449,"030449 - Fish fillets; fresh or chilled, other than fish of heading 0304.4",broad_prefix_expansion,yes,screening_candidate_not_shipment_evidence
Thailand,TH,Fish,2012-,2025,HS2022,146,0304,030451,"030451 - Fish meat, excluding fillets, whether or not minced; fresh or chilled, tilapias, catfish, carp, eels, Nile perch, and snakeheads",broad_prefix_expansion,yes,screening_candidate_not_shipment_evidence
Thailand,TH,Fish,2012-,2025,HS2022,146,0304,030452,"030452 - Fish meat, excluding fillets, whether or not minced; fresh or chilled, salmonidae",broad_prefix_expansion,yes,screening_candidate_not_shipment_evidence
Thailand,TH,Fish,2012-,2025,HS2022,146,0304,030453,"030453 - Fish meat, excluding fillets, whether or not minced; fresh or chilled, of the families Bregmacerotidae, Euclichthyidae, Gadidae, Macrouridae, Melanonidae, Merlucciidae, Moridae, and Muraenolepididae",broad_prefix_expansion,yes,screening_candidate_not_shipment_evidence
Thailand,TH,Fish,2012-,2025,HS2022,146,0304,030454,"030454 - Fish meat, excluding fillets, whether or not minced; fresh or chilled, swordfish (Xiphias gladius)",broad_prefix_expansion,yes,screening_candidate_not_shipment_evidence
Thailand,TH,Fish,2012-,2025,HS2022,146,0304,030455,"030455 - Fish meat, excluding fillets, whether or not minced; fresh or chilled, toothfish (Dissostichus spp.)",broad_prefix_expansion,yes,screening_candidate_not_shipment_evidence
Thailand,TH,Fish,2012-,2025,HS2022,146,0304,030456,"030456 - Fish meat; excluding fillets, whether or not minced; fresh or chilled, dogfish and other sharks",broad_prefix_expansion,yes,screening_candidate_not_shipment_evidence
Thailand,TH,Fish,2012-,2025,HS2022,146,0304,030457,"030457 - Fish meat; excluding fillets, whether or not minced; fresh or chilled, rays and skates (Rajidae)",broad_prefix_expansion,yes,screening_candidate_not_shipment_evidence
Thailand,TH,Fish,2012-,2025,HS2022,146,0304,030459,"030459 - Fish meat; excluding fillets, whether or not minced; fresh or chilled, of fish n.e.c. in item no. 0304.5",broad_prefix_expansion,yes,screening_candidate_not_shipment_evidence
Thailand,TH,Fish,2012-,2025,HS2022,146,0304,030461,"030461 - Fish fillets; frozen, tilapias (Oreochromis spp.)",broad_prefix_expansion,yes,screening_candidate_not_shipment_evidence
Thailand,TH,Fish,2012-,2025,HS2022,146,0304,030462,"030462 - Fish fillets; frozen, catfish (Pangasius spp., Silurus spp., Clarias spp., Ictalurus spp.)",broad_prefix_expansion,yes,screening_candidate_not_shipment_evidence
Thailand,TH,Fish,2012-,2025,HS2022,146,0304,030463,"030463 - Fish fillets; frozen, Nile Perch (Lates niloticus)",broad_prefix_expansion,yes,screening_candidate_not_shipment_evidence
Thailand,TH,Fish,2012-,2025,HS2022,146,0304,030469,"030469 - Fish fillets; frozen, carp (Cyprinus/Carassius/Ctenopharyngodon idellus/Hypophthalmichthys/Cirrhinus/Mylopharyngodon piceus/Catla catla/Labeo/Osteochilus hasselti/Leptobarbus hoeveni/Megalobrama), eels (Anguilla) and snakeheads (Channa)",broad_prefix_expansion,yes,screening_candidate_not_shipment_evidence
Thailand,TH,Fish,2012-,2025,HS2022,146,0304,030471,"030471 - Fish fillets; frozen, cod (Gadus morhua, Gadus ogac, Gadus macrocephalus)",broad_prefix_expansion,yes,screening_candidate_not_shipment_evidence
Thailand,TH,Fish,2012-,2025,HS2022,146,0304,030472,"030472 - Fish fillets; frozen, haddock (Melanogrammus aeglefinus)",broad_prefix_expansion,yes,screening_candidate_not_shipment_evidence
Thailand,TH,Fish,2012-,2025,HS2022,146,0304,030473,"030473 - Fish fillets; frozen, coalfish (Pollachius virens)",broad_prefix_expansion,yes,screening_candidate_not_shipment_evidence
Thailand,TH,Fish,2012-,2025,HS2022,146,0304,030474,"030474 - Fish fillets; frozen, hake (Merluccius spp., Urophycis spp.)",broad_prefix_expansion,yes,screening_candidate_not_shipment_evidence
Thailand,TH,Fish,2012-,2025,HS2022,146,0304,030475,"030475 - Fish fillets; frozen, Alaska pollock (Theragra chalcogramma)",broad_prefix_expansion,yes,screening_candidate_not_shipment_evidence
Thailand,TH,Fish,2012-,2025,HS2022,146,0304,030479,"030479 - Fish fillets; frozen, of the families Bregmacerotidae, Euclichthyidae, Gadidae, Macrouridae, Melanonidae, Merlucciidae, Moridae and Muraenolepididae other than cod, haddock, coalfish, hake, and Alaska pollock",broad_prefix_expansion,yes,screening_candidate_not_shipment_evidence
Thailand,TH,Fish,2012-,2025,HS2022,146,0304,030481,"030481 - Fish fillets; frozen, salmon, Pacific (Oncorhynchus nerka, Oncorhynchus gorbuscha, Oncorhynchus keta, Oncorhynchus tschawytscha, Oncorhynchus kisutch, Oncorhynchus masou, Oncorhynchus rhodurus), Atlantic (Salmo salar), and Danube (Hucho hucho)",broad_prefix_expansion,yes,screening_candidate_not_shipment_evidence
Thailand,TH,Fish,2012-,2025,HS2022,146,0304,030482,"030482 - Fish fillets; frozen, trout (Salmo trutta, Oncorhynchus mykiss, Oncorhynchus clarki, Oncorhynchus aguabonita, Oncorhynchus gilae, Oncorhynchus apache and Oncorhynchus chrysogaster)",broad_prefix_expansion,yes,screening_candidate_not_shipment_evidence
Thailand,TH,Fish,2012-,2025,HS2022,146,0304,030483,"030483 - Fish fillets; frozen, flat fish (Pleuronectidae, Bothidae, Cynoglossidae, Soleidae, Scophthalmidae and Citharidae)",broad_prefix_expansion,yes,screening_candidate_not_shipment_evidence
Thailand,TH,Fish,2012-,2025,HS2022,146,0304,030484,"030484 - Fish fillets; frozen, swordfish (Xiphias gladius)",broad_prefix_expansion,yes,screening_candidate_not_shipment_evidence
Thailand,TH,Fish,2012-,2025,HS2022,146,0304,030485,"030485 - Fish fillets; frozen, toothfish (Dissostichus spp.)",broad_prefix_expansion,yes,screening_candidate_not_shipment_evidence
Thailand,TH,Fish,2012-,2025,HS2022,146,0304,030486,"030486 - Fish fillets; frozen, herrings (Clupea harengus, Clupea pallasii)",broad_prefix_expansion,yes,screening_candidate_not_shipment_evidence
Thailand,TH,Fish,2012-,2025,HS2022,146,0304,030487,"030487 - Fish fillets; frozen, tunas (of the genus Thunnus), skipjack tuna (stripe-bellied bonito) (Katsuwonus pelamis)",broad_prefix_expansion,yes,screening_candidate_not_shipment_evidence
Thailand,TH,Fish,2012-,2025,HS2022,146,0304,030488,"030488 - Fish fillets; frozen, dogfish, other sharks, rays and skates (Rajidae)",broad_prefix_expansion,yes,screening_candidate_not_shipment_evidence
Thailand,TH,Fish,2012-,2025,HS2022,146,0304,030489,"030489 - Fish fillets; frozen, of fish n.e.c. in heading 0304.8",broad_prefix_expansion,yes,screening_candidate_not_shipment_evidence
Thailand,TH,Fish,2012-,2025,HS2022,146,0304,030491,"030491 - Fish meat, excluding fillets, whether or not minced; frozen, swordfish (Xiphias gladius)",broad_prefix_expansion,yes,screening_candidate_not_shipment_evidence
Thailand,TH,Fish,2012-,2025,HS2022,146,0304,030492,"030492 - Fish meat, excluding fillets, whether or not minced; frozen, toothfish (Dissostichus spp.)",broad_prefix_expansion,yes,screening_candidate_not_shipment_evidence
Thailand,TH,Fish,2012-,2025,HS2022,146,0304,030493,"030493 - Fish meat, excluding fillets, whether or not minced; frozen, tilapias, catfish, carp, eels, Nile perch, and snakeheads",broad_prefix_expansion,yes,screening_candidate_not_shipment_evidence
Thailand,TH,Fish,2012-,2025,HS2022,146,0304,030494,"030494 - Fish meat, excluding fillets, whether or not minced; frozen, Alaska Pollock (Theragra chalcogramma)",broad_prefix_expansion,yes,screening_candidate_not_shipment_evidence
Thailand,TH,Fish,2012-,2025,HS2022,146,0304,030495,"030495 - Fish meat, excluding fillets, whether or not minced; frozen, of the families Bregmacerotidae, Euclichthyidae, Gadidae, Macrouridae, Melanonidae, Merlucciidae, Moridae and Muraenolepididae, other than Alaska Pollock (Theragra chalcogramma)",broad_prefix_expansion,yes,screening_candidate_not_shipment_evidence
Thailand,TH,Fish,2012-,2025,HS2022,146,0304,030496,"030496 - Fish meat, excluding fillets, whether or not minced; frozen, dogfish and other sharks",broad_prefix_expansion,yes,screening_candidate_not_shipment_evidence
Thailand,TH,Fish,2012-,2025,HS2022,146,0304,030497,"030497 - Fish meat, excluding fillets, whether or not minced; frozen, rays and skates (Rajidae)",broad_prefix_expansion,yes,screening_candidate_not_shipment_evidence
Thailand,TH,Fish,2012-,2025,HS2022,146,0304,030499,"030499 - Fish meat, excluding fillets, whether or not minced; frozen, n.e.c. in item no. 0304.9",broad_prefix_expansion,yes,screening_candidate_not_shipment_evidence
Thailand,TH,Garments,2009-,2025,HS2022,162,61,610120,"610120 - Coats; men's or boys' overcoats, car-coats, capes, anoraks, wind-jackets and similar articles, of cotton, knitted or crocheted (excluding those of heading no. 6103)",broad_prefix_expansion,yes,screening_candidate_not_shipment_evidence
Thailand,TH,Garments,2009-,2025,HS2022,162,61,610130,"610130 - Coats; men's or boys' overcoats, car-coats, capes, anoraks, wind-jackets and similar articles, of man-made fibres, knitted or crocheted, (excluding those of heading no. 6103)",broad_prefix_expansion,yes,screening_candidate_not_shipment_evidence
Thailand,TH,Garments,2009-,2025,HS2022,162,61,610190,"610190 - Coats; men's or boys' overcoats, car-coats, capes, anoraks, wind-jackets and similar articles, of textile materials n.e.c. in heading no. 6101, knitted or crocheted (excluding those of heading no. 6103)",broad_prefix_expansion,yes,screening_candidate_not_shipment_evidence
Thailand,TH,Garments,2009-,2025,HS2022,162,61,610210,"610210 - Coats; women's or girls' overcoats, car-coats, capes, anoraks, wind-jackets and similar articles, of wool or fine animal hair, knitted or crocheted (excluding those of heading no. 6104)",broad_prefix_expansion,yes,screening_candidate_not_shipment_evidence
Thailand,TH,Garments,2009-,2025,HS2022,162,61,610220,"610220 - Coats; women's or girls' overcoats, car-coats, capes, anoraks, wind-jackets and similar articles, of cotton, knitted or crocheted (excluding those of heading no. 6104)",broad_prefix_expansion,yes,screening_candidate_not_shipment_evidence
Thailand,TH,Garments,2009-,2025,HS2022,162,61,610230,"610230 - Coats; women's or girls' overcoats, car-coats, capes, anoraks, wind-jackets and similar articles, of man-made fibres, knitted or crocheted (excluding those of heading no. 6104)",broad_prefix_expansion,yes,screening_candidate_not_shipment_evidence
Thailand,TH,Garments,2009-,2025,HS2022,162,61,610290,"610290 - Coats; women's or girls' overcoats, car-coats, capes, anoraks, wind-jackets and similar articles, of textile materials n.e.c. in heading no. 6102, knitted or crocheted (excluding those of heading no. 6104)",broad_prefix_expansion,yes,screening_candidate_not_shipment_evidence
Thailand,TH,Garments,2009-,2025,HS2022,162,61,610310,"610310 - Suits; men's or boys', knitted or crocheted",broad_prefix_expansion,yes,screening_candidate_not_shipment_evidence
Thailand,TH,Garments,2009-,2025,HS2022,162,61,610322,"610322 - Ensembles; men's or boys', of cotton, knitted or crocheted",broad_prefix_expansion,yes,screening_candidate_not_shipment_evidence
Thailand,TH,Garments,2009-,2025,HS2022,162,61,610323,"610323 - Ensembles; men's or boys', of synthetic fibres, knitted or crocheted",broad_prefix_expansion,yes,screening_candidate_not_shipment_evidence
Thailand,TH,Garments,2009-,2025,HS2022,162,61,610329,"610329 - Ensembles; men's or boys', of textile materials (other than cotton or synthetic fibres), knitted or crocheted",broad_prefix_expansion,yes,screening_candidate_not_shipment_evidence
Thailand,TH,Garments,2009-,2025,HS2022,162,61,610331,"610331 - Jackets and blazers; men's or boys', of wool or fine animal hair, knitted or crocheted",broad_prefix_expansion,yes,screening_candidate_not_shipment_evidence
Thailand,TH,Garments,2009-,2025,HS2022,162,61,610332,"610332 - Jackets and blazers; men's or boys', of cotton, knitted or crocheted",broad_prefix_expansion,yes,screening_candidate_not_shipment_evidence
Thailand,TH,Garments,2009-,2025,HS2022,162,61,610333,"610333 - Jackets and blazers; men's or boys', of synthetic fibres, knitted or crocheted",broad_prefix_expansion,yes,screening_candidate_not_shipment_evidence
Thailand,TH,Garments,2009-,2025,HS2022,162,61,610339,"610339 - Jackets and blazers; men's or boys', of textile materials (other than wool or fine animal hair, cotton or synthetic fibres), knitted or crocheted",broad_prefix_expansion,yes,screening_candidate_not_shipment_evidence
Thailand,TH,Garments,2009-,2025,HS2022,162,61,610341,"610341 - Trousers, bib and brace overalls, breeches and shorts; men's or boys', of wool or fine animal hair, knitted or crocheted",broad_prefix_expansion,yes,screening_candidate_not_shipment_evidence
Thailand,TH,Garments,2009-,2025,HS2022,162,61,610342,"610342 - Trousers, bib and brace overalls, breeches and shorts; men's or boys', of cotton, knitted or crocheted",broad_prefix_expansion,yes,screening_candidate_not_shipment_evidence
Thailand,TH,Garments,2009-,2025,HS2022,162,61,610343,"610343 - Trousers, bib and brace overalls, breeches and shorts; men's or boys', of synthetic fibres, knitted or crocheted",broad_prefix_expansion,yes,screening_candidate_not_shipment_evidence
Thailand,TH,Garments,2009-,2025,HS2022,162,61,610349,"610349 - Trousers, bib and brace overalls, breeches and shorts; men's or boys', of textile materials (other than wool or fine animal hair, cotton or synthetic fibres), knitted or crocheted",broad_prefix_expansion,yes,screening_candidate_not_shipment_evidence
Thailand,TH,Garments,2009-,2025,HS2022,162,61,610413,"610413 - Suits; women's or girls', of synthetic fibres, knitted or crocheted",broad_prefix_expansion,yes,screening_candidate_not_shipment_evidence
Thailand,TH,Garments,2009-,2025,HS2022,162,61,610419,"610419 - Suits; women's or girls', of textile materials (other than synthetic fibres), knitted or crocheted",broad_prefix_expansion,yes,screening_candidate_not_shipment_evidence
Thailand,TH,Garments,2009-,2025,HS2022,162,61,610422,"610422 - Ensembles; women's or girls', of cotton, knitted or crocheted",broad_prefix_expansion,yes,screening_candidate_not_shipment_evidence
Thailand,TH,Garments,2009-,2025,HS2022,162,61,610423,"610423 - Ensembles; women's or girls', of synthetic fibres, knitted or crocheted",broad_prefix_expansion,yes,screening_candidate_not_shipment_evidence
Thailand,TH,Garments,2009-,2025,HS2022,162,61,610429,"610429 - Ensembles; women's or girls', of textile materials (other than cotton or synthetic fibres), knitted or crocheted",broad_prefix_expansion,yes,screening_candidate_not_shipment_evidence
Thailand,TH,Garments,2009-,2025,HS2022,162,61,610431,"610431 - Jackets; women's or girls', of wool or fine animal hair, knitted or crocheted",broad_prefix_expansion,yes,screening_candidate_not_shipment_evidence
Thailand,TH,Garments,2009-,2025,HS2022,162,61,610432,"610432 - Jackets; women's or girls', of cotton, knitted or crocheted",broad_prefix_expansion,yes,screening_candidate_not_shipment_evidence
Thailand,TH,Garments,2009-,2025,HS2022,162,61,610433,"610433 - Jackets; women's or girls', of synthetic fibres, knitted or crocheted",broad_prefix_expansion,yes,screening_candidate_not_shipment_evidence
Thailand,TH,Garments,2009-,2025,HS2022,162,61,610439,"610439 - Jackets; women's or girls', of textile materials (other than wool or fine animal hair, cotton or synthetic fibres), knitted or crocheted",broad_prefix_expansion,yes,screening_candidate_not_shipment_evidence
Thailand,TH,Garments,2009-,2025,HS2022,162,61,610441,"610441 - Dresses; women's or girls', of wool or fine animal hair, knitted or crocheted",broad_prefix_expansion,yes,screening_candidate_not_shipment_evidence
Thailand,TH,Garments,2009-,2025,HS2022,162,61,610442,"610442 - Dresses; women's or girls', of cotton, knitted or crocheted",broad_prefix_expansion,yes,screening_candidate_not_shipment_evidence
Thailand,TH,Garments,2009-,2025,HS2022,162,61,610443,"610443 - Dresses; women's or girls', of synthetic fibres, knitted or crocheted",broad_prefix_expansion,yes,screening_candidate_not_shipment_evidence
Thailand,TH,Garments,2009-,2025,HS2022,162,61,610444,"610444 - Dresses; women's or girls', of artificial fibres, knitted or crocheted",broad_prefix_expansion,yes,screening_candidate_not_shipment_evidence
Thailand,TH,Garments,2009-,2025,HS2022,162,61,610449,"610449 - Dresses; women's or girls', of textile materials (other than wool or fine animal hair, cotton, synthetic or artificial fibres), knitted or crocheted",broad_prefix_expansion,yes,screening_candidate_not_shipment_evidence
Thailand,TH,Garments,2009-,2025,HS2022,162,61,610451,"610451 - Skirts and divided skirts; women's or girls', of wool or fine animal hair, knitted or crocheted",broad_prefix_expansion,yes,screening_candidate_not_shipment_evidence
Thailand,TH,Garments,2009-,2025,HS2022,162,61,610452,"610452 - Skirts and divided skirts; women's or girls', of cotton, knitted or crocheted",broad_prefix_expansion,yes,screening_candidate_not_shipment_evidence
Thailand,TH,Garments,2009-,2025,HS2022,162,61,610453,"610453 - Skirts and divided skirts; women's or girls', of synthetic fibres, knitted or crocheted",broad_prefix_expansion,yes,screening_candidate_not_shipment_evidence
Thailand,TH,Garments,2009-,2025,HS2022,162,61,610459,"610459 - Skirts and divided skirts; women's or girls', of textile materials (other than wool or fine animal hair, cotton or synthetic fibres), knitted or crocheted",broad_prefix_expansion,yes,screening_candidate_not_shipment_evidence
Thailand,TH,Garments,2009-,2025,HS2022,162,61,610461,"610461 - Trousers, bib and brace overalls, breeches and shorts; women's or girls', of wool or fine animal hair, knitted or crocheted",broad_prefix_expansion,yes,screening_candidate_not_shipment_evidence
Thailand,TH,Garments,2009-,2025,HS2022,162,61,610462,"610462 - Trousers, bib and brace overalls, breeches and shorts; women's or girls', of cotton, knitted or crocheted",broad_prefix_expansion,yes,screening_candidate_not_shipment_evidence
Thailand,TH,Garments,2009-,2025,HS2022,162,61,610463,"610463 - Trousers, bib and brace overalls, breeches and shorts; women's or girls', of synthetic fibres, knitted or crocheted",broad_prefix_expansion,yes,screening_candidate_not_shipment_evidence
Thailand,TH,Garments,2009-,2025,HS2022,162,61,610469,"610469 - Trousers, bib and brace overalls, breeches and shorts; women's or girls', of textile materials (other than wool or fine animal hair, cotton or synthetic fibres), knitted or crocheted",broad_prefix_expansion,yes,screening_candidate_not_shipment_evidence
Thailand,TH,Garments,2009-,2025,HS2022,162,61,610510,"610510 - Shirts; men's or boys', of cotton, knitted or crocheted",broad_prefix_expansion,yes,screening_candidate_not_shipment_evidence
Thailand,TH,Garments,2009-,2025,HS2022,162,61,610520,"610520 - Shirts; men's or boys', of man-made fibres, knitted or crocheted",broad_prefix_expansion,yes,screening_candidate_not_shipment_evidence
Thailand,TH,Garments,2009-,2025,HS2022,162,61,610590,"610590 - Shirts; men's or boys', of textile materials (other than cotton or man-made fibres), knitted or crocheted",broad_prefix_expansion,yes,screening_candidate_not_shipment_evidence
Thailand,TH,Garments,2009-,2025,HS2022,162,61,610610,"610610 - Blouses, shirts and shirt-blouses; women's or girls', of cotton, knitted or crocheted",broad_prefix_expansion,yes,screening_candidate_not_shipment_evidence
Thailand,TH,Garments,2009-,2025,HS2022,162,61,610620,"610620 - Blouses, shirts and shirt-blouses; women's or girls', of man-made fibres, knitted or crocheted",broad_prefix_expansion,yes,screening_candidate_not_shipment_evidence
Thailand,TH,Garments,2009-,2025,HS2022,162,61,610690,"610690 - Blouses, shirts and shirt-blouses; women's or girls', of textile materials (other than cotton or man-made fibres), knitted or crocheted",broad_prefix_expansion,yes,screening_candidate_not_shipment_evidence
Thailand,TH,Garments,2009-,2025,HS2022,162,61,610711,"610711 - Underpants and briefs; men's or boys', of cotton, knitted or crocheted",broad_prefix_expansion,yes,screening_candidate_not_shipment_evidence
Thailand,TH,Garments,2009-,2025,HS2022,162,61,610712,"610712 - Underpants and briefs; men's or boys', of man-made fibres, knitted or crocheted",broad_prefix_expansion,yes,screening_candidate_not_shipment_evidence
Thailand,TH,Garments,2009-,2025,HS2022,162,61,610719,"610719 - Underpants and briefs; men's or boys', of textile materials (other than cotton or man-made fibres), knitted or crocheted",broad_prefix_expansion,yes,screening_candidate_not_shipment_evidence
Thailand,TH,Garments,2009-,2025,HS2022,162,61,610721,"610721 - Nightshirts and pyjamas; men's or boys', of cotton, knitted or crocheted",broad_prefix_expansion,yes,screening_candidate_not_shipment_evidence
Thailand,TH,Garments,2009-,2025,HS2022,162,61,610722,"610722 - Nightshirts and pyjamas; men's or boys', of man-made fibres, knitted or crocheted",broad_prefix_expansion,yes,screening_candidate_not_shipment_evidence
Thailand,TH,Garments,2009-,2025,HS2022,162,61,610729,"610729 - Nightshirts and pyjamas; men's or boys', of textile materials (other than cotton or man-made fibres), knitted or crocheted",broad_prefix_expansion,yes,screening_candidate_not_shipment_evidence
Thailand,TH,Garments,2009-,2025,HS2022,162,61,610791,"610791 - Bathrobes, dressing gowns and similar articles; men's or boys', of cotton, knitted or crocheted",broad_prefix_expansion,yes,screening_candidate_not_shipment_evidence
Thailand,TH,Garments,2009-,2025,HS2022,162,61,610799,"610799 - Bathrobes, dressing gowns and similar articles; men's or boys', of textile materials (other than cotton), knitted or crocheted",broad_prefix_expansion,yes,screening_candidate_not_shipment_evidence
Thailand,TH,Garments,2009-,2025,HS2022,162,61,610811,"610811 - Slips and petticoats; women's or girls', of man-made fibres, knitted or crocheted",broad_prefix_expansion,yes,screening_candidate_not_shipment_evidence
Thailand,TH,Garments,2009-,2025,HS2022,162,61,610819,"610819 - Slips and petticoats; women's or girls', of textile materials (other than man-made fibres), knitted or crocheted",broad_prefix_expansion,yes,screening_candidate_not_shipment_evidence
Thailand,TH,Garments,2009-,2025,HS2022,162,61,610821,"610821 - Briefs and panties; women's or girls', of cotton, knitted or crocheted",broad_prefix_expansion,yes,screening_candidate_not_shipment_evidence
Thailand,TH,Garments,2009-,2025,HS2022,162,61,610822,"610822 - Briefs and panties; women's or girls', of man-made fibres, knitted or crocheted",broad_prefix_expansion,yes,screening_candidate_not_shipment_evidence
Thailand,TH,Garments,2009-,2025,HS2022,162,61,610829,"610829 - Briefs and panties; women's or girls', of textile materials (other than cotton or man-made fibres), knitted or crocheted",broad_prefix_expansion,yes,screening_candidate_not_shipment_evidence
Thailand,TH,Garments,2009-,2025,HS2022,162,61,610831,"610831 - Nightdresses and pyjamas; women's or girls', of cotton, knitted or crocheted",broad_prefix_expansion,yes,screening_candidate_not_shipment_evidence
Thailand,TH,Garments,2009-,2025,HS2022,162,61,610832,"610832 - Nightdresses and pyjamas; women's or girls', of man-made fibres, knitted or crocheted",broad_prefix_expansion,yes,screening_candidate_not_shipment_evidence
Thailand,TH,Garments,2009-,2025,HS2022,162,61,610839,"610839 - Nightdresses and pyjamas; women's or girls', of textile materials (other than cotton or man-made fibres), knitted or crocheted",broad_prefix_expansion,yes,screening_candidate_not_shipment_evidence
Thailand,TH,Garments,2009-,2025,HS2022,162,61,610891,"610891 - Negligees, bathrobes, dressing gowns and similar articles; women's or girls', of cotton, knitted or crocheted",broad_prefix_expansion,yes,screening_candidate_not_shipment_evidence
Thailand,TH,Garments,2009-,2025,HS2022,162,61,610892,"610892 - Negligees, bathrobes, dressing gowns and similar articles; women's or girls', of man-made fibres, knitted or crocheted",broad_prefix_expansion,yes,screening_candidate_not_shipment_evidence
Thailand,TH,Garments,2009-,2025,HS2022,162,61,610899,"610899 - Negligees, bathrobes, dressing gowns and similar articles; women's or girls', of textile materials (other than cotton or man-made fibres), knitted or crocheted",broad_prefix_expansion,yes,screening_candidate_not_shipment_evidence
Thailand,TH,Garments,2009-,2025,HS2022,162,61,610910,"610910 - T-shirts, singlets and other vests; of cotton, knitted or crocheted",broad_prefix_expansion,yes,screening_candidate_not_shipment_evidence
Thailand,TH,Garments,2009-,2025,HS2022,162,61,610990,"610990 - T-shirts, singlets and other vests; of textile materials (other than cotton), knitted or crocheted",broad_prefix_expansion,yes,screening_candidate_not_shipment_evidence
Thailand,TH,Garments,2009-,2025,HS2022,162,61,611011,"611011 - Jerseys, pullovers, cardigans, waistcoats and similar articles; knitted or crocheted, of wool or fine animal hair",broad_prefix_expansion,yes,screening_candidate_not_shipment_evidence
Thailand,TH,Garments,2009-,2025,HS2022,162,61,611012,"611012 - Jerseys, pullovers, cardigans, waistcoats and similar articles; knitted or crocheted, of fibres from kashmir (cashmere) goats",broad_prefix_expansion,yes,screening_candidate_not_shipment_evidence
Thailand,TH,Garments,2009-,2025,HS2022,162,61,611019,"611019 - Jerseys, pullovers, cardigans, waistcoats and similar articles; knitted or crocheted, of fine animal hair other than that of kashmir (cashmere) goats",broad_prefix_expansion,yes,screening_candidate_not_shipment_evidence
Thailand,TH,Garments,2009-,2025,HS2022,162,61,611020,"611020 - Jerseys, pullovers, cardigans, waistcoats and similar articles; of cotton, knitted or crocheted",broad_prefix_expansion,yes,screening_candidate_not_shipment_evidence
Thailand,TH,Garments,2009-,2025,HS2022,162,61,611030,"611030 - Jerseys, pullovers, cardigans, waistcoats and similar articles; of man-made fibres, knitted or crocheted",broad_prefix_expansion,yes,screening_candidate_not_shipment_evidence
Thailand,TH,Garments,2009-,2025,HS2022,162,61,611090,"611090 - Jerseys, pullovers, cardigans, waistcoats and similar articles; of textile materials (other than wool or fine animal hair, cotton or man-made fibres), knitted or crocheted",broad_prefix_expansion,yes,screening_candidate_not_shipment_evidence
Thailand,TH,Garments,2009-,2025,HS2022,162,61,611120,"611120 - Garments and clothing accessories; babies', of cotton, knitted or crocheted",broad_prefix_expansion,yes,screening_candidate_not_shipment_evidence
Thailand,TH,Garments,2009-,2025,HS2022,162,61,611130,"611130 - Garments and clothing accessories; babies', of synthetic fibres, knitted or crocheted",broad_prefix_expansion,yes,screening_candidate_not_shipment_evidence
Thailand,TH,Garments,2009-,2025,HS2022,162,61,611190,"611190 - Garments and clothing accessories; babies', of textile materials (other than cotton or synthetic fibres), knitted or crocheted",broad_prefix_expansion,yes,screening_candidate_not_shipment_evidence
Thailand,TH,Garments,2009-,2025,HS2022,162,61,611211,"611211 - Track suits; of cotton, knitted or crocheted",broad_prefix_expansion,yes,screening_candidate_not_shipment_evidence
Thailand,TH,Garments,2009-,2025,HS2022,162,61,611212,"611212 - Track suits; of synthetic fibres, knitted or crocheted",broad_prefix_expansion,yes,screening_candidate_not_shipment_evidence
Thailand,TH,Garments,2009-,2025,HS2022,162,61,611219,"611219 - Track suits; of textile materials (other than cotton or synthetic fibres), knitted or crocheted",broad_prefix_expansion,yes,screening_candidate_not_shipment_evidence
Thailand,TH,Garments,2009-,2025,HS2022,162,61,611220,611220 - Ski suits; knitted or crocheted,broad_prefix_expansion,yes,screening_candidate_not_shipment_evidence
Thailand,TH,Garments,2009-,2025,HS2022,162,61,611231,"611231 - Swimwear; men's or boys', of synthetic fibres, knitted or crocheted",broad_prefix_expansion,yes,screening_candidate_not_shipment_evidence
Thailand,TH,Garments,2009-,2025,HS2022,162,61,611239,"611239 - Swimwear; men's or boys', of textile materials (other than synthetic fibres), knitted or crocheted",broad_prefix_expansion,yes,screening_candidate_not_shipment_evidence
Thailand,TH,Garments,2009-,2025,HS2022,162,61,611241,"611241 - Swimwear; women's or girls', of synthetic fibres, knitted or crocheted",broad_prefix_expansion,yes,screening_candidate_not_shipment_evidence
Thailand,TH,Garments,2009-,2025,HS2022,162,61,611249,"611249 - Swimwear; women's or girls', of textile materials (other than synthetic fibres), knitted or crocheted",broad_prefix_expansion,yes,screening_candidate_not_shipment_evidence
Thailand,TH,Garments,2009-,2025,HS2022,162,61,611300,"611300 - Garments made up of knitted or crocheted fabrics of heading no. 5903, 5906 and 5907",broad_prefix_expansion,yes,screening_candidate_not_shipment_evidence
Thailand,TH,Garments,2009-,2025,HS2022,162,61,611420,"611420 - Garments; of cotton, knitted or crocheted, n.e.c. in chapter 61",broad_prefix_expansion,yes,screening_candidate_not_shipment_evidence
Thailand,TH,Garments,2009-,2025,HS2022,162,61,611430,"611430 - Garments; of man-made fibres, knitted or crocheted, n.e.c. in chapter 61",broad_prefix_expansion,yes,screening_candidate_not_shipment_evidence
Thailand,TH,Garments,2009-,2025,HS2022,162,61,611490,"611490 - Garments; of textile materials (other than cotton or man-made fibres), knitted or crocheted, n.e.c. in chapter 61",broad_prefix_expansion,yes,screening_candidate_not_shipment_evidence
Thailand,TH,Garments,2009-,2025,HS2022,162,61,611510,"611510 - Graduated compression hosiery (for example, stockings for varicose veins), knitted or crocheted",broad_prefix_expansion,yes,screening_candidate_not_shipment_evidence
Thailand,TH,Garments,2009-,2025,HS2022,162,61,611521,"611521 - Hosiery; panty hose and tights (other than graduated compression hosiery), of synthetic fibres, measuring per single yarn less than 67 decitex, knitted or crocheted",broad_prefix_expansion,yes,screening_candidate_not_shipment_evidence
Thailand,TH,Garments,2009-,2025,HS2022,162,61,611522,"611522 - Hosiery; panty hose and tights (other than graduated compression hosiery), of synthetic fibres, measuring per single yarn 67 decitex or more, knitted or crocheted",broad_prefix_expansion,yes,screening_candidate_not_shipment_evidence
Thailand,TH,Garments,2009-,2025,HS2022,162,61,611529,"611529 - Hosiery; panty hose and tights (other than graduated compression hosiery), of textile materials (other than synthetic fibres), knitted or crocheted",broad_prefix_expansion,yes,screening_candidate_not_shipment_evidence
Thailand,TH,Garments,2009-,2025,HS2022,162,61,611530,"611530 - Hosiery; women's, full-length or knee-length (other than graduated compression hosiery), measuring per single yarn less than 67 decitex, knitted or crocheted",broad_prefix_expansion,yes,screening_candidate_not_shipment_evidence
Thailand,TH,Garments,2009-,2025,HS2022,162,61,611594,"611594 - Hosiery and footwear; without applied soles, of wool or fine animal hair, knitted or crocheted (excluding graduated compression hosiery, panty hose, tights, women's full or knee-length hosiery measuring per single yarn less than 67 decitex)",broad_prefix_expansion,yes,screening_candidate_not_shipment_evidence
Thailand,TH,Garments,2009-,2025,HS2022,162,61,611595,"611595 - Hosiery and footwear; without applied soles, of cotton, knitted or crocheted (excluding graduated compression hosiery, panty hose, tights, full or knee-length hosiery measuring per single yarn less than 67 decitex)",broad_prefix_expansion,yes,screening_candidate_not_shipment_evidence
Thailand,TH,Garments,2009-,2025,HS2022,162,61,611596,"611596 - Hosiery and footwear; without applied soles, of synthetic fibres, knitted or crocheted (excluding graduated compression hosiery, panty hose, tights, full or knee-length hosiery measuring per single yarn less than 67 decitex)",broad_prefix_expansion,yes,screening_candidate_not_shipment_evidence
Thailand,TH,Garments,2009-,2025,HS2022,162,61,611599,"611599 - Hosiery and footwear; without applied soles, of textile materials n.e.c. in item no. 6115.9, knitted or crocheted (excluding graduated compression hosiery, panty hose, tights, full or knee-length hosiery measuring per single yarn less than 67 decitex)",broad_prefix_expansion,yes,screening_candidate_not_shipment_evidence
Thailand,TH,Garments,2009-,2025,HS2022,162,61,611610,"611610 - Gloves, mittens and mitts; knitted or crocheted, impregnated, coated, covered or laminated with plastics or rubber",broad_prefix_expansion,yes,screening_candidate_not_shipment_evidence
Thailand,TH,Garments,2009-,2025,HS2022,162,61,611691,"611691 - Gloves, mittens and mitts; of wool or fine animal hair, knitted or crocheted, (other than impregnated, coated, covered or laminated with plastics or rubber)",broad_prefix_expansion,yes,screening_candidate_not_shipment_evidence
Thailand,TH,Garments,2009-,2025,HS2022,162,61,611692,"611692 - Gloves, mittens and mitts; of cotton, knitted or crocheted, (other than impregnated, coated, covered or laminated with plastics or rubber)",broad_prefix_expansion,yes,screening_candidate_not_shipment_evidence
Thailand,TH,Garments,2009-,2025,HS2022,162,61,611693,"611693 - Gloves, mittens and mitts; of synthetic fibres, knitted or crocheted, (other than impregnated, coated, covered or laminated with plastics or rubber)",broad_prefix_expansion,yes,screening_candidate_not_shipment_evidence
Thailand,TH,Garments,2009-,2025,HS2022,162,61,611699,"611699 - Gloves, mittens and mitts; of textile materials (other than wool or fine animal hair, cotton or synthetic fibres), knitted or crocheted, (other than impregnated, coated, covered or laminated with plastics or rubber)",broad_prefix_expansion,yes,screening_candidate_not_shipment_evidence
Thailand,TH,Garments,2009-,2025,HS2022,162,61,611710,"611710 - Shawls, scarves, mufflers, mantillas, veils and the like; knitted or crocheted",broad_prefix_expansion,yes,screening_candidate_not_shipment_evidence
Thailand,TH,Garments,2009-,2025,HS2022,162,61,611780,"611780 - Clothing accessories; knitted or crocheted, n.e.c. in heading no. 6117",broad_prefix_expansion,yes,screening_candidate_not_shipment_evidence
Thailand,TH,Garments,2009-,2025,HS2022,162,61,611790,"611790 - Clothing; parts, knitted or crocheted",broad_prefix_expansion,yes,screening_candidate_not_shipment_evidence
Thailand,TH,Garments,2009-,2025,HS2022,163,62,620120,"620120 - Coats; men's or boys', overcoats, raincoats, car-coats, capes, cloaks, anoraks (including ski-jackets) and similar articles, of wool or fine animal hair, other than those of heading no. 6203 (not knitted or crocheted)",broad_prefix_expansion,yes,screening_candidate_not_shipment_evidence
Thailand,TH,Garments,2009-,2025,HS2022,163,62,620130,"620130 - Coats; men's or boys', overcoats, raincoats, car-coats, capes, cloaks, anoraks (including ski-jackets) and similar articles, of cotton, other than those of heading no. 6203 (not knitted or crocheted)",broad_prefix_expansion,yes,screening_candidate_not_shipment_evidence
Thailand,TH,Garments,2009-,2025,HS2022,163,62,620140,"620140 - Coats; men's or boys', overcoats, raincoats, car-coats, capes, cloaks, anoraks (including ski-jackets) and similar articles, of man-made fibres, other than those of heading no. 6203 (not knitted or crocheted)",broad_prefix_expansion,yes,screening_candidate_not_shipment_evidence
Thailand,TH,Garments,2009-,2025,HS2022,163,62,620190,"620190 - Coats; men's or boys', overcoats, rain-coats, car-coats, capes, cloaks and similar, of textile materials (other than wool, fine animal hair, cotton or man-made fibres), other than those of heading no. 6203 (not knitted or crocheted)",broad_prefix_expansion,yes,screening_candidate_not_shipment_evidence
Thailand,TH,Garments,2009-,2025,HS2022,163,62,620220,"620220 - Coats; women's or girls', overcoats, raincoats, car-coats, capes, cloaks anoraks (including ski-jackets) and similar articles, of wool or fine animal hair, other than those of heading no. 6204 (not knitted or crocheted)",broad_prefix_expansion,yes,screening_candidate_not_shipment_evidence
Thailand,TH,Garments,2009-,2025,HS2022,163,62,620230,"620230 - Coats; women's or girls', overcoats, raincoats, car-coats, capes, cloaks anoraks (including ski-jackets) and similar articles, of cotton, other than those of heading no. 6204 (not knitted or crocheted)",broad_prefix_expansion,yes,screening_candidate_not_shipment_evidence
Thailand,TH,Garments,2009-,2025,HS2022,163,62,620240,"620240 - Coats; women's or girls', overcoats, raincoats, car-coats, capes, cloaks anoraks (including ski-jackets) and similar articles, of man-made fibres, other than those of heading no. 6204 (not knitted or crocheted)",broad_prefix_expansion,yes,screening_candidate_not_shipment_evidence
Thailand,TH,Garments,2009-,2025,HS2022,163,62,620290,"620290 - Coats; women's or girls', overcoats, raincoats, car-coats, capes, cloaks and similar articles, of textile materials (other than wool, fine animal hair, cotton or man-made fibres), other than those of heading no. 6204 (not knitted or crocheted)",broad_prefix_expansion,yes,screening_candidate_not_shipment_evidence
Thailand,TH,Garments,2009-,2025,HS2022,163,62,620311,"620311 - Suits; men's or boys', of wool or fine animal hair (not knitted or crocheted)",broad_prefix_expansion,yes,screening_candidate_not_shipment_evidence
Thailand,TH,Garments,2009-,2025,HS2022,163,62,620312,"620312 - Suits; men's or boys', of synthetic fibres (not knitted or crocheted)",broad_prefix_expansion,yes,screening_candidate_not_shipment_evidence
Thailand,TH,Garments,2009-,2025,HS2022,163,62,620319,"620319 - Suits; men's or boys', of textile materials n.e.c. in item no. 6203.1 (not knitted or crocheted)",broad_prefix_expansion,yes,screening_candidate_not_shipment_evidence
Thailand,TH,Garments,2009-,2025,HS2022,163,62,620322,"620322 - Ensembles; men's or boys', of cotton (not knitted or crocheted)",broad_prefix_expansion,yes,screening_candidate_not_shipment_evidence
Thailand,TH,Garments,2009-,2025,HS2022,163,62,620323,"620323 - Ensembles; men's or boys', of synthetic fibres (not knitted or crocheted)",broad_prefix_expansion,yes,screening_candidate_not_shipment_evidence
Thailand,TH,Garments,2009-,2025,HS2022,163,62,620329,"620329 - Ensembles; men's or boys', of textile materials n.e.c. in item no. 6203.2 (not knitted or crocheted)",broad_prefix_expansion,yes,screening_candidate_not_shipment_evidence
Thailand,TH,Garments,2009-,2025,HS2022,163,62,620331,"620331 - Jackets and blazers; men's or boys', of wool or fine animal hair (not knitted or crocheted)",broad_prefix_expansion,yes,screening_candidate_not_shipment_evidence
Thailand,TH,Garments,2009-,2025,HS2022,163,62,620332,"620332 - Jackets and blazers; men's or boys', of cotton (not knitted or crocheted)",broad_prefix_expansion,yes,screening_candidate_not_shipment_evidence
Thailand,TH,Garments,2009-,2025,HS2022,163,62,620333,"620333 - Jackets and blazers; men's or boys', of synthetic fibres (not knitted or crocheted)",broad_prefix_expansion,yes,screening_candidate_not_shipment_evidence
Thailand,TH,Garments,2009-,2025,HS2022,163,62,620339,"620339 - Jackets and blazers; men's or boys', of textile materials n.e.c. in item no. 6203.3 (not knitted or crocheted)",broad_prefix_expansion,yes,screening_candidate_not_shipment_evidence
Thailand,TH,Garments,2009-,2025,HS2022,163,62,620341,"620341 - Trousers, bib and brace overalls, breeches and shorts; men's or boys', of wool or fine animal hair (not knitted or crocheted)",broad_prefix_expansion,yes,screening_candidate_not_shipment_evidence
Thailand,TH,Garments,2009-,2025,HS2022,163,62,620342,"620342 - Trousers, bib and brace overalls, breeches and shorts; men's or boys', of cotton (not knitted or crocheted)",broad_prefix_expansion,yes,screening_candidate_not_shipment_evidence
Thailand,TH,Garments,2009-,2025,HS2022,163,62,620343,"620343 - Trousers, bib and brace overalls, breeches and shorts; men's or boys', of synthetic fibres (not knitted or crocheted)",broad_prefix_expansion,yes,screening_candidate_not_shipment_evidence
Thailand,TH,Garments,2009-,2025,HS2022,163,62,620349,"620349 - Trousers, bib and brace overalls, breeches and shorts; men's or boys', of textile materials (other than wool, fine animal hair, cotton or synthetic fibres), (not knitted or crocheted)",broad_prefix_expansion,yes,screening_candidate_not_shipment_evidence
Thailand,TH,Garments,2009-,2025,HS2022,163,62,620411,"620411 - Suits; women's or girls', of wool or fine animal hair (not knitted or crocheted)",broad_prefix_expansion,yes,screening_candidate_not_shipment_evidence
Thailand,TH,Garments,2009-,2025,HS2022,163,62,620412,"620412 - Suits; women's or girls', of cotton (not knitted or crocheted)",broad_prefix_expansion,yes,screening_candidate_not_shipment_evidence
Thailand,TH,Garments,2009-,2025,HS2022,163,62,620413,"620413 - Suits; women's or girls', of synthetic fibres (not knitted or crocheted)",broad_prefix_expansion,yes,screening_candidate_not_shipment_evidence
Thailand,TH,Garments,2009-,2025,HS2022,163,62,620419,"620419 - Suits; women's or girls', of textile materials n.e.c. in item no. 6204.1 (not knitted or crocheted)",broad_prefix_expansion,yes,screening_candidate_not_shipment_evidence
Thailand,TH,Garments,2009-,2025,HS2022,163,62,620421,"620421 - Ensembles; women's or girls', of wool or fine animal hair (not knitted or crocheted)",broad_prefix_expansion,yes,screening_candidate_not_shipment_evidence
Thailand,TH,Garments,2009-,2025,HS2022,163,62,620422,"620422 - Ensembles; women's or girls', of cotton (not knitted or crocheted)",broad_prefix_expansion,yes,screening_candidate_not_shipment_evidence
Thailand,TH,Garments,2009-,2025,HS2022,163,62,620423,"620423 - Ensembles; women's or girls', of synthetic fibres (not knitted or crocheted)",broad_prefix_expansion,yes,screening_candidate_not_shipment_evidence
Thailand,TH,Garments,2009-,2025,HS2022,163,62,620429,"620429 - Ensembles; women's or girls', of textile materials n.e.c. in item no. 6204.2 (not knitted or crocheted)",broad_prefix_expansion,yes,screening_candidate_not_shipment_evidence
Thailand,TH,Garments,2009-,2025,HS2022,163,62,620431,"620431 - Jackets and blazers; women's or girls', of wool or fine animal hair (not knitted or crocheted)",broad_prefix_expansion,yes,screening_candidate_not_shipment_evidence
Thailand,TH,Garments,2009-,2025,HS2022,163,62,620432,"620432 - Jackets and blazers; women's or girls', of cotton (not knitted or crocheted)",broad_prefix_expansion,yes,screening_candidate_not_shipment_evidence
Thailand,TH,Garments,2009-,2025,HS2022,163,62,620433,"620433 - Jackets and blazers; women's or girls', of synthetic fibres (not knitted or crocheted)",broad_prefix_expansion,yes,screening_candidate_not_shipment_evidence
Thailand,TH,Garments,2009-,2025,HS2022,163,62,620439,"620439 - Jackets and blazers; women's or girls', of textile materials n.e.c. in item no. 6204.3 (not knitted or crocheted)",broad_prefix_expansion,yes,screening_candidate_not_shipment_evidence
Thailand,TH,Garments,2009-,2025,HS2022,163,62,620441,"620441 - Dresses; women's or girls', of wool or fine animal hair (not knitted or crocheted)",broad_prefix_expansion,yes,screening_candidate_not_shipment_evidence
Thailand,TH,Garments,2009-,2025,HS2022,163,62,620442,"620442 - Dresses; women's or girls', of cotton (not knitted or crocheted)",broad_prefix_expansion,yes,screening_candidate_not_shipment_evidence
Thailand,TH,Garments,2009-,2025,HS2022,163,62,620443,"620443 - Dresses; women's or girls', of synthetic fibres (not knitted or crocheted)",broad_prefix_expansion,yes,screening_candidate_not_shipment_evidence
Thailand,TH,Garments,2009-,2025,HS2022,163,62,620444,"620444 - Dresses; women's or girls', of artificial fibres (not knitted or crocheted)",broad_prefix_expansion,yes,screening_candidate_not_shipment_evidence
Thailand,TH,Garments,2009-,2025,HS2022,163,62,620449,"620449 - Dresses; women's or girls', of textile materials n.e.c. in item no. 6204.4 (not knitted or crocheted)",broad_prefix_expansion,yes,screening_candidate_not_shipment_evidence
Thailand,TH,Garments,2009-,2025,HS2022,163,62,620451,"620451 - Skirts and divided skirts; women's or girls', of wool or fine animal hair (not knitted or crocheted)",broad_prefix_expansion,yes,screening_candidate_not_shipment_evidence
Thailand,TH,Garments,2009-,2025,HS2022,163,62,620452,"620452 - Skirts and divided skirts; women's or girls', of cotton (not knitted or crocheted)",broad_prefix_expansion,yes,screening_candidate_not_shipment_evidence
Thailand,TH,Garments,2009-,2025,HS2022,163,62,620453,"620453 - Skirts and divided skirts; women's or girls', of synthetic fibres (not knitted or crocheted)",broad_prefix_expansion,yes,screening_candidate_not_shipment_evidence
Thailand,TH,Garments,2009-,2025,HS2022,163,62,620459,"620459 - Skirts and divided skirts; women's or girls', of textile materials n.e.c. in item no. 6204.5 (not knitted or crocheted)",broad_prefix_expansion,yes,screening_candidate_not_shipment_evidence
Thailand,TH,Garments,2009-,2025,HS2022,163,62,620461,"620461 - Trousers, bib and brace overalls, breeches and shorts; women's or girls', of wool or fine animal hair (not knitted or crocheted)",broad_prefix_expansion,yes,screening_candidate_not_shipment_evidence
Thailand,TH,Garments,2009-,2025,HS2022,163,62,620462,"620462 - Trousers, bib and brace overalls, breeches and shorts; women's or girls', of cotton (not knitted or crocheted)",broad_prefix_expansion,yes,screening_candidate_not_shipment_evidence
Thailand,TH,Garments,2009-,2025,HS2022,163,62,620463,"620463 - Trousers, bib and brace overalls, breeches and shorts; women's or girls', of synthetic fibres (not knitted or crocheted)",broad_prefix_expansion,yes,screening_candidate_not_shipment_evidence
Thailand,TH,Garments,2009-,2025,HS2022,163,62,620469,"620469 - Trousers, bib and brace overalls, breeches and shorts; women's or girls', of textile materials (other than wool, fine animal hair, cotton or synthetic fibres), (not knitted or crocheted)",broad_prefix_expansion,yes,screening_candidate_not_shipment_evidence
Thailand,TH,Garments,2009-,2025,HS2022,163,62,620520,"620520 - Shirts; men's or boys', of cotton (not knitted or crocheted)",broad_prefix_expansion,yes,screening_candidate_not_shipment_evidence
Thailand,TH,Garments,2009-,2025,HS2022,163,62,620530,"620530 - Shirts; men's or boys', of man-made fibres (not knitted or crocheted)",broad_prefix_expansion,yes,screening_candidate_not_shipment_evidence
Thailand,TH,Garments,2009-,2025,HS2022,163,62,620590,"620590 - Shirts; men's or boys', of textile materials n.e.c. in heading no. 6205 (not knitted or crocheted)",broad_prefix_expansion,yes,screening_candidate_not_shipment_evidence
Thailand,TH,Garments,2009-,2025,HS2022,163,62,620610,"620610 - Blouses, shirts and shirt-blouses; women's or girls', of silk or silk waste (not knitted or crocheted)",broad_prefix_expansion,yes,screening_candidate_not_shipment_evidence
Thailand,TH,Garments,2009-,2025,HS2022,163,62,620620,"620620 - Blouses, shirts and shirt-blouses; women's or girls', of wool or fine animal hair (not knitted or crocheted)",broad_prefix_expansion,yes,screening_candidate_not_shipment_evidence
Thailand,TH,Garments,2009-,2025,HS2022,163,62,620630,"620630 - Blouses, shirts and shirt-blouses; women's or girls', of cotton (not knitted or crocheted)",broad_prefix_expansion,yes,screening_candidate_not_shipment_evidence
Thailand,TH,Garments,2009-,2025,HS2022,163,62,620640,"620640 - Blouses, shirts and shirt-blouses; women's or girls', of man-made fibres (not knitted or crocheted)",broad_prefix_expansion,yes,screening_candidate_not_shipment_evidence
Thailand,TH,Garments,2009-,2025,HS2022,163,62,620690,"620690 - Blouses, shirts and shirt-blouses; women's or girls', of textile materials n.e.c. in heading no. 6206 (not knitted or crocheted)",broad_prefix_expansion,yes,screening_candidate_not_shipment_evidence
Thailand,TH,Garments,2009-,2025,HS2022,163,62,620711,"620711 - Underpants and briefs; men's or boys', of cotton (not knitted or crocheted)",broad_prefix_expansion,yes,screening_candidate_not_shipment_evidence
Thailand,TH,Garments,2009-,2025,HS2022,163,62,620719,"620719 - Underpants and briefs; men's or boys', of textile materials other than cotton (not knitted or crocheted)",broad_prefix_expansion,yes,screening_candidate_not_shipment_evidence
Thailand,TH,Garments,2009-,2025,HS2022,163,62,620721,"620721 - Nightshirts and pyjamas; men's or boys', of cotton (not knitted or crocheted)",broad_prefix_expansion,yes,screening_candidate_not_shipment_evidence
Thailand,TH,Garments,2009-,2025,HS2022,163,62,620722,"620722 - Nightshirts and pyjamas; men's or boys', of man-made fibres (not knitted or crocheted)",broad_prefix_expansion,yes,screening_candidate_not_shipment_evidence
Thailand,TH,Garments,2009-,2025,HS2022,163,62,620729,"620729 - Nightshirts and pyjamas; men's or boys', of textile materials other than cotton or man-made fibres (not knitted or crocheted)",broad_prefix_expansion,yes,screening_candidate_not_shipment_evidence
Thailand,TH,Garments,2009-,2025,HS2022,163,62,620791,"620791 - Singlets and other vests, bathrobes, dressing gowns and similar articles; men's or boys', of cotton (not knitted or crocheted)",broad_prefix_expansion,yes,screening_candidate_not_shipment_evidence
Thailand,TH,Garments,2009-,2025,HS2022,163,62,620799,"620799 - Singlets and other vests, bathrobes, dressing gowns and similar articles; men's or boys', of textile materials other than cotton (not knitted or crocheted)",broad_prefix_expansion,yes,screening_candidate_not_shipment_evidence
Thailand,TH,Garments,2009-,2025,HS2022,163,62,620811,"620811 - Slips and petticoats; women's or girls', of man-made fibres (not knitted or crocheted)",broad_prefix_expansion,yes,screening_candidate_not_shipment_evidence
Thailand,TH,Garments,2009-,2025,HS2022,163,62,620819,"620819 - Slips and petticoats; women's or girls', of textile materials other than man-made fibres (not knitted or crocheted)",broad_prefix_expansion,yes,screening_candidate_not_shipment_evidence
Thailand,TH,Garments,2009-,2025,HS2022,163,62,620821,"620821 - Nightdresses and pyjamas; women's or girls', of cotton (not knitted or crocheted)",broad_prefix_expansion,yes,screening_candidate_not_shipment_evidence
Thailand,TH,Garments,2009-,2025,HS2022,163,62,620822,"620822 - Nightdresses and pyjamas; women's or girls', of man-made fibres (not knitted or crocheted)",broad_prefix_expansion,yes,screening_candidate_not_shipment_evidence
Thailand,TH,Garments,2009-,2025,HS2022,163,62,620829,"620829 - Nightdresses and pyjamas; women's or girls', of textile materials other than cotton or man-made fibres (not knitted or crocheted)",broad_prefix_expansion,yes,screening_candidate_not_shipment_evidence
Thailand,TH,Garments,2009-,2025,HS2022,163,62,620891,"620891 - Singlets and other vests, briefs, panties, negligees, bathrobes, dressing gowns and similar articles; women's or girls', of cotton (not knitted or crocheted)",broad_prefix_expansion,yes,screening_candidate_not_shipment_evidence
Thailand,TH,Garments,2009-,2025,HS2022,163,62,620892,"620892 - Singlets and other vests, briefs, panties, negligees, bathrobes, dressing gowns etc.; women's or girls', of man-made fibres (not knitted or crocheted), excluding incontinence or other sanitary garments or garment liners of heading no. 96.19",broad_prefix_expansion,yes,screening_candidate_not_shipment_evidence
Thailand,TH,Garments,2009-,2025,HS2022,163,62,620899,"620899 - Singlets and other vests, briefs, panties, negligees, bathrobes, dressing gowns and similar articles; women's or girls', of textile materials other than cotton or man-made fibres (not knitted or crocheted)",broad_prefix_expansion,yes,screening_candidate_not_shipment_evidence
Thailand,TH,Garments,2009-,2025,HS2022,163,62,620920,"620920 - Garments and clothing accessories; babies', of cotton (not knitted or crocheted)",broad_prefix_expansion,yes,screening_candidate_not_shipment_evidence
Thailand,TH,Garments,2009-,2025,HS2022,163,62,620930,"620930 - Garments and clothing accessories; babies', of synthetic fibres (not knitted or crocheted)",broad_prefix_expansion,yes,screening_candidate_not_shipment_evidence
Thailand,TH,Garments,2009-,2025,HS2022,163,62,620990,"620990 - Garments and clothing accessories; babies', of textile materials other than cotton or synthetic fibres (not knitted or crocheted)",broad_prefix_expansion,yes,screening_candidate_not_shipment_evidence
Thailand,TH,Garments,2009-,2025,HS2022,163,62,621010,621010 - Garments; of felt or non-wovens (not knitted or crocheted),broad_prefix_expansion,yes,screening_candidate_not_shipment_evidence
Thailand,TH,Garments,2009-,2025,HS2022,163,62,621020,"621020 - Garments; overcoats, raincoats, car-coats, capes, cloaks, anoraks (including ski-jackets) and similar articles, men's or boys', of the fabrics of heading no. 5602, 5603, 5903, 5906 or 5907 (not knitted or crocheted)",broad_prefix_expansion,yes,screening_candidate_not_shipment_evidence
Thailand,TH,Garments,2009-,2025,HS2022,163,62,621030,"621030 - Garments; overcoats, raincoats, car-coats, capes, cloaks, anoraks (including ski-jackets) and similar articles, women's or girls', of the fabrics of heading no. 5602, 5603, 5903, 5906 or 5907 (not knitted or crocheted)",broad_prefix_expansion,yes,screening_candidate_not_shipment_evidence
Thailand,TH,Garments,2009-,2025,HS2022,163,62,621040,"621040 - Garments; men's or boys', n.e.c. in item no. 6210.2, of the fabrics of heading no. 5602, 5603, 5903, 5906 or 5907 (not knitted or crocheted)",broad_prefix_expansion,yes,screening_candidate_not_shipment_evidence
Thailand,TH,Garments,2009-,2025,HS2022,163,62,621050,"621050 - Garments; women's or girls', n.e.c. in item no. 6210.3, of the fabrics of heading no. 5602, 5603, 5903, 5906 or 5907 (not knitted or crocheted)",broad_prefix_expansion,yes,screening_candidate_not_shipment_evidence
Thailand,TH,Garments,2009-,2025,HS2022,163,62,621111,"621111 - Swimwear; men's or boys', (not knitted or crocheted)",broad_prefix_expansion,yes,screening_candidate_not_shipment_evidence
Thailand,TH,Garments,2009-,2025,HS2022,163,62,621112,"621112 - Swimwear; women's or girls', (not knitted or crocheted)",broad_prefix_expansion,yes,screening_candidate_not_shipment_evidence
Thailand,TH,Garments,2009-,2025,HS2022,163,62,621120,621120 - Ski suits; (not knitted or crocheted),broad_prefix_expansion,yes,screening_candidate_not_shipment_evidence
Thailand,TH,Garments,2009-,2025,HS2022,163,62,621132,"621132 - Track suits and other garments n.e.c.; men's or boys', of cotton (not knitted or crocheted)",broad_prefix_expansion,yes,screening_candidate_not_shipment_evidence
Thailand,TH,Garments,2009-,2025,HS2022,163,62,621133,"621133 - Track suits and other garments n.e.c.; men's or boys', of man-made fibres (not knitted or crocheted)",broad_prefix_expansion,yes,screening_candidate_not_shipment_evidence
Thailand,TH,Garments,2009-,2025,HS2022,163,62,621139,"621139 - Track suits and other garments n.e.c.; men's or boys', of textile materials n.e.c. in item no. 6211.3 (not knitted or crocheted)",broad_prefix_expansion,yes,screening_candidate_not_shipment_evidence
Thailand,TH,Garments,2009-,2025,HS2022,163,62,621142,"621142 - Track suits and other garments n.e.c.; women's or girls', of cotton (not knitted or crocheted)",broad_prefix_expansion,yes,screening_candidate_not_shipment_evidence
Thailand,TH,Garments,2009-,2025,HS2022,163,62,621143,"621143 - Track suits and other garments n.e.c.; women's or girls', of man-made fibres (not knitted or crocheted)",broad_prefix_expansion,yes,screening_candidate_not_shipment_evidence
Thailand,TH,Garments,2009-,2025,HS2022,163,62,621149,"621149 - Track suits and other garments n.e.c.; women's or girls', of textile materials n.e.c. in item no. 6211.4 (not knitted or crocheted)",broad_prefix_expansion,yes,screening_candidate_not_shipment_evidence
Thailand,TH,Garments,2009-,2025,HS2022,163,62,621210,621210 - Brassieres; whether or not knitted or crocheted,broad_prefix_expansion,yes,screening_candidate_not_shipment_evidence
Thailand,TH,Garments,2009-,2025,HS2022,163,62,621220,621220 - Girdles and panty-girdles; whether or not knitted or crocheted,broad_prefix_expansion,yes,screening_candidate_not_shipment_evidence
Thailand,TH,Garments,2009-,2025,HS2022,163,62,621230,621230 - Corselettes; whether or not knitted or crocheted,broad_prefix_expansion,yes,screening_candidate_not_shipment_evidence
Thailand,TH,Garments,2009-,2025,HS2022,163,62,621290,"621290 - Braces, suspenders, garters and similar articles; whether or not knitted or crocheted, n.e.c. in heading no. 6212",broad_prefix_expansion,yes,screening_candidate_not_shipment_evidence
Thailand,TH,Garments,2009-,2025,HS2022,163,62,621320,621320 - Handkerchiefs; of cotton (not knitted or crocheted),broad_prefix_expansion,yes,screening_candidate_not_shipment_evidence
Thailand,TH,Garments,2009-,2025,HS2022,163,62,621390,621390 - Handkerchiefs; of textile materials other than cotton (not knitted or crocheted),broad_prefix_expansion,yes,screening_candidate_not_shipment_evidence
Thailand,TH,Garments,2009-,2025,HS2022,163,62,621410,"621410 - Shawls, scarves, mufflers, mantillas, veils and the like; of silk or silk waste (not knitted or crocheted)",broad_prefix_expansion,yes,screening_candidate_not_shipment_evidence
Thailand,TH,Garments,2009-,2025,HS2022,163,62,621420,"621420 - Shawls, scarves, mufflers, mantillas, veils and the like; of wool or fine animal hair (not knitted or crocheted)",broad_prefix_expansion,yes,screening_candidate_not_shipment_evidence
Thailand,TH,Garments,2009-,2025,HS2022,163,62,621430,"621430 - Shawls, scarves, mufflers, mantillas, veils and the like; of synthetic fibres (not knitted or crocheted)",broad_prefix_expansion,yes,screening_candidate_not_shipment_evidence
Thailand,TH,Garments,2009-,2025,HS2022,163,62,621440,"621440 - Shawls, scarves, mufflers, mantillas, veils and the like; of artificial fibres (not knitted or crocheted)",broad_prefix_expansion,yes,screening_candidate_not_shipment_evidence
Thailand,TH,Garments,2009-,2025,HS2022,163,62,621490,"621490 - Shawls, scarves, mufflers, mantillas, veils and the like; of textile materials n.e.c. in heading no. 6214 (not knitted or crocheted)",broad_prefix_expansion,yes,screening_candidate_not_shipment_evidence
Thailand,TH,Garments,2009-,2025,HS2022,163,62,621510,"621510 - Ties, bow ties and cravats; of silk or silk waste (not knitted or crocheted)",broad_prefix_expansion,yes,screening_candidate_not_shipment_evidence
Thailand,TH,Garments,2009-,2025,HS2022,163,62,621520,"621520 - Ties, bow ties and cravats; of man-made fibres (not knitted or crocheted)",broad_prefix_expansion,yes,screening_candidate_not_shipment_evidence
Thailand,TH,Garments,2009-,2025,HS2022,163,62,621590,"621590 - Ties, bow ties and cravats; of textile materials other than silk or man-made fibres (not knitted or crocheted)",broad_prefix_expansion,yes,screening_candidate_not_shipment_evidence
Thailand,TH,Garments,2009-,2025,HS2022,163,62,621600,"621600 - Gloves, mittens and mitts (not knitted or crocheted)",broad_prefix_expansion,yes,screening_candidate_not_shipment_evidence
Thailand,TH,Garments,2009-,2025,HS2022,163,62,621710,621710 - Clothing accessories; other than those of heading no. 6212 (not knitted or crocheted),broad_prefix_expansion,yes,screening_candidate_not_shipment_evidence
Thailand,TH,Garments,2009-,2025,HS2022,163,62,621790,"621790 - Clothing; parts of garments or of clothing accessories, other than those of heading no. 6212 (not knitted or crocheted)",broad_prefix_expansion,yes,screening_candidate_not_shipment_evidence
Thailand,TH,Shrimp,2009-,2025,HS2022,286,0306.16,030616,"030616 - Crustaceans; frozen, cold-water shrimps and prawns (Pandalus spp., Crangon crangon), in shell or not, smoked, cooked or not before or during smoking; in shell, cooked by steaming or by boiling in water",exact_hs6,no,screening_candidate_not_shipment_evidence
Thailand,TH,Shrimp,2009-,2025,HS2022,287,0306.17,030617,"030617 - Crustaceans; frozen, shrimps and prawns, excluding cold-water varieties, in shell or not, smoked, cooked or not before or during smoking; in shell, cooked by steaming or by boiling in water",exact_hs6,no,screening_candidate_not_shipment_evidence
Thailand,TH,Shrimp,2009-,2025,HS2022,288,0306.35,030635,"030635 - Crustaceans; live, fresh or chilled, cold-water shrimps and prawns (Pandalus spp., Crangon crangon), in shell or not",exact_hs6,no,screening_candidate_not_shipment_evidence
Thailand,TH,Shrimp,2009-,2025,HS2022,289,0306.36,030636,"030636 - Crustaceans; live, fresh or chilled, shrimps and prawns excluding cold-water varieties, in shell or not",exact_hs6,no,screening_candidate_not_shipment_evidence
Thailand,TH,Shrimp,2009-,2025,HS2022,290,0306.95,030695,"030695 - Crustaceans; shrimps and prawns, smoked, cooked or not, whether in shell or not, whether or not cooked before or during smoking",exact_hs6,no,screening_candidate_not_shipment_evidence
Tajikistan,TJ,Cotton,2009-,2025,HS2022,111,5201,520100,520100 - Cotton; not carded or combed,broad_prefix_expansion,yes,screening_candidate_not_shipment_evidence
Turkmenistan ,TM,Cotton,2009-,2025,HS2022,111,5201,520100,520100 - Cotton; not carded or combed,broad_prefix_expansion,yes,screening_candidate_not_shipment_evidence
Taiwan,TW,Fish,2020-,2025,HS2022,143,0301,030111,"030111 - Fish; live, ornamental, freshwater",broad_prefix_expansion,yes,screening_candidate_not_shipment_evidence
Taiwan,TW,Fish,2020-,2025,HS2022,143,0301,030119,"030119 - Fish; live, ornamental, other than freshwater",broad_prefix_expansion,yes,screening_candidate_not_shipment_evidence
Taiwan,TW,Fish,2020-,2025,HS2022,143,0301,030191,"030191 - Fish; live, trout (Salmo trutta, Oncorhynchus mykiss, Oncorhynchus clarki, Oncorhynchus aguabonita, Oncorhynchus gilae, Oncorhynchus apache and Oncorhynchus chrysogaster)",broad_prefix_expansion,yes,screening_candidate_not_shipment_evidence
Taiwan,TW,Fish,2020-,2025,HS2022,143,0301,030192,"030192 - Fish; live, eels (Anguilla spp.)",broad_prefix_expansion,yes,screening_candidate_not_shipment_evidence
Taiwan,TW,Fish,2020-,2025,HS2022,143,0301,030193,"030193 - Fish; live, carp (Cyprinus spp., Carassius spp., Ctenopharyngodon idellus, Hypophthalmichthys spp., Cirrhinus spp., Mylopharyngodon piceus, Catla catla, Labeo spp., Osteochilus hasselti, Leptobarbus hoeveni, Megalobrama spp.)",broad_prefix_expansion,yes,screening_candidate_not_shipment_evidence
Taiwan,TW,Fish,2020-,2025,HS2022,143,0301,030194,"030194 - Fish; live, Atlantic and Pacific bluefin tunas (Thunnus thynnus, Thunnus orientalis)",broad_prefix_expansion,yes,screening_candidate_not_shipment_evidence
Taiwan,TW,Fish,2020-,2025,HS2022,143,0301,030195,"030195 - Fish; live, southern bluefin tunas (Thunnus maccoyii)",broad_prefix_expansion,yes,screening_candidate_not_shipment_evidence
Taiwan,TW,Fish,2020-,2025,HS2022,143,0301,030199,"030199 - Fish; live, n.e.c. in heading 0301",broad_prefix_expansion,yes,screening_candidate_not_shipment_evidence
Taiwan,TW,Fish,2020-,2025,HS2022,144,0302,030211,"030211 - Fish; fresh or chilled, trout (Salmo trutta, Oncorhynchus mykiss, Oncorhynchus clarki, Oncorhynchus aguabonita, Oncorhynchus gilae, Oncorhynchus apache and Oncorhynchus chrysogaster), excluding fillets, fish meat of 0304, and edible fish offal of 0302.9",broad_prefix_expansion,yes,screening_candidate_not_shipment_evidence
Taiwan,TW,Fish,2020-,2025,HS2022,144,0302,030213,"030213 - Fish; fresh or chilled, Pacific salmon (Oncorhynchus nerka, Oncorhynchus gorbuscha, Oncorhynchus keta, Oncorhynchus tschawytscha, Oncorhynchus kisutch, Oncorhynchus masou, Oncorhynchus rhodurus), not fillets, meat of 0304, and edible fish offal of 0302.9",broad_prefix_expansion,yes,screening_candidate_not_shipment_evidence
Taiwan,TW,Fish,2020-,2025,HS2022,144,0302,030214,"030214 - Fish; fresh or chilled, Atlantic salmon (Salmo salar) and Danube salmon (Hucho hucho), excluding fillets, fish meat of 0304, and edible fish offal of subheadings 0302.91 to 0302.99",broad_prefix_expansion,yes,screening_candidate_not_shipment_evidence
Taiwan,TW,Fish,2020-,2025,HS2022,144,0302,030219,"030219 - Fish; fresh or chilled, salmonidae, n.e.c. in item no. 0302.1, excluding fillets, fish meat of 0304, and edible fish offal of subheadings 0302.91 to 0302.99",broad_prefix_expansion,yes,screening_candidate_not_shipment_evidence
Taiwan,TW,Fish,2020-,2025,HS2022,144,0302,030221,"030221 - Fish; fresh or chilled, halibut (Reinhardtius hippoglossoides, Hippoglossus hippoglossus, Hippoglossus stenolepis), excluding fillets, fish meat of 0304, and edible fish offal of subheadings 0302.91 to 0302.99",broad_prefix_expansion,yes,screening_candidate_not_shipment_evidence
Taiwan,TW,Fish,2020-,2025,HS2022,144,0302,030222,"030222 - Fish; fresh or chilled, plaice (Pleuronectes platessa), excluding fillets, fish meat of 0304, and edible fish offal of subheadings 0302.91 to 0302.99",broad_prefix_expansion,yes,screening_candidate_not_shipment_evidence
Taiwan,TW,Fish,2020-,2025,HS2022,144,0302,030223,"030223 - Fish; fresh or chilled, sole (Solea spp.), excluding fillets, fish meat of 0304, and edible fish offal of subheadings 0302.91 to 0302.99",broad_prefix_expansion,yes,screening_candidate_not_shipment_evidence
Taiwan,TW,Fish,2020-,2025,HS2022,144,0302,030224,"030224 - Fish; fresh or chilled, turbots (Psetta maxima, Scophthalmidae), excluding fillets, fish meat of 0304, and edible fish offal of subheadings 0302.91 to 0302.99",broad_prefix_expansion,yes,screening_candidate_not_shipment_evidence
Taiwan,TW,Fish,2020-,2025,HS2022,144,0302,030229,"030229 - Fish; fresh or chilled, flat fish, n.e.c. in item no. 0302.2, excluding fillets, fish meat of 0304, and edible fish offal of subheadings 0302.91 to 0302.99",broad_prefix_expansion,yes,screening_candidate_not_shipment_evidence
Taiwan,TW,Fish,2020-,2025,HS2022,144,0302,030231,"030231 - Fish; fresh or chilled, albacore or longfinned tunas (Thunnus alalunga), excluding fillets, fish meat of 0304, and edible fish offal of subheadings 0302.91 to 0302.99",broad_prefix_expansion,yes,screening_candidate_not_shipment_evidence
Taiwan,TW,Fish,2020-,2025,HS2022,144,0302,030232,"030232 - Fish; fresh or chilled, yellowfin tunas (Thunnus albacares), excluding fillets, fish meat of 0304, and edible fish offal of subheadings 0302.91 to 0302.99",broad_prefix_expansion,yes,screening_candidate_not_shipment_evidence
Taiwan,TW,Fish,2020-,2025,HS2022,144,0302,030233,"030233 - Fish; fresh or chilled, skipjack tuna (stripe-bellied bonito) (Katsuwonus pelamis), excluding fillets, fish meat of 0304, and edible fish offal of subheadings 0302.91 to 0302.99",broad_prefix_expansion,yes,screening_candidate_not_shipment_evidence
Taiwan,TW,Fish,2020-,2025,HS2022,144,0302,030234,"030234 - Fish; fresh or chilled, bigeye tunas (Thunnus obesus), excluding fillets, fish meat of 0304, and edible fish offal of subheadings 0302.91 to 0302.99",broad_prefix_expansion,yes,screening_candidate_not_shipment_evidence
Taiwan,TW,Fish,2020-,2025,HS2022,144,0302,030235,"030235 - Fish; fresh or chilled, Atlantic and Pacific bluefin tunas (Thunnus thynnus, Thunnus orientalis), excluding fillets, fish meat of 0304, and edible fish offal of subheadings 0302.91 to 0302.99",broad_prefix_expansion,yes,screening_candidate_not_shipment_evidence
Taiwan,TW,Fish,2020-,2025,HS2022,144,0302,030236,"030236 - Fish; fresh or chilled, southern bluefin tunas (Thunnus maccoyii), excluding fillets, fish meat of 0304, and edible fish offal of subheadings 0302.91 to 0302.99",broad_prefix_expansion,yes,screening_candidate_not_shipment_evidence
Taiwan,TW,Fish,2020-,2025,HS2022,144,0302,030239,"030239 - Fish; fresh or chilled, tuna, n.e.c. in item no. 0302.3, excluding fillets, fish meat of 0304, and edible fish offal of subheadings 0302.91 to 0302.99",broad_prefix_expansion,yes,screening_candidate_not_shipment_evidence
Taiwan,TW,Fish,2020-,2025,HS2022,144,0302,030241,"030241 - Fish; fresh or chilled, herrings (Clupea harengus, Clupea pallasii), excluding fillets, fish meat of 0304, and edible fish offal of subheadings 0302.91 to 0302.99",broad_prefix_expansion,yes,screening_candidate_not_shipment_evidence
Taiwan,TW,Fish,2020-,2025,HS2022,144,0302,030242,"030242 - Fish; fresh or chilled, anchovies (Engraulis spp.), excluding fillets, fish meat of 0304, and edible fish offal of subheadings 0302.91 to 0302.99",broad_prefix_expansion,yes,screening_candidate_not_shipment_evidence
Taiwan,TW,Fish,2020-,2025,HS2022,144,0302,030243,"030243 - Fish; fresh or chilled, sardines (Sardina pilchardus, Sardinops spp.), sardinella (Sardinella spp.), brisling or sprats (Sprattus sprattus), excluding fillets, fish meat of 0304, and edible fish offal of subheadings 0302.91 to 0302.99",broad_prefix_expansion,yes,screening_candidate_not_shipment_evidence
Taiwan,TW,Fish,2020-,2025,HS2022,144,0302,030244,"030244 - Fish; fresh or chilled, mackerel (Scomber scombrus, Scomber australasicus, Scomber japonicus), excluding fillets, fish meat of 0304, and edible fish offal of subheadings 0302.91 to 0302.99",broad_prefix_expansion,yes,screening_candidate_not_shipment_evidence
Taiwan,TW,Fish,2020-,2025,HS2022,144,0302,030245,"030245 - Fish; fresh or chilled, jack and horse mackerel (Trachurus spp.), excluding fillets, fish meat of 0304, and edible fish offal of subheadings 0302.91 to 0302.99",broad_prefix_expansion,yes,screening_candidate_not_shipment_evidence
Taiwan,TW,Fish,2020-,2025,HS2022,144,0302,030246,"030246 - Fish; fresh or chilled, cobia (Rachycentron canadum), excluding fillets, fish meat of 0304, and edible fish offal of subheadings 0302.91 to 0302.99",broad_prefix_expansion,yes,screening_candidate_not_shipment_evidence
Taiwan,TW,Fish,2020-,2025,HS2022,144,0302,030247,"030247 - Fish; fresh or chilled, swordfish (Xiphias gladius), excluding fillets, fish meat of 0304, and edible fish offal of subheadings 0302.91 to 0302.99",broad_prefix_expansion,yes,screening_candidate_not_shipment_evidence
Taiwan,TW,Fish,2020-,2025,HS2022,144,0302,030249,"030249 - Fish; fresh or chilled, n.e.c. in item no. 0302.4, excluding fillets, fish meat of 0304, and edible fish offal of subheadings 0302.91 to 0302.99",broad_prefix_expansion,yes,screening_candidate_not_shipment_evidence
Taiwan,TW,Fish,2020-,2025,HS2022,144,0302,030251,"030251 - Fish; fresh or chilled, cod (Gadus morhua, Gadus ogac, Gadus macrocephalus), excluding fillets, fish meat of 0304, and edible fish offal of subheadings 0302.91 to 0302.99",broad_prefix_expansion,yes,screening_candidate_not_shipment_evidence
Taiwan,TW,Fish,2020-,2025,HS2022,144,0302,030252,"030252 - Fish; fresh or chilled, haddock (Melanogrammus aeglefinus), excluding fillets, fish meat of 0304, and edible fish offal of subheadings 0302.91 to 0302.99",broad_prefix_expansion,yes,screening_candidate_not_shipment_evidence
Taiwan,TW,Fish,2020-,2025,HS2022,144,0302,030253,"030253 - Fish; fresh or chilled, coalfish (Pollachius virens), excluding fillets, fish meat of 0304, and edible fish offal of subheadings 0302.91 to 0302.99",broad_prefix_expansion,yes,screening_candidate_not_shipment_evidence
Taiwan,TW,Fish,2020-,2025,HS2022,144,0302,030254,"030254 - Fish; fresh or chilled, hake (Merluccius spp., Urophycis spp.), excluding fillets, fish meat of 0304, and edible fish offal of subheadings 0302.91 to 0302.99",broad_prefix_expansion,yes,screening_candidate_not_shipment_evidence
Taiwan,TW,Fish,2020-,2025,HS2022,144,0302,030255,"030255 - Fish; fresh or chilled, Alaska pollock (Theragra chalcogramma), excluding fillets, fish meat of 0304, and edible fish offal of subheadings 0302.91 to 0302.99",broad_prefix_expansion,yes,screening_candidate_not_shipment_evidence
Taiwan,TW,Fish,2020-,2025,HS2022,144,0302,030256,"030256 - Fish; fresh or chilled, blue whitings (Micromesistius poutassou, Micromesistius australis),excluding fillets, fish meat of 0304, and edible fish offal of subheadings 0302.91 to 0302.99",broad_prefix_expansion,yes,screening_candidate_not_shipment_evidence
Taiwan,TW,Fish,2020-,2025,HS2022,144,0302,030259,"030259 - Fish; fresh or chilled, n.e.c. in item no. 0302.5, excluding fillets, fish meat of 0304, and edible fish offal of subheadings 0302.91 to 0302.99",broad_prefix_expansion,yes,screening_candidate_not_shipment_evidence
Taiwan,TW,Fish,2020-,2025,HS2022,144,0302,030271,"030271 - Fish; fresh or chilled, tilapias (Oreochromis spp.), excluding fillets, fish meat of 0304, and edible fish offal of subheadings 0302.91 to 0302.99",broad_prefix_expansion,yes,screening_candidate_not_shipment_evidence
Taiwan,TW,Fish,2020-,2025,HS2022,144,0302,030272,"030272 - Fish; fresh or chilled, catfish (Pangasius spp., Silurus spp., Clarias spp., Ictalurus spp.), excluding fillets, fish meat of 0304, and edible fish offal of subheadings 0302.91 to 0302.99",broad_prefix_expansion,yes,screening_candidate_not_shipment_evidence
Taiwan,TW,Fish,2020-,2025,HS2022,144,0302,030273,"030273 - Fish; fresh or chilled, Carp (as specified by the WCO.), excluding fillets, fish meat of 0304, and edible fish offal of subheadings 0302.91 to 0302.99",broad_prefix_expansion,yes,screening_candidate_not_shipment_evidence
Taiwan,TW,Fish,2020-,2025,HS2022,144,0302,030274,"030274 - Fish; fresh or chilled, eels (Anguilla spp.), excluding fillets, fish meat of 0304, and edible fish offal of subheadings 0302.91 to 0302.99",broad_prefix_expansion,yes,screening_candidate_not_shipment_evidence
Taiwan,TW,Fish,2020-,2025,HS2022,144,0302,030279,"030279 - Fish; fresh or chilled, Nile perch (Lates niloticus) and snakeheads (Channa spp.), excluding fillets, fish meat of 0304, and edible fish offal of subheadings 0302.91 to 0302.99",broad_prefix_expansion,yes,screening_candidate_not_shipment_evidence
Taiwan,TW,Fish,2020-,2025,HS2022,144,0302,030281,"030281 - Fish; fresh or chilled, dogfish and other sharks, excluding fillets, fish meat of 0304, and edible fish offal of subheadings 0302.91 to 0302.99",broad_prefix_expansion,yes,screening_candidate_not_shipment_evidence
Taiwan,TW,Fish,2020-,2025,HS2022,144,0302,030282,"030282 - Fish; fresh or chilled, rays and skates (Rajidae), excluding fillets, fish meat of 0304, and edible fish offal of subheadings 0302.91 to 0302.99",broad_prefix_expansion,yes,screening_candidate_not_shipment_evidence
Taiwan,TW,Fish,2020-,2025,HS2022,144,0302,030283,"030283 - Fish; fresh or chilled, toothfish (Dissostichus spp.), excluding fillets, fish meat of 0304, and edible fish offal of subheadings 0302.91 to 0302.99",broad_prefix_expansion,yes,screening_candidate_not_shipment_evidence
Taiwan,TW,Fish,2020-,2025,HS2022,144,0302,030284,"030284 - Fish; fresh or chilled, seabass (Dicentrarchus spp.), excluding fillets, fish meat of 0304, and edible fish offal of subheadings 0302.91 to 0302.99",broad_prefix_expansion,yes,screening_candidate_not_shipment_evidence
Taiwan,TW,Fish,2020-,2025,HS2022,144,0302,030285,"030285 - Fish; fresh or chilled, seabream (Sparidae), excluding fillets, fish meat of 0304, and edible fish offal of subheadings 0302.91 to 0302.99",broad_prefix_expansion,yes,screening_candidate_not_shipment_evidence
Taiwan,TW,Fish,2020-,2025,HS2022,144,0302,030289,"030289 - Fish; fresh or chilled, n.e.c. in heading 0302, excluding fillets, fish meat of 0304, and edible fish offal of subheadings 0302.91 to 0302.99",broad_prefix_expansion,yes,screening_candidate_not_shipment_evidence
Taiwan,TW,Fish,2020-,2025,HS2022,144,0302,030291,"030291 - Fish; fresh or chilled, livers, roes and milt",broad_prefix_expansion,yes,screening_candidate_not_shipment_evidence
Taiwan,TW,Fish,2020-,2025,HS2022,144,0302,030292,"030292 - Fish; fresh or chilled, shark fins",broad_prefix_expansion,yes,screening_candidate_not_shipment_evidence
Taiwan,TW,Fish,2020-,2025,HS2022,144,0302,030299,"030299 - Fish; fresh or chilled, fish fins (other than shark fins), heads, tails, maws and other edible fish offal",broad_prefix_expansion,yes,screening_candidate_not_shipment_evidence
Taiwan,TW,Fish,2020-,2025,HS2022,145,0303,030311,"030311 - Fish; frozen, Pacific salmon, sockeye salmon (red salmon) (Oncorhynchus nerka), excluding fillets, fish meat of 0304, and edible fish offal of subheadings 0303.91 to 0303.99",broad_prefix_expansion,yes,screening_candidate_not_shipment_evidence
Taiwan,TW,Fish,2020-,2025,HS2022,145,0303,030312,"030312 - Fish; frozen, Pacific salmon (Oncorhynchus gorbuscha/keta/tschawytscha/ kisutch/masou/rhodurus) other than sockeye salmon (Oncorhynchus nerka), excluding fillets, fish meat of 0304, and edible fish offal of subheadings 0303.91 to 0303.99",broad_prefix_expansion,yes,screening_candidate_not_shipment_evidence
Taiwan,TW,Fish,2020-,2025,HS2022,145,0303,030313,"030313 - Fish; frozen, Atlantic salmon (Salmo salar) and Danube salmon (Hucho hucho), excluding fillets, fish meat of 0304, and edible fish offal of subheadings 0303.91 to 0303.99",broad_prefix_expansion,yes,screening_candidate_not_shipment_evidence
Taiwan,TW,Fish,2020-,2025,HS2022,145,0303,030314,"030314 - Fish; frozen, trout (Salmo trutta, Oncorhynchus mykiss, Oncorhynchus clarki, Oncorhynchus aguabonita, Oncorhynchus gilae, Oncorhynchus apache and Oncorhynchus chrysogaster), excluding fillets, meat of 0304, and edible fish offal of 0303.91 to 0303.99",broad_prefix_expansion,yes,screening_candidate_not_shipment_evidence
Taiwan,TW,Fish,2020-,2025,HS2022,145,0303,030319,"030319 - Fish; frozen, salmonidae, n.e.c. in item no. 0303.1, excluding fillets, fish meat of 0304, and edible fish offal of subheadings 0303.91 to 0303.99",broad_prefix_expansion,yes,screening_candidate_not_shipment_evidence
Taiwan,TW,Fish,2020-,2025,HS2022,145,0303,030323,"030323 - Fish; frozen, tilapias (Oreochromis spp.), excluding fillets, fish meat of 0304, and edible fish offal of subheadings 0303.91 to 0303.99",broad_prefix_expansion,yes,screening_candidate_not_shipment_evidence
Taiwan,TW,Fish,2020-,2025,HS2022,145,0303,030324,"030324 - Fish; frozen, catfish (Pangasius spp., Silurus spp., Clarias spp., Ictalurus spp.), excluding fillets, fish meat of 0304, and edible fish offal of subheadings 0303.91 to 0303.99",broad_prefix_expansion,yes,screening_candidate_not_shipment_evidence
Taiwan,TW,Fish,2020-,2025,HS2022,145,0303,030325,"030325 - Fish; frozen, carp (as specified by the WCO), excluding fillets, fish meat of 0304, and edible fish offal of subheadings 0303.91 to 0303.99",broad_prefix_expansion,yes,screening_candidate_not_shipment_evidence
Taiwan,TW,Fish,2020-,2025,HS2022,145,0303,030326,"030326 - Fish; frozen, eels (Anguilla spp.), excluding fillets, fish meat of 0304, and edible fish offal of subheadings 0303.91 to 0303.99",broad_prefix_expansion,yes,screening_candidate_not_shipment_evidence
Taiwan,TW,Fish,2020-,2025,HS2022,145,0303,030329,"030329 - Fish; frozen, Nile perch (Lates niloticus) and snakeheads (Channa spp.), excluding fillets, fish meat of 0304, and edible fish offal of subheadings 0303.91 to 0303.99",broad_prefix_expansion,yes,screening_candidate_not_shipment_evidence
Taiwan,TW,Fish,2020-,2025,HS2022,145,0303,030331,"030331 - Fish; frozen, halibut (Reinhardtius hippoglossoides, Hippoglossus hippoglossus, Hippoglossus stenolepis), excluding fillets, fish meat of 0304, and edible fish offal of subheadings 0303.91 to 0303.99",broad_prefix_expansion,yes,screening_candidate_not_shipment_evidence
Taiwan,TW,Fish,2020-,2025,HS2022,145,0303,030332,"030332 - Fish; frozen, plaice (Pleuronectes platessa), excluding fillets, fish meat of 0304, and edible fish offal of subheadings 0303.91 to 0303.99",broad_prefix_expansion,yes,screening_candidate_not_shipment_evidence
Taiwan,TW,Fish,2020-,2025,HS2022,145,0303,030333,"030333 - Fish; frozen, sole (Solea spp.), excluding fillets, fish meat of 0304, and edible fish offal of subheadings 0303.91 to 0303.99",broad_prefix_expansion,yes,screening_candidate_not_shipment_evidence
Taiwan,TW,Fish,2020-,2025,HS2022,145,0303,030334,"030334 - Fish; frozen, turbots (Psetta maxima, Scophthalmidae), excluding fillets, fish meat of 0304, and edible fish offal of subheadings 0303.91 to 0303.99",broad_prefix_expansion,yes,screening_candidate_not_shipment_evidence
Taiwan,TW,Fish,2020-,2025,HS2022,145,0303,030339,"030339 - Fish; frozen, flat fish, n.e.c. in item no. 0303.3, excluding fillets, fish meat of 0304, and edible fish offal of subheadings 0303.91 to 0303.99",broad_prefix_expansion,yes,screening_candidate_not_shipment_evidence
Taiwan,TW,Fish,2020-,2025,HS2022,145,0303,030341,"030341 - Fish; frozen, albacore or longfinned tunas (Thunnus alalunga), excluding fillets, fish meat of 0304, and edible fish offal of subheadings 0303.91 to 0303.99",broad_prefix_expansion,yes,screening_candidate_not_shipment_evidence
Taiwan,TW,Fish,2020-,2025,HS2022,145,0303,030342,"030342 - Fish; frozen, yellowfin tunas (Thunnus albacares), excluding fillets, fish meat of 0304, and edible fish offal of subheadings 0303.91 to 0303.99",broad_prefix_expansion,yes,screening_candidate_not_shipment_evidence
Taiwan,TW,Fish,2020-,2025,HS2022,145,0303,030343,"030343 - Fish; frozen, skipjack tuna (stripe-bellied bonito) (Katsuwonus pelamis), excluding fillets, fish meat of 0304, and edible fish offal of subheadings 0303.91 to 0303.99",broad_prefix_expansion,yes,screening_candidate_not_shipment_evidence
Taiwan,TW,Fish,2020-,2025,HS2022,145,0303,030344,"030344 - Fish; frozen, bigeye tunas (Thunnus obesus), excluding fillets, fish meat of 0304, and edible fish offal of subheadings 0303.91 to 0303.99",broad_prefix_expansion,yes,screening_candidate_not_shipment_evidence
Taiwan,TW,Fish,2020-,2025,HS2022,145,0303,030345,"030345 - Fish; frozen, Atlantic and Pacific bluefin tunas (Thunnus thynnus, Thunnus orientalis), excluding fillets, fish meat of 0304, and edible fish offal of subheadings 0303.91 to 0303.99",broad_prefix_expansion,yes,screening_candidate_not_shipment_evidence
Taiwan,TW,Fish,2020-,2025,HS2022,145,0303,030346,"030346 - Fish; frozen, southern bluefin tunas (Thunnus maccoyii), excluding fillets, fish meat of 0304, and edible fish offal of subheadings 0303.91 to 0303.99",broad_prefix_expansion,yes,screening_candidate_not_shipment_evidence
Taiwan,TW,Fish,2020-,2025,HS2022,145,0303,030349,"030349 - Fish; frozen, tuna, n.e.c. in item no. 0303.4, excluding fillets, fish meat of 0304, and edible fish offal of subheadings 0303.91 to 0303.99",broad_prefix_expansion,yes,screening_candidate_not_shipment_evidence
Taiwan,TW,Fish,2020-,2025,HS2022,145,0303,030351,"030351 - Fish; frozen, herrings (Clupea harengus, Clupea pallasii), excluding fillets, fish meat of 0304, and edible fish offal of subheadings 0303.91 to 0303.99",broad_prefix_expansion,yes,screening_candidate_not_shipment_evidence
Taiwan,TW,Fish,2020-,2025,HS2022,145,0303,030353,"030353 - Fish; frozen, sardines (Sardina pilchardus, Sardinops spp.), sardinella (Sardinella spp.), brisling or sprats (Sprattus sprattus), excluding fillets, fish meat of 0304, and edible fish offal of subheadings 0303.91 to 0303.99",broad_prefix_expansion,yes,screening_candidate_not_shipment_evidence
Taiwan,TW,Fish,2020-,2025,HS2022,145,0303,030354,"030354 - Fish; frozen, mackerel (Scomber scombrus, Scomber australasicus, Scomber japonicus), excluding fillets, fish meat of 0304, and edible fish offal of subheadings 0303.91 to 0303.99",broad_prefix_expansion,yes,screening_candidate_not_shipment_evidence
Taiwan,TW,Fish,2020-,2025,HS2022,145,0303,030355,"030355 - Fish; frozen, jack and horse mackerel (Trachurus spp.), excluding fillets, fish meat of 0304, and edible fish offal of subheadings 0303.91 to 0303.99",broad_prefix_expansion,yes,screening_candidate_not_shipment_evidence
Taiwan,TW,Fish,2020-,2025,HS2022,145,0303,030356,"030356 - Fish; frozen, cobia (Rachycentron canadum), excluding fillets, fish meat of 0304, and edible fish offal of subheadings 0303.91 to 0303.99",broad_prefix_expansion,yes,screening_candidate_not_shipment_evidence
Taiwan,TW,Fish,2020-,2025,HS2022,145,0303,030357,"030357 - Fish; frozen, swordfish (Xiphias gladius), excluding fillets, fish meat of 0304, and edible fish offal of subheadings 0303.91 to 0303.99",broad_prefix_expansion,yes,screening_candidate_not_shipment_evidence
Taiwan,TW,Fish,2020-,2025,HS2022,145,0303,030359,"030359 - Fish; frozen, n.e.c. in item no. 0303.5, excluding fillets, fish meat of 0304, and edible fish offal of subheadings 0303.91 to 0303.99",broad_prefix_expansion,yes,screening_candidate_not_shipment_evidence
Taiwan,TW,Fish,2020-,2025,HS2022,145,0303,030363,"030363 - Fish; frozen, cod (Gadus morhua, Gadus ogac, Gadus macrocephalus), excluding fillets, fish meat of 0304, and edible fish offal of subheadings 0303.91 to 0303.99",broad_prefix_expansion,yes,screening_candidate_not_shipment_evidence
Taiwan,TW,Fish,2020-,2025,HS2022,145,0303,030364,"030364 - Fish; frozen, haddock (Melanogrammus aeglefinus), excluding fillets, fish meat of 0304, and edible fish offal of subheadings 0303.91 to 0303.99",broad_prefix_expansion,yes,screening_candidate_not_shipment_evidence
Taiwan,TW,Fish,2020-,2025,HS2022,145,0303,030365,"030365 - Fish; frozen, coalfish (Pollachius virens), excluding fillets, fish meat of 0304, and edible fish offal of subheadings 0303.91 to 0303.99",broad_prefix_expansion,yes,screening_candidate_not_shipment_evidence
Taiwan,TW,Fish,2020-,2025,HS2022,145,0303,030366,"030366 - Fish; frozen, hake (Merluccius spp., Urophycis spp.), excluding fillets, fish meat of 0304, and edible fish offal of subheadings 0303.91 to 0303.99",broad_prefix_expansion,yes,screening_candidate_not_shipment_evidence
Taiwan,TW,Fish,2020-,2025,HS2022,145,0303,030367,"030367 - Fish; frozen, Alaska pollock (Theragra chalcogramma), excluding fillets, fish meat of 0304, and edible fish offal of subheadings 0303.91 to 0303.99",broad_prefix_expansion,yes,screening_candidate_not_shipment_evidence
Taiwan,TW,Fish,2020-,2025,HS2022,145,0303,030368,"030368 - Fish; frozen, blue whitings (Micromesistius poutassou, Micromesistius australis), excluding fillets, fish meat of 0304, and edible fish offal of subheadings 0303.91 to 0303.99",broad_prefix_expansion,yes,screening_candidate_not_shipment_evidence
Taiwan,TW,Fish,2020-,2025,HS2022,145,0303,030369,"030369 - Fish; frozen, of Bregmacerotidae, Euclichthyidae, Gadidae, Macrouridae, Melanonidae, Merlucciidae, Moridae, Muraenolepididae, other than cod, haddock, coalfish, hake, Alaska pollack, blue whitings, not fillets, meat of 0304, and edible offal of 0303.9",broad_prefix_expansion,yes,screening_candidate_not_shipment_evidence
Taiwan,TW,Fish,2020-,2025,HS2022,145,0303,030381,"030381 - Fish; frozen, dogfish and other sharks, excluding fillets, fish meat of 0304, and edible fish offal of subheadings 0303.91 to 0303.99",broad_prefix_expansion,yes,screening_candidate_not_shipment_evidence
Taiwan,TW,Fish,2020-,2025,HS2022,145,0303,030382,"030382 - Fish; frozen, rays and skates (Rajidae), excluding fillets, fish meat of 0304, and edible fish offal of subheadings 0303.91 to 0303.99",broad_prefix_expansion,yes,screening_candidate_not_shipment_evidence
Taiwan,TW,Fish,2020-,2025,HS2022,145,0303,030383,"030383 - Fish; frozen, toothfish (Dissostichus spp.), excluding fillets, livers, roes, and edible fish offal of subheadings 0303.91 to 0303.99",broad_prefix_expansion,yes,screening_candidate_not_shipment_evidence
Taiwan,TW,Fish,2020-,2025,HS2022,145,0303,030384,"030384 - Fish; frozen, seabass (Dicentrarchus spp.), excluding fillets, fish meat of 0304, and edible fish offal of subheadings 0303.91 to 0303.99",broad_prefix_expansion,yes,screening_candidate_not_shipment_evidence
Taiwan,TW,Fish,2020-,2025,HS2022,145,0303,030389,"030389 - Fish; frozen, n.e.c. in heading 0303, excluding fillets, fish meat of 0304, and edible fish offal of subheadings 0303.91 to 0303.99",broad_prefix_expansion,yes,screening_candidate_not_shipment_evidence
Taiwan,TW,Fish,2020-,2025,HS2022,145,0303,030391,"030391 - Fish; frozen, livers, roes and milt",broad_prefix_expansion,yes,screening_candidate_not_shipment_evidence
Taiwan,TW,Fish,2020-,2025,HS2022,145,0303,030392,"030392 - Fish; frozen, shark fins",broad_prefix_expansion,yes,screening_candidate_not_shipment_evidence
Taiwan,TW,Fish,2020-,2025,HS2022,145,0303,030399,"030399 - Fish; frozen, fish fins (other than shark fins), heads, tails, maws and other edible fish offal",broad_prefix_expansion,yes,screening_candidate_not_shipment_evidence
Taiwan,TW,Fish,2020-,2025,HS2022,146,0304,030431,"030431 - Fish fillets; fresh or chilled, tilapias (Oreochromis spp.)",broad_prefix_expansion,yes,screening_candidate_not_shipment_evidence
Taiwan,TW,Fish,2020-,2025,HS2022,146,0304,030432,"030432 - Fish fillets; fresh or chilled, catfish (Pangasius spp., Silurus spp., Clarias spp., Ictalurus spp.)",broad_prefix_expansion,yes,screening_candidate_not_shipment_evidence
Taiwan,TW,Fish,2020-,2025,HS2022,146,0304,030433,"030433 - Fish fillets; fresh or chilled, Nile perch (Lates niloticus)",broad_prefix_expansion,yes,screening_candidate_not_shipment_evidence
Taiwan,TW,Fish,2020-,2025,HS2022,146,0304,030439,"030439 - Fish fillets; fresh or chilled, carp (as specified by the WCO), eels (Anguilla spp.), and snakeheads (Channa spp.)",broad_prefix_expansion,yes,screening_candidate_not_shipment_evidence
Taiwan,TW,Fish,2020-,2025,HS2022,146,0304,030441,"030441 - Fish fillets; fresh or chilled, salmon, Pacific (Oncorhynchus nerka, Oncorhynchus gorbuscha, Oncorhynchus keta, Oncorhynchus tschawytscha, Oncorhynchus kisutch, Oncorhynchus masou and Oncorhynchus rhodurus), Atlantic (Salmo salar), Danube (Hucho hucho)",broad_prefix_expansion,yes,screening_candidate_not_shipment_evidence
Taiwan,TW,Fish,2020-,2025,HS2022,146,0304,030442,"030442 - Fish fillets; fresh or chilled, trout (Salmo trutta, Oncorhynchus mykiss, Oncorhynchus clarki, Oncorhynchus aguabonita, Oncorhynchus gilae, Oncorhynchus apache and Oncorhynchus chrysogaster)",broad_prefix_expansion,yes,screening_candidate_not_shipment_evidence
Taiwan,TW,Fish,2020-,2025,HS2022,146,0304,030443,"030443 - Fish fillets; fresh or chilled, flat fish (Pleuronectidae, Bothidae, Cynoglossidae, Soleidae, Scophthalmidae and Citharidae)",broad_prefix_expansion,yes,screening_candidate_not_shipment_evidence
Taiwan,TW,Fish,2020-,2025,HS2022,146,0304,030444,"030444 - Fish fillets; fresh or chilled, of the families Bregmacerotidae, Euclichthyidae, Gadidae, Macrouridae, Melanonidae, Merlucciidae, Moridae, and Muraenolepididae",broad_prefix_expansion,yes,screening_candidate_not_shipment_evidence
Taiwan,TW,Fish,2020-,2025,HS2022,146,0304,030445,"030445 - Fish fillets; fresh or chilled, swordfish (Xiphias gladius)",broad_prefix_expansion,yes,screening_candidate_not_shipment_evidence
Taiwan,TW,Fish,2020-,2025,HS2022,146,0304,030446,"030446 - Fish fillets; fresh or chilled, toothfish (Dissostichus spp.)",broad_prefix_expansion,yes,screening_candidate_not_shipment_evidence
Taiwan,TW,Fish,2020-,2025,HS2022,146,0304,030447,"030447 - Fish fillets; fresh or chilled, dogfish and other sharks",broad_prefix_expansion,yes,screening_candidate_not_shipment_evidence
Taiwan,TW,Fish,2020-,2025,HS2022,146,0304,030448,"030448 - Fish fillets; fresh or chilled, rays and skates (Rajidae)",broad_prefix_expansion,yes,screening_candidate_not_shipment_evidence
Taiwan,TW,Fish,2020-,2025,HS2022,146,0304,030449,"030449 - Fish fillets; fresh or chilled, other than fish of heading 0304.4",broad_prefix_expansion,yes,screening_candidate_not_shipment_evidence
Taiwan,TW,Fish,2020-,2025,HS2022,146,0304,030451,"030451 - Fish meat, excluding fillets, whether or not minced; fresh or chilled, tilapias, catfish, carp, eels, Nile perch, and snakeheads",broad_prefix_expansion,yes,screening_candidate_not_shipment_evidence
Taiwan,TW,Fish,2020-,2025,HS2022,146,0304,030452,"030452 - Fish meat, excluding fillets, whether or not minced; fresh or chilled, salmonidae",broad_prefix_expansion,yes,screening_candidate_not_shipment_evidence
Taiwan,TW,Fish,2020-,2025,HS2022,146,0304,030453,"030453 - Fish meat, excluding fillets, whether or not minced; fresh or chilled, of the families Bregmacerotidae, Euclichthyidae, Gadidae, Macrouridae, Melanonidae, Merlucciidae, Moridae, and Muraenolepididae",broad_prefix_expansion,yes,screening_candidate_not_shipment_evidence
Taiwan,TW,Fish,2020-,2025,HS2022,146,0304,030454,"030454 - Fish meat, excluding fillets, whether or not minced; fresh or chilled, swordfish (Xiphias gladius)",broad_prefix_expansion,yes,screening_candidate_not_shipment_evidence
Taiwan,TW,Fish,2020-,2025,HS2022,146,0304,030455,"030455 - Fish meat, excluding fillets, whether or not minced; fresh or chilled, toothfish (Dissostichus spp.)",broad_prefix_expansion,yes,screening_candidate_not_shipment_evidence
Taiwan,TW,Fish,2020-,2025,HS2022,146,0304,030456,"030456 - Fish meat; excluding fillets, whether or not minced; fresh or chilled, dogfish and other sharks",broad_prefix_expansion,yes,screening_candidate_not_shipment_evidence
Taiwan,TW,Fish,2020-,2025,HS2022,146,0304,030457,"030457 - Fish meat; excluding fillets, whether or not minced; fresh or chilled, rays and skates (Rajidae)",broad_prefix_expansion,yes,screening_candidate_not_shipment_evidence
Taiwan,TW,Fish,2020-,2025,HS2022,146,0304,030459,"030459 - Fish meat; excluding fillets, whether or not minced; fresh or chilled, of fish n.e.c. in item no. 0304.5",broad_prefix_expansion,yes,screening_candidate_not_shipment_evidence
Taiwan,TW,Fish,2020-,2025,HS2022,146,0304,030461,"030461 - Fish fillets; frozen, tilapias (Oreochromis spp.)",broad_prefix_expansion,yes,screening_candidate_not_shipment_evidence
Taiwan,TW,Fish,2020-,2025,HS2022,146,0304,030462,"030462 - Fish fillets; frozen, catfish (Pangasius spp., Silurus spp., Clarias spp., Ictalurus spp.)",broad_prefix_expansion,yes,screening_candidate_not_shipment_evidence
Taiwan,TW,Fish,2020-,2025,HS2022,146,0304,030463,"030463 - Fish fillets; frozen, Nile Perch (Lates niloticus)",broad_prefix_expansion,yes,screening_candidate_not_shipment_evidence
Taiwan,TW,Fish,2020-,2025,HS2022,146,0304,030469,"030469 - Fish fillets; frozen, carp (Cyprinus/Carassius/Ctenopharyngodon idellus/Hypophthalmichthys/Cirrhinus/Mylopharyngodon piceus/Catla catla/Labeo/Osteochilus hasselti/Leptobarbus hoeveni/Megalobrama), eels (Anguilla) and snakeheads (Channa)",broad_prefix_expansion,yes,screening_candidate_not_shipment_evidence
Taiwan,TW,Fish,2020-,2025,HS2022,146,0304,030471,"030471 - Fish fillets; frozen, cod (Gadus morhua, Gadus ogac, Gadus macrocephalus)",broad_prefix_expansion,yes,screening_candidate_not_shipment_evidence
Taiwan,TW,Fish,2020-,2025,HS2022,146,0304,030472,"030472 - Fish fillets; frozen, haddock (Melanogrammus aeglefinus)",broad_prefix_expansion,yes,screening_candidate_not_shipment_evidence
Taiwan,TW,Fish,2020-,2025,HS2022,146,0304,030473,"030473 - Fish fillets; frozen, coalfish (Pollachius virens)",broad_prefix_expansion,yes,screening_candidate_not_shipment_evidence
Taiwan,TW,Fish,2020-,2025,HS2022,146,0304,030474,"030474 - Fish fillets; frozen, hake (Merluccius spp., Urophycis spp.)",broad_prefix_expansion,yes,screening_candidate_not_shipment_evidence
Taiwan,TW,Fish,2020-,2025,HS2022,146,0304,030475,"030475 - Fish fillets; frozen, Alaska pollock (Theragra chalcogramma)",broad_prefix_expansion,yes,screening_candidate_not_shipment_evidence
Taiwan,TW,Fish,2020-,2025,HS2022,146,0304,030479,"030479 - Fish fillets; frozen, of the families Bregmacerotidae, Euclichthyidae, Gadidae, Macrouridae, Melanonidae, Merlucciidae, Moridae and Muraenolepididae other than cod, haddock, coalfish, hake, and Alaska pollock",broad_prefix_expansion,yes,screening_candidate_not_shipment_evidence
Taiwan,TW,Fish,2020-,2025,HS2022,146,0304,030481,"030481 - Fish fillets; frozen, salmon, Pacific (Oncorhynchus nerka, Oncorhynchus gorbuscha, Oncorhynchus keta, Oncorhynchus tschawytscha, Oncorhynchus kisutch, Oncorhynchus masou, Oncorhynchus rhodurus), Atlantic (Salmo salar), and Danube (Hucho hucho)",broad_prefix_expansion,yes,screening_candidate_not_shipment_evidence
Taiwan,TW,Fish,2020-,2025,HS2022,146,0304,030482,"030482 - Fish fillets; frozen, trout (Salmo trutta, Oncorhynchus mykiss, Oncorhynchus clarki, Oncorhynchus aguabonita, Oncorhynchus gilae, Oncorhynchus apache and Oncorhynchus chrysogaster)",broad_prefix_expansion,yes,screening_candidate_not_shipment_evidence
Taiwan,TW,Fish,2020-,2025,HS2022,146,0304,030483,"030483 - Fish fillets; frozen, flat fish (Pleuronectidae, Bothidae, Cynoglossidae, Soleidae, Scophthalmidae and Citharidae)",broad_prefix_expansion,yes,screening_candidate_not_shipment_evidence
Taiwan,TW,Fish,2020-,2025,HS2022,146,0304,030484,"030484 - Fish fillets; frozen, swordfish (Xiphias gladius)",broad_prefix_expansion,yes,screening_candidate_not_shipment_evidence
Taiwan,TW,Fish,2020-,2025,HS2022,146,0304,030485,"030485 - Fish fillets; frozen, toothfish (Dissostichus spp.)",broad_prefix_expansion,yes,screening_candidate_not_shipment_evidence
Taiwan,TW,Fish,2020-,2025,HS2022,146,0304,030486,"030486 - Fish fillets; frozen, herrings (Clupea harengus, Clupea pallasii)",broad_prefix_expansion,yes,screening_candidate_not_shipment_evidence
Taiwan,TW,Fish,2020-,2025,HS2022,146,0304,030487,"030487 - Fish fillets; frozen, tunas (of the genus Thunnus), skipjack tuna (stripe-bellied bonito) (Katsuwonus pelamis)",broad_prefix_expansion,yes,screening_candidate_not_shipment_evidence
Taiwan,TW,Fish,2020-,2025,HS2022,146,0304,030488,"030488 - Fish fillets; frozen, dogfish, other sharks, rays and skates (Rajidae)",broad_prefix_expansion,yes,screening_candidate_not_shipment_evidence
Taiwan,TW,Fish,2020-,2025,HS2022,146,0304,030489,"030489 - Fish fillets; frozen, of fish n.e.c. in heading 0304.8",broad_prefix_expansion,yes,screening_candidate_not_shipment_evidence
Taiwan,TW,Fish,2020-,2025,HS2022,146,0304,030491,"030491 - Fish meat, excluding fillets, whether or not minced; frozen, swordfish (Xiphias gladius)",broad_prefix_expansion,yes,screening_candidate_not_shipment_evidence
Taiwan,TW,Fish,2020-,2025,HS2022,146,0304,030492,"030492 - Fish meat, excluding fillets, whether or not minced; frozen, toothfish (Dissostichus spp.)",broad_prefix_expansion,yes,screening_candidate_not_shipment_evidence
Taiwan,TW,Fish,2020-,2025,HS2022,146,0304,030493,"030493 - Fish meat, excluding fillets, whether or not minced; frozen, tilapias, catfish, carp, eels, Nile perch, and snakeheads",broad_prefix_expansion,yes,screening_candidate_not_shipment_evidence
Taiwan,TW,Fish,2020-,2025,HS2022,146,0304,030494,"030494 - Fish meat, excluding fillets, whether or not minced; frozen, Alaska Pollock (Theragra chalcogramma)",broad_prefix_expansion,yes,screening_candidate_not_shipment_evidence
Taiwan,TW,Fish,2020-,2025,HS2022,146,0304,030495,"030495 - Fish meat, excluding fillets, whether or not minced; frozen, of the families Bregmacerotidae, Euclichthyidae, Gadidae, Macrouridae, Melanonidae, Merlucciidae, Moridae and Muraenolepididae, other than Alaska Pollock (Theragra chalcogramma)",broad_prefix_expansion,yes,screening_candidate_not_shipment_evidence
Taiwan,TW,Fish,2020-,2025,HS2022,146,0304,030496,"030496 - Fish meat, excluding fillets, whether or not minced; frozen, dogfish and other sharks",broad_prefix_expansion,yes,screening_candidate_not_shipment_evidence
Taiwan,TW,Fish,2020-,2025,HS2022,146,0304,030497,"030497 - Fish meat, excluding fillets, whether or not minced; frozen, rays and skates (Rajidae)",broad_prefix_expansion,yes,screening_candidate_not_shipment_evidence
Taiwan,TW,Fish,2020-,2025,HS2022,146,0304,030499,"030499 - Fish meat, excluding fillets, whether or not minced; frozen, n.e.c. in item no. 0304.9",broad_prefix_expansion,yes,screening_candidate_not_shipment_evidence
Uzbekistan,UZ,Cotton,2009-,2025,HS2022,111,5201,520100,520100 - Cotton; not carded or combed,broad_prefix_expansion,yes,screening_candidate_not_shipment_evidence
Uzbekistan,UZ,Silk Cocoons,2016-,2025,HS2022,291,5001.00.0000,500100,500100 - Silk; silk-worm cocoons suitable for reeling,hts_prefix_to_hs6,yes,screening_candidate_not_shipment_evidence
Venezuela,VE,Gold,2020-,2025,HS2022,173,7108,710811,"710811 - Metals; gold, non-monetary, powder",broad_prefix_expansion,yes,screening_candidate_not_shipment_evidence
Venezuela,VE,Gold,2020-,2025,HS2022,173,7108,710812,"710812 - Metals; gold, non-monetary, unwrought (but not powder)",broad_prefix_expansion,yes,screening_candidate_not_shipment_evidence
Venezuela,VE,Gold,2020-,2025,HS2022,173,7108,710813,"710813 - Metals; gold, semi-manufactured",broad_prefix_expansion,yes,screening_candidate_not_shipment_evidence
Venezuela,VE,Gold,2020-,2025,HS2022,173,7108,710820,"710820 - Gold, monetary",broad_prefix_expansion,yes,screening_candidate_not_shipment_evidence
Venezuela,VE,Gold,2020-,2025,HS2022,174,7115.90.0530,711590,"711590 - Metal; precious or metal clad with precious metal, other than that of item no. 7115.10",hts_prefix_to_hs6,yes,screening_candidate_not_shipment_evidence
Vietnam,VN,Garments,2012-,2025,HS2022,162,61,610120,"610120 - Coats; men's or boys' overcoats, car-coats, capes, anoraks, wind-jackets and similar articles, of cotton, knitted or crocheted (excluding those of heading no. 6103)",broad_prefix_expansion,yes,screening_candidate_not_shipment_evidence
Vietnam,VN,Garments,2012-,2025,HS2022,162,61,610130,"610130 - Coats; men's or boys' overcoats, car-coats, capes, anoraks, wind-jackets and similar articles, of man-made fibres, knitted or crocheted, (excluding those of heading no. 6103)",broad_prefix_expansion,yes,screening_candidate_not_shipment_evidence
Vietnam,VN,Garments,2012-,2025,HS2022,162,61,610190,"610190 - Coats; men's or boys' overcoats, car-coats, capes, anoraks, wind-jackets and similar articles, of textile materials n.e.c. in heading no. 6101, knitted or crocheted (excluding those of heading no. 6103)",broad_prefix_expansion,yes,screening_candidate_not_shipment_evidence
Vietnam,VN,Garments,2012-,2025,HS2022,162,61,610210,"610210 - Coats; women's or girls' overcoats, car-coats, capes, anoraks, wind-jackets and similar articles, of wool or fine animal hair, knitted or crocheted (excluding those of heading no. 6104)",broad_prefix_expansion,yes,screening_candidate_not_shipment_evidence
Vietnam,VN,Garments,2012-,2025,HS2022,162,61,610220,"610220 - Coats; women's or girls' overcoats, car-coats, capes, anoraks, wind-jackets and similar articles, of cotton, knitted or crocheted (excluding those of heading no. 6104)",broad_prefix_expansion,yes,screening_candidate_not_shipment_evidence
Vietnam,VN,Garments,2012-,2025,HS2022,162,61,610230,"610230 - Coats; women's or girls' overcoats, car-coats, capes, anoraks, wind-jackets and similar articles, of man-made fibres, knitted or crocheted (excluding those of heading no. 6104)",broad_prefix_expansion,yes,screening_candidate_not_shipment_evidence
Vietnam,VN,Garments,2012-,2025,HS2022,162,61,610290,"610290 - Coats; women's or girls' overcoats, car-coats, capes, anoraks, wind-jackets and similar articles, of textile materials n.e.c. in heading no. 6102, knitted or crocheted (excluding those of heading no. 6104)",broad_prefix_expansion,yes,screening_candidate_not_shipment_evidence
Vietnam,VN,Garments,2012-,2025,HS2022,162,61,610310,"610310 - Suits; men's or boys', knitted or crocheted",broad_prefix_expansion,yes,screening_candidate_not_shipment_evidence
Vietnam,VN,Garments,2012-,2025,HS2022,162,61,610322,"610322 - Ensembles; men's or boys', of cotton, knitted or crocheted",broad_prefix_expansion,yes,screening_candidate_not_shipment_evidence
Vietnam,VN,Garments,2012-,2025,HS2022,162,61,610323,"610323 - Ensembles; men's or boys', of synthetic fibres, knitted or crocheted",broad_prefix_expansion,yes,screening_candidate_not_shipment_evidence
Vietnam,VN,Garments,2012-,2025,HS2022,162,61,610329,"610329 - Ensembles; men's or boys', of textile materials (other than cotton or synthetic fibres), knitted or crocheted",broad_prefix_expansion,yes,screening_candidate_not_shipment_evidence
Vietnam,VN,Garments,2012-,2025,HS2022,162,61,610331,"610331 - Jackets and blazers; men's or boys', of wool or fine animal hair, knitted or crocheted",broad_prefix_expansion,yes,screening_candidate_not_shipment_evidence
Vietnam,VN,Garments,2012-,2025,HS2022,162,61,610332,"610332 - Jackets and blazers; men's or boys', of cotton, knitted or crocheted",broad_prefix_expansion,yes,screening_candidate_not_shipment_evidence
Vietnam,VN,Garments,2012-,2025,HS2022,162,61,610333,"610333 - Jackets and blazers; men's or boys', of synthetic fibres, knitted or crocheted",broad_prefix_expansion,yes,screening_candidate_not_shipment_evidence
Vietnam,VN,Garments,2012-,2025,HS2022,162,61,610339,"610339 - Jackets and blazers; men's or boys', of textile materials (other than wool or fine animal hair, cotton or synthetic fibres), knitted or crocheted",broad_prefix_expansion,yes,screening_candidate_not_shipment_evidence
Vietnam,VN,Garments,2012-,2025,HS2022,162,61,610341,"610341 - Trousers, bib and brace overalls, breeches and shorts; men's or boys', of wool or fine animal hair, knitted or crocheted",broad_prefix_expansion,yes,screening_candidate_not_shipment_evidence
Vietnam,VN,Garments,2012-,2025,HS2022,162,61,610342,"610342 - Trousers, bib and brace overalls, breeches and shorts; men's or boys', of cotton, knitted or crocheted",broad_prefix_expansion,yes,screening_candidate_not_shipment_evidence
Vietnam,VN,Garments,2012-,2025,HS2022,162,61,610343,"610343 - Trousers, bib and brace overalls, breeches and shorts; men's or boys', of synthetic fibres, knitted or crocheted",broad_prefix_expansion,yes,screening_candidate_not_shipment_evidence
Vietnam,VN,Garments,2012-,2025,HS2022,162,61,610349,"610349 - Trousers, bib and brace overalls, breeches and shorts; men's or boys', of textile materials (other than wool or fine animal hair, cotton or synthetic fibres), knitted or crocheted",broad_prefix_expansion,yes,screening_candidate_not_shipment_evidence
Vietnam,VN,Garments,2012-,2025,HS2022,162,61,610413,"610413 - Suits; women's or girls', of synthetic fibres, knitted or crocheted",broad_prefix_expansion,yes,screening_candidate_not_shipment_evidence
Vietnam,VN,Garments,2012-,2025,HS2022,162,61,610419,"610419 - Suits; women's or girls', of textile materials (other than synthetic fibres), knitted or crocheted",broad_prefix_expansion,yes,screening_candidate_not_shipment_evidence
Vietnam,VN,Garments,2012-,2025,HS2022,162,61,610422,"610422 - Ensembles; women's or girls', of cotton, knitted or crocheted",broad_prefix_expansion,yes,screening_candidate_not_shipment_evidence
Vietnam,VN,Garments,2012-,2025,HS2022,162,61,610423,"610423 - Ensembles; women's or girls', of synthetic fibres, knitted or crocheted",broad_prefix_expansion,yes,screening_candidate_not_shipment_evidence
Vietnam,VN,Garments,2012-,2025,HS2022,162,61,610429,"610429 - Ensembles; women's or girls', of textile materials (other than cotton or synthetic fibres), knitted or crocheted",broad_prefix_expansion,yes,screening_candidate_not_shipment_evidence
Vietnam,VN,Garments,2012-,2025,HS2022,162,61,610431,"610431 - Jackets; women's or girls', of wool or fine animal hair, knitted or crocheted",broad_prefix_expansion,yes,screening_candidate_not_shipment_evidence
Vietnam,VN,Garments,2012-,2025,HS2022,162,61,610432,"610432 - Jackets; women's or girls', of cotton, knitted or crocheted",broad_prefix_expansion,yes,screening_candidate_not_shipment_evidence
Vietnam,VN,Garments,2012-,2025,HS2022,162,61,610433,"610433 - Jackets; women's or girls', of synthetic fibres, knitted or crocheted",broad_prefix_expansion,yes,screening_candidate_not_shipment_evidence
Vietnam,VN,Garments,2012-,2025,HS2022,162,61,610439,"610439 - Jackets; women's or girls', of textile materials (other than wool or fine animal hair, cotton or synthetic fibres), knitted or crocheted",broad_prefix_expansion,yes,screening_candidate_not_shipment_evidence
Vietnam,VN,Garments,2012-,2025,HS2022,162,61,610441,"610441 - Dresses; women's or girls', of wool or fine animal hair, knitted or crocheted",broad_prefix_expansion,yes,screening_candidate_not_shipment_evidence
Vietnam,VN,Garments,2012-,2025,HS2022,162,61,610442,"610442 - Dresses; women's or girls', of cotton, knitted or crocheted",broad_prefix_expansion,yes,screening_candidate_not_shipment_evidence
Vietnam,VN,Garments,2012-,2025,HS2022,162,61,610443,"610443 - Dresses; women's or girls', of synthetic fibres, knitted or crocheted",broad_prefix_expansion,yes,screening_candidate_not_shipment_evidence
Vietnam,VN,Garments,2012-,2025,HS2022,162,61,610444,"610444 - Dresses; women's or girls', of artificial fibres, knitted or crocheted",broad_prefix_expansion,yes,screening_candidate_not_shipment_evidence
Vietnam,VN,Garments,2012-,2025,HS2022,162,61,610449,"610449 - Dresses; women's or girls', of textile materials (other than wool or fine animal hair, cotton, synthetic or artificial fibres), knitted or crocheted",broad_prefix_expansion,yes,screening_candidate_not_shipment_evidence
Vietnam,VN,Garments,2012-,2025,HS2022,162,61,610451,"610451 - Skirts and divided skirts; women's or girls', of wool or fine animal hair, knitted or crocheted",broad_prefix_expansion,yes,screening_candidate_not_shipment_evidence
Vietnam,VN,Garments,2012-,2025,HS2022,162,61,610452,"610452 - Skirts and divided skirts; women's or girls', of cotton, knitted or crocheted",broad_prefix_expansion,yes,screening_candidate_not_shipment_evidence
Vietnam,VN,Garments,2012-,2025,HS2022,162,61,610453,"610453 - Skirts and divided skirts; women's or girls', of synthetic fibres, knitted or crocheted",broad_prefix_expansion,yes,screening_candidate_not_shipment_evidence
Vietnam,VN,Garments,2012-,2025,HS2022,162,61,610459,"610459 - Skirts and divided skirts; women's or girls', of textile materials (other than wool or fine animal hair, cotton or synthetic fibres), knitted or crocheted",broad_prefix_expansion,yes,screening_candidate_not_shipment_evidence
Vietnam,VN,Garments,2012-,2025,HS2022,162,61,610461,"610461 - Trousers, bib and brace overalls, breeches and shorts; women's or girls', of wool or fine animal hair, knitted or crocheted",broad_prefix_expansion,yes,screening_candidate_not_shipment_evidence
Vietnam,VN,Garments,2012-,2025,HS2022,162,61,610462,"610462 - Trousers, bib and brace overalls, breeches and shorts; women's or girls', of cotton, knitted or crocheted",broad_prefix_expansion,yes,screening_candidate_not_shipment_evidence
Vietnam,VN,Garments,2012-,2025,HS2022,162,61,610463,"610463 - Trousers, bib and brace overalls, breeches and shorts; women's or girls', of synthetic fibres, knitted or crocheted",broad_prefix_expansion,yes,screening_candidate_not_shipment_evidence
Vietnam,VN,Garments,2012-,2025,HS2022,162,61,610469,"610469 - Trousers, bib and brace overalls, breeches and shorts; women's or girls', of textile materials (other than wool or fine animal hair, cotton or synthetic fibres), knitted or crocheted",broad_prefix_expansion,yes,screening_candidate_not_shipment_evidence
Vietnam,VN,Garments,2012-,2025,HS2022,162,61,610510,"610510 - Shirts; men's or boys', of cotton, knitted or crocheted",broad_prefix_expansion,yes,screening_candidate_not_shipment_evidence
Vietnam,VN,Garments,2012-,2025,HS2022,162,61,610520,"610520 - Shirts; men's or boys', of man-made fibres, knitted or crocheted",broad_prefix_expansion,yes,screening_candidate_not_shipment_evidence
Vietnam,VN,Garments,2012-,2025,HS2022,162,61,610590,"610590 - Shirts; men's or boys', of textile materials (other than cotton or man-made fibres), knitted or crocheted",broad_prefix_expansion,yes,screening_candidate_not_shipment_evidence
Vietnam,VN,Garments,2012-,2025,HS2022,162,61,610610,"610610 - Blouses, shirts and shirt-blouses; women's or girls', of cotton, knitted or crocheted",broad_prefix_expansion,yes,screening_candidate_not_shipment_evidence
Vietnam,VN,Garments,2012-,2025,HS2022,162,61,610620,"610620 - Blouses, shirts and shirt-blouses; women's or girls', of man-made fibres, knitted or crocheted",broad_prefix_expansion,yes,screening_candidate_not_shipment_evidence
Vietnam,VN,Garments,2012-,2025,HS2022,162,61,610690,"610690 - Blouses, shirts and shirt-blouses; women's or girls', of textile materials (other than cotton or man-made fibres), knitted or crocheted",broad_prefix_expansion,yes,screening_candidate_not_shipment_evidence
Vietnam,VN,Garments,2012-,2025,HS2022,162,61,610711,"610711 - Underpants and briefs; men's or boys', of cotton, knitted or crocheted",broad_prefix_expansion,yes,screening_candidate_not_shipment_evidence
Vietnam,VN,Garments,2012-,2025,HS2022,162,61,610712,"610712 - Underpants and briefs; men's or boys', of man-made fibres, knitted or crocheted",broad_prefix_expansion,yes,screening_candidate_not_shipment_evidence
Vietnam,VN,Garments,2012-,2025,HS2022,162,61,610719,"610719 - Underpants and briefs; men's or boys', of textile materials (other than cotton or man-made fibres), knitted or crocheted",broad_prefix_expansion,yes,screening_candidate_not_shipment_evidence
Vietnam,VN,Garments,2012-,2025,HS2022,162,61,610721,"610721 - Nightshirts and pyjamas; men's or boys', of cotton, knitted or crocheted",broad_prefix_expansion,yes,screening_candidate_not_shipment_evidence
Vietnam,VN,Garments,2012-,2025,HS2022,162,61,610722,"610722 - Nightshirts and pyjamas; men's or boys', of man-made fibres, knitted or crocheted",broad_prefix_expansion,yes,screening_candidate_not_shipment_evidence
Vietnam,VN,Garments,2012-,2025,HS2022,162,61,610729,"610729 - Nightshirts and pyjamas; men's or boys', of textile materials (other than cotton or man-made fibres), knitted or crocheted",broad_prefix_expansion,yes,screening_candidate_not_shipment_evidence
Vietnam,VN,Garments,2012-,2025,HS2022,162,61,610791,"610791 - Bathrobes, dressing gowns and similar articles; men's or boys', of cotton, knitted or crocheted",broad_prefix_expansion,yes,screening_candidate_not_shipment_evidence
Vietnam,VN,Garments,2012-,2025,HS2022,162,61,610799,"610799 - Bathrobes, dressing gowns and similar articles; men's or boys', of textile materials (other than cotton), knitted or crocheted",broad_prefix_expansion,yes,screening_candidate_not_shipment_evidence
Vietnam,VN,Garments,2012-,2025,HS2022,162,61,610811,"610811 - Slips and petticoats; women's or girls', of man-made fibres, knitted or crocheted",broad_prefix_expansion,yes,screening_candidate_not_shipment_evidence
Vietnam,VN,Garments,2012-,2025,HS2022,162,61,610819,"610819 - Slips and petticoats; women's or girls', of textile materials (other than man-made fibres), knitted or crocheted",broad_prefix_expansion,yes,screening_candidate_not_shipment_evidence
Vietnam,VN,Garments,2012-,2025,HS2022,162,61,610821,"610821 - Briefs and panties; women's or girls', of cotton, knitted or crocheted",broad_prefix_expansion,yes,screening_candidate_not_shipment_evidence
Vietnam,VN,Garments,2012-,2025,HS2022,162,61,610822,"610822 - Briefs and panties; women's or girls', of man-made fibres, knitted or crocheted",broad_prefix_expansion,yes,screening_candidate_not_shipment_evidence
Vietnam,VN,Garments,2012-,2025,HS2022,162,61,610829,"610829 - Briefs and panties; women's or girls', of textile materials (other than cotton or man-made fibres), knitted or crocheted",broad_prefix_expansion,yes,screening_candidate_not_shipment_evidence
Vietnam,VN,Garments,2012-,2025,HS2022,162,61,610831,"610831 - Nightdresses and pyjamas; women's or girls', of cotton, knitted or crocheted",broad_prefix_expansion,yes,screening_candidate_not_shipment_evidence
Vietnam,VN,Garments,2012-,2025,HS2022,162,61,610832,"610832 - Nightdresses and pyjamas; women's or girls', of man-made fibres, knitted or crocheted",broad_prefix_expansion,yes,screening_candidate_not_shipment_evidence
Vietnam,VN,Garments,2012-,2025,HS2022,162,61,610839,"610839 - Nightdresses and pyjamas; women's or girls', of textile materials (other than cotton or man-made fibres), knitted or crocheted",broad_prefix_expansion,yes,screening_candidate_not_shipment_evidence
Vietnam,VN,Garments,2012-,2025,HS2022,162,61,610891,"610891 - Negligees, bathrobes, dressing gowns and similar articles; women's or girls', of cotton, knitted or crocheted",broad_prefix_expansion,yes,screening_candidate_not_shipment_evidence
Vietnam,VN,Garments,2012-,2025,HS2022,162,61,610892,"610892 - Negligees, bathrobes, dressing gowns and similar articles; women's or girls', of man-made fibres, knitted or crocheted",broad_prefix_expansion,yes,screening_candidate_not_shipment_evidence
Vietnam,VN,Garments,2012-,2025,HS2022,162,61,610899,"610899 - Negligees, bathrobes, dressing gowns and similar articles; women's or girls', of textile materials (other than cotton or man-made fibres), knitted or crocheted",broad_prefix_expansion,yes,screening_candidate_not_shipment_evidence
Vietnam,VN,Garments,2012-,2025,HS2022,162,61,610910,"610910 - T-shirts, singlets and other vests; of cotton, knitted or crocheted",broad_prefix_expansion,yes,screening_candidate_not_shipment_evidence
Vietnam,VN,Garments,2012-,2025,HS2022,162,61,610990,"610990 - T-shirts, singlets and other vests; of textile materials (other than cotton), knitted or crocheted",broad_prefix_expansion,yes,screening_candidate_not_shipment_evidence
Vietnam,VN,Garments,2012-,2025,HS2022,162,61,611011,"611011 - Jerseys, pullovers, cardigans, waistcoats and similar articles; knitted or crocheted, of wool or fine animal hair",broad_prefix_expansion,yes,screening_candidate_not_shipment_evidence
Vietnam,VN,Garments,2012-,2025,HS2022,162,61,611012,"611012 - Jerseys, pullovers, cardigans, waistcoats and similar articles; knitted or crocheted, of fibres from kashmir (cashmere) goats",broad_prefix_expansion,yes,screening_candidate_not_shipment_evidence
Vietnam,VN,Garments,2012-,2025,HS2022,162,61,611019,"611019 - Jerseys, pullovers, cardigans, waistcoats and similar articles; knitted or crocheted, of fine animal hair other than that of kashmir (cashmere) goats",broad_prefix_expansion,yes,screening_candidate_not_shipment_evidence
Vietnam,VN,Garments,2012-,2025,HS2022,162,61,611020,"611020 - Jerseys, pullovers, cardigans, waistcoats and similar articles; of cotton, knitted or crocheted",broad_prefix_expansion,yes,screening_candidate_not_shipment_evidence
Vietnam,VN,Garments,2012-,2025,HS2022,162,61,611030,"611030 - Jerseys, pullovers, cardigans, waistcoats and similar articles; of man-made fibres, knitted or crocheted",broad_prefix_expansion,yes,screening_candidate_not_shipment_evidence
Vietnam,VN,Garments,2012-,2025,HS2022,162,61,611090,"611090 - Jerseys, pullovers, cardigans, waistcoats and similar articles; of textile materials (other than wool or fine animal hair, cotton or man-made fibres), knitted or crocheted",broad_prefix_expansion,yes,screening_candidate_not_shipment_evidence
Vietnam,VN,Garments,2012-,2025,HS2022,162,61,611120,"611120 - Garments and clothing accessories; babies', of cotton, knitted or crocheted",broad_prefix_expansion,yes,screening_candidate_not_shipment_evidence
Vietnam,VN,Garments,2012-,2025,HS2022,162,61,611130,"611130 - Garments and clothing accessories; babies', of synthetic fibres, knitted or crocheted",broad_prefix_expansion,yes,screening_candidate_not_shipment_evidence
Vietnam,VN,Garments,2012-,2025,HS2022,162,61,611190,"611190 - Garments and clothing accessories; babies', of textile materials (other than cotton or synthetic fibres), knitted or crocheted",broad_prefix_expansion,yes,screening_candidate_not_shipment_evidence
Vietnam,VN,Garments,2012-,2025,HS2022,162,61,611211,"611211 - Track suits; of cotton, knitted or crocheted",broad_prefix_expansion,yes,screening_candidate_not_shipment_evidence
Vietnam,VN,Garments,2012-,2025,HS2022,162,61,611212,"611212 - Track suits; of synthetic fibres, knitted or crocheted",broad_prefix_expansion,yes,screening_candidate_not_shipment_evidence
Vietnam,VN,Garments,2012-,2025,HS2022,162,61,611219,"611219 - Track suits; of textile materials (other than cotton or synthetic fibres), knitted or crocheted",broad_prefix_expansion,yes,screening_candidate_not_shipment_evidence
Vietnam,VN,Garments,2012-,2025,HS2022,162,61,611220,611220 - Ski suits; knitted or crocheted,broad_prefix_expansion,yes,screening_candidate_not_shipment_evidence
Vietnam,VN,Garments,2012-,2025,HS2022,162,61,611231,"611231 - Swimwear; men's or boys', of synthetic fibres, knitted or crocheted",broad_prefix_expansion,yes,screening_candidate_not_shipment_evidence
Vietnam,VN,Garments,2012-,2025,HS2022,162,61,611239,"611239 - Swimwear; men's or boys', of textile materials (other than synthetic fibres), knitted or crocheted",broad_prefix_expansion,yes,screening_candidate_not_shipment_evidence
Vietnam,VN,Garments,2012-,2025,HS2022,162,61,611241,"611241 - Swimwear; women's or girls', of synthetic fibres, knitted or crocheted",broad_prefix_expansion,yes,screening_candidate_not_shipment_evidence
Vietnam,VN,Garments,2012-,2025,HS2022,162,61,611249,"611249 - Swimwear; women's or girls', of textile materials (other than synthetic fibres), knitted or crocheted",broad_prefix_expansion,yes,screening_candidate_not_shipment_evidence
Vietnam,VN,Garments,2012-,2025,HS2022,162,61,611300,"611300 - Garments made up of knitted or crocheted fabrics of heading no. 5903, 5906 and 5907",broad_prefix_expansion,yes,screening_candidate_not_shipment_evidence
Vietnam,VN,Garments,2012-,2025,HS2022,162,61,611420,"611420 - Garments; of cotton, knitted or crocheted, n.e.c. in chapter 61",broad_prefix_expansion,yes,screening_candidate_not_shipment_evidence
Vietnam,VN,Garments,2012-,2025,HS2022,162,61,611430,"611430 - Garments; of man-made fibres, knitted or crocheted, n.e.c. in chapter 61",broad_prefix_expansion,yes,screening_candidate_not_shipment_evidence
Vietnam,VN,Garments,2012-,2025,HS2022,162,61,611490,"611490 - Garments; of textile materials (other than cotton or man-made fibres), knitted or crocheted, n.e.c. in chapter 61",broad_prefix_expansion,yes,screening_candidate_not_shipment_evidence
Vietnam,VN,Garments,2012-,2025,HS2022,162,61,611510,"611510 - Graduated compression hosiery (for example, stockings for varicose veins), knitted or crocheted",broad_prefix_expansion,yes,screening_candidate_not_shipment_evidence
Vietnam,VN,Garments,2012-,2025,HS2022,162,61,611521,"611521 - Hosiery; panty hose and tights (other than graduated compression hosiery), of synthetic fibres, measuring per single yarn less than 67 decitex, knitted or crocheted",broad_prefix_expansion,yes,screening_candidate_not_shipment_evidence
Vietnam,VN,Garments,2012-,2025,HS2022,162,61,611522,"611522 - Hosiery; panty hose and tights (other than graduated compression hosiery), of synthetic fibres, measuring per single yarn 67 decitex or more, knitted or crocheted",broad_prefix_expansion,yes,screening_candidate_not_shipment_evidence
Vietnam,VN,Garments,2012-,2025,HS2022,162,61,611529,"611529 - Hosiery; panty hose and tights (other than graduated compression hosiery), of textile materials (other than synthetic fibres), knitted or crocheted",broad_prefix_expansion,yes,screening_candidate_not_shipment_evidence
Vietnam,VN,Garments,2012-,2025,HS2022,162,61,611530,"611530 - Hosiery; women's, full-length or knee-length (other than graduated compression hosiery), measuring per single yarn less than 67 decitex, knitted or crocheted",broad_prefix_expansion,yes,screening_candidate_not_shipment_evidence
Vietnam,VN,Garments,2012-,2025,HS2022,162,61,611594,"611594 - Hosiery and footwear; without applied soles, of wool or fine animal hair, knitted or crocheted (excluding graduated compression hosiery, panty hose, tights, women's full or knee-length hosiery measuring per single yarn less than 67 decitex)",broad_prefix_expansion,yes,screening_candidate_not_shipment_evidence
Vietnam,VN,Garments,2012-,2025,HS2022,162,61,611595,"611595 - Hosiery and footwear; without applied soles, of cotton, knitted or crocheted (excluding graduated compression hosiery, panty hose, tights, full or knee-length hosiery measuring per single yarn less than 67 decitex)",broad_prefix_expansion,yes,screening_candidate_not_shipment_evidence
Vietnam,VN,Garments,2012-,2025,HS2022,162,61,611596,"611596 - Hosiery and footwear; without applied soles, of synthetic fibres, knitted or crocheted (excluding graduated compression hosiery, panty hose, tights, full or knee-length hosiery measuring per single yarn less than 67 decitex)",broad_prefix_expansion,yes,screening_candidate_not_shipment_evidence
Vietnam,VN,Garments,2012-,2025,HS2022,162,61,611599,"611599 - Hosiery and footwear; without applied soles, of textile materials n.e.c. in item no. 6115.9, knitted or crocheted (excluding graduated compression hosiery, panty hose, tights, full or knee-length hosiery measuring per single yarn less than 67 decitex)",broad_prefix_expansion,yes,screening_candidate_not_shipment_evidence
Vietnam,VN,Garments,2012-,2025,HS2022,162,61,611610,"611610 - Gloves, mittens and mitts; knitted or crocheted, impregnated, coated, covered or laminated with plastics or rubber",broad_prefix_expansion,yes,screening_candidate_not_shipment_evidence
Vietnam,VN,Garments,2012-,2025,HS2022,162,61,611691,"611691 - Gloves, mittens and mitts; of wool or fine animal hair, knitted or crocheted, (other than impregnated, coated, covered or laminated with plastics or rubber)",broad_prefix_expansion,yes,screening_candidate_not_shipment_evidence
Vietnam,VN,Garments,2012-,2025,HS2022,162,61,611692,"611692 - Gloves, mittens and mitts; of cotton, knitted or crocheted, (other than impregnated, coated, covered or laminated with plastics or rubber)",broad_prefix_expansion,yes,screening_candidate_not_shipment_evidence
Vietnam,VN,Garments,2012-,2025,HS2022,162,61,611693,"611693 - Gloves, mittens and mitts; of synthetic fibres, knitted or crocheted, (other than impregnated, coated, covered or laminated with plastics or rubber)",broad_prefix_expansion,yes,screening_candidate_not_shipment_evidence
Vietnam,VN,Garments,2012-,2025,HS2022,162,61,611699,"611699 - Gloves, mittens and mitts; of textile materials (other than wool or fine animal hair, cotton or synthetic fibres), knitted or crocheted, (other than impregnated, coated, covered or laminated with plastics or rubber)",broad_prefix_expansion,yes,screening_candidate_not_shipment_evidence
Vietnam,VN,Garments,2012-,2025,HS2022,162,61,611710,"611710 - Shawls, scarves, mufflers, mantillas, veils and the like; knitted or crocheted",broad_prefix_expansion,yes,screening_candidate_not_shipment_evidence
Vietnam,VN,Garments,2012-,2025,HS2022,162,61,611780,"611780 - Clothing accessories; knitted or crocheted, n.e.c. in heading no. 6117",broad_prefix_expansion,yes,screening_candidate_not_shipment_evidence
Vietnam,VN,Garments,2012-,2025,HS2022,162,61,611790,"611790 - Clothing; parts, knitted or crocheted",broad_prefix_expansion,yes,screening_candidate_not_shipment_evidence
Vietnam,VN,Garments,2012-,2025,HS2022,163,62,620120,"620120 - Coats; men's or boys', overcoats, raincoats, car-coats, capes, cloaks, anoraks (including ski-jackets) and similar articles, of wool or fine animal hair, other than those of heading no. 6203 (not knitted or crocheted)",broad_prefix_expansion,yes,screening_candidate_not_shipment_evidence
Vietnam,VN,Garments,2012-,2025,HS2022,163,62,620130,"620130 - Coats; men's or boys', overcoats, raincoats, car-coats, capes, cloaks, anoraks (including ski-jackets) and similar articles, of cotton, other than those of heading no. 6203 (not knitted or crocheted)",broad_prefix_expansion,yes,screening_candidate_not_shipment_evidence
Vietnam,VN,Garments,2012-,2025,HS2022,163,62,620140,"620140 - Coats; men's or boys', overcoats, raincoats, car-coats, capes, cloaks, anoraks (including ski-jackets) and similar articles, of man-made fibres, other than those of heading no. 6203 (not knitted or crocheted)",broad_prefix_expansion,yes,screening_candidate_not_shipment_evidence
Vietnam,VN,Garments,2012-,2025,HS2022,163,62,620190,"620190 - Coats; men's or boys', overcoats, rain-coats, car-coats, capes, cloaks and similar, of textile materials (other than wool, fine animal hair, cotton or man-made fibres), other than those of heading no. 6203 (not knitted or crocheted)",broad_prefix_expansion,yes,screening_candidate_not_shipment_evidence
Vietnam,VN,Garments,2012-,2025,HS2022,163,62,620220,"620220 - Coats; women's or girls', overcoats, raincoats, car-coats, capes, cloaks anoraks (including ski-jackets) and similar articles, of wool or fine animal hair, other than those of heading no. 6204 (not knitted or crocheted)",broad_prefix_expansion,yes,screening_candidate_not_shipment_evidence
Vietnam,VN,Garments,2012-,2025,HS2022,163,62,620230,"620230 - Coats; women's or girls', overcoats, raincoats, car-coats, capes, cloaks anoraks (including ski-jackets) and similar articles, of cotton, other than those of heading no. 6204 (not knitted or crocheted)",broad_prefix_expansion,yes,screening_candidate_not_shipment_evidence
Vietnam,VN,Garments,2012-,2025,HS2022,163,62,620240,"620240 - Coats; women's or girls', overcoats, raincoats, car-coats, capes, cloaks anoraks (including ski-jackets) and similar articles, of man-made fibres, other than those of heading no. 6204 (not knitted or crocheted)",broad_prefix_expansion,yes,screening_candidate_not_shipment_evidence
Vietnam,VN,Garments,2012-,2025,HS2022,163,62,620290,"620290 - Coats; women's or girls', overcoats, raincoats, car-coats, capes, cloaks and similar articles, of textile materials (other than wool, fine animal hair, cotton or man-made fibres), other than those of heading no. 6204 (not knitted or crocheted)",broad_prefix_expansion,yes,screening_candidate_not_shipment_evidence
Vietnam,VN,Garments,2012-,2025,HS2022,163,62,620311,"620311 - Suits; men's or boys', of wool or fine animal hair (not knitted or crocheted)",broad_prefix_expansion,yes,screening_candidate_not_shipment_evidence
Vietnam,VN,Garments,2012-,2025,HS2022,163,62,620312,"620312 - Suits; men's or boys', of synthetic fibres (not knitted or crocheted)",broad_prefix_expansion,yes,screening_candidate_not_shipment_evidence
Vietnam,VN,Garments,2012-,2025,HS2022,163,62,620319,"620319 - Suits; men's or boys', of textile materials n.e.c. in item no. 6203.1 (not knitted or crocheted)",broad_prefix_expansion,yes,screening_candidate_not_shipment_evidence
Vietnam,VN,Garments,2012-,2025,HS2022,163,62,620322,"620322 - Ensembles; men's or boys', of cotton (not knitted or crocheted)",broad_prefix_expansion,yes,screening_candidate_not_shipment_evidence
Vietnam,VN,Garments,2012-,2025,HS2022,163,62,620323,"620323 - Ensembles; men's or boys', of synthetic fibres (not knitted or crocheted)",broad_prefix_expansion,yes,screening_candidate_not_shipment_evidence
Vietnam,VN,Garments,2012-,2025,HS2022,163,62,620329,"620329 - Ensembles; men's or boys', of textile materials n.e.c. in item no. 6203.2 (not knitted or crocheted)",broad_prefix_expansion,yes,screening_candidate_not_shipment_evidence
Vietnam,VN,Garments,2012-,2025,HS2022,163,62,620331,"620331 - Jackets and blazers; men's or boys', of wool or fine animal hair (not knitted or crocheted)",broad_prefix_expansion,yes,screening_candidate_not_shipment_evidence
Vietnam,VN,Garments,2012-,2025,HS2022,163,62,620332,"620332 - Jackets and blazers; men's or boys', of cotton (not knitted or crocheted)",broad_prefix_expansion,yes,screening_candidate_not_shipment_evidence
Vietnam,VN,Garments,2012-,2025,HS2022,163,62,620333,"620333 - Jackets and blazers; men's or boys', of synthetic fibres (not knitted or crocheted)",broad_prefix_expansion,yes,screening_candidate_not_shipment_evidence
Vietnam,VN,Garments,2012-,2025,HS2022,163,62,620339,"620339 - Jackets and blazers; men's or boys', of textile materials n.e.c. in item no. 6203.3 (not knitted or crocheted)",broad_prefix_expansion,yes,screening_candidate_not_shipment_evidence
Vietnam,VN,Garments,2012-,2025,HS2022,163,62,620341,"620341 - Trousers, bib and brace overalls, breeches and shorts; men's or boys', of wool or fine animal hair (not knitted or crocheted)",broad_prefix_expansion,yes,screening_candidate_not_shipment_evidence
Vietnam,VN,Garments,2012-,2025,HS2022,163,62,620342,"620342 - Trousers, bib and brace overalls, breeches and shorts; men's or boys', of cotton (not knitted or crocheted)",broad_prefix_expansion,yes,screening_candidate_not_shipment_evidence
Vietnam,VN,Garments,2012-,2025,HS2022,163,62,620343,"620343 - Trousers, bib and brace overalls, breeches and shorts; men's or boys', of synthetic fibres (not knitted or crocheted)",broad_prefix_expansion,yes,screening_candidate_not_shipment_evidence
Vietnam,VN,Garments,2012-,2025,HS2022,163,62,620349,"620349 - Trousers, bib and brace overalls, breeches and shorts; men's or boys', of textile materials (other than wool, fine animal hair, cotton or synthetic fibres), (not knitted or crocheted)",broad_prefix_expansion,yes,screening_candidate_not_shipment_evidence
Vietnam,VN,Garments,2012-,2025,HS2022,163,62,620411,"620411 - Suits; women's or girls', of wool or fine animal hair (not knitted or crocheted)",broad_prefix_expansion,yes,screening_candidate_not_shipment_evidence
Vietnam,VN,Garments,2012-,2025,HS2022,163,62,620412,"620412 - Suits; women's or girls', of cotton (not knitted or crocheted)",broad_prefix_expansion,yes,screening_candidate_not_shipment_evidence
Vietnam,VN,Garments,2012-,2025,HS2022,163,62,620413,"620413 - Suits; women's or girls', of synthetic fibres (not knitted or crocheted)",broad_prefix_expansion,yes,screening_candidate_not_shipment_evidence
Vietnam,VN,Garments,2012-,2025,HS2022,163,62,620419,"620419 - Suits; women's or girls', of textile materials n.e.c. in item no. 6204.1 (not knitted or crocheted)",broad_prefix_expansion,yes,screening_candidate_not_shipment_evidence
Vietnam,VN,Garments,2012-,2025,HS2022,163,62,620421,"620421 - Ensembles; women's or girls', of wool or fine animal hair (not knitted or crocheted)",broad_prefix_expansion,yes,screening_candidate_not_shipment_evidence
Vietnam,VN,Garments,2012-,2025,HS2022,163,62,620422,"620422 - Ensembles; women's or girls', of cotton (not knitted or crocheted)",broad_prefix_expansion,yes,screening_candidate_not_shipment_evidence
Vietnam,VN,Garments,2012-,2025,HS2022,163,62,620423,"620423 - Ensembles; women's or girls', of synthetic fibres (not knitted or crocheted)",broad_prefix_expansion,yes,screening_candidate_not_shipment_evidence
Vietnam,VN,Garments,2012-,2025,HS2022,163,62,620429,"620429 - Ensembles; women's or girls', of textile materials n.e.c. in item no. 6204.2 (not knitted or crocheted)",broad_prefix_expansion,yes,screening_candidate_not_shipment_evidence
Vietnam,VN,Garments,2012-,2025,HS2022,163,62,620431,"620431 - Jackets and blazers; women's or girls', of wool or fine animal hair (not knitted or crocheted)",broad_prefix_expansion,yes,screening_candidate_not_shipment_evidence
Vietnam,VN,Garments,2012-,2025,HS2022,163,62,620432,"620432 - Jackets and blazers; women's or girls', of cotton (not knitted or crocheted)",broad_prefix_expansion,yes,screening_candidate_not_shipment_evidence
Vietnam,VN,Garments,2012-,2025,HS2022,163,62,620433,"620433 - Jackets and blazers; women's or girls', of synthetic fibres (not knitted or crocheted)",broad_prefix_expansion,yes,screening_candidate_not_shipment_evidence
Vietnam,VN,Garments,2012-,2025,HS2022,163,62,620439,"620439 - Jackets and blazers; women's or girls', of textile materials n.e.c. in item no. 6204.3 (not knitted or crocheted)",broad_prefix_expansion,yes,screening_candidate_not_shipment_evidence
Vietnam,VN,Garments,2012-,2025,HS2022,163,62,620441,"620441 - Dresses; women's or girls', of wool or fine animal hair (not knitted or crocheted)",broad_prefix_expansion,yes,screening_candidate_not_shipment_evidence
Vietnam,VN,Garments,2012-,2025,HS2022,163,62,620442,"620442 - Dresses; women's or girls', of cotton (not knitted or crocheted)",broad_prefix_expansion,yes,screening_candidate_not_shipment_evidence
Vietnam,VN,Garments,2012-,2025,HS2022,163,62,620443,"620443 - Dresses; women's or girls', of synthetic fibres (not knitted or crocheted)",broad_prefix_expansion,yes,screening_candidate_not_shipment_evidence
Vietnam,VN,Garments,2012-,2025,HS2022,163,62,620444,"620444 - Dresses; women's or girls', of artificial fibres (not knitted or crocheted)",broad_prefix_expansion,yes,screening_candidate_not_shipment_evidence
Vietnam,VN,Garments,2012-,2025,HS2022,163,62,620449,"620449 - Dresses; women's or girls', of textile materials n.e.c. in item no. 6204.4 (not knitted or crocheted)",broad_prefix_expansion,yes,screening_candidate_not_shipment_evidence
Vietnam,VN,Garments,2012-,2025,HS2022,163,62,620451,"620451 - Skirts and divided skirts; women's or girls', of wool or fine animal hair (not knitted or crocheted)",broad_prefix_expansion,yes,screening_candidate_not_shipment_evidence
Vietnam,VN,Garments,2012-,2025,HS2022,163,62,620452,"620452 - Skirts and divided skirts; women's or girls', of cotton (not knitted or crocheted)",broad_prefix_expansion,yes,screening_candidate_not_shipment_evidence
Vietnam,VN,Garments,2012-,2025,HS2022,163,62,620453,"620453 - Skirts and divided skirts; women's or girls', of synthetic fibres (not knitted or crocheted)",broad_prefix_expansion,yes,screening_candidate_not_shipment_evidence
Vietnam,VN,Garments,2012-,2025,HS2022,163,62,620459,"620459 - Skirts and divided skirts; women's or girls', of textile materials n.e.c. in item no. 6204.5 (not knitted or crocheted)",broad_prefix_expansion,yes,screening_candidate_not_shipment_evidence
Vietnam,VN,Garments,2012-,2025,HS2022,163,62,620461,"620461 - Trousers, bib and brace overalls, breeches and shorts; women's or girls', of wool or fine animal hair (not knitted or crocheted)",broad_prefix_expansion,yes,screening_candidate_not_shipment_evidence
Vietnam,VN,Garments,2012-,2025,HS2022,163,62,620462,"620462 - Trousers, bib and brace overalls, breeches and shorts; women's or girls', of cotton (not knitted or crocheted)",broad_prefix_expansion,yes,screening_candidate_not_shipment_evidence
Vietnam,VN,Garments,2012-,2025,HS2022,163,62,620463,"620463 - Trousers, bib and brace overalls, breeches and shorts; women's or girls', of synthetic fibres (not knitted or crocheted)",broad_prefix_expansion,yes,screening_candidate_not_shipment_evidence
Vietnam,VN,Garments,2012-,2025,HS2022,163,62,620469,"620469 - Trousers, bib and brace overalls, breeches and shorts; women's or girls', of textile materials (other than wool, fine animal hair, cotton or synthetic fibres), (not knitted or crocheted)",broad_prefix_expansion,yes,screening_candidate_not_shipment_evidence
Vietnam,VN,Garments,2012-,2025,HS2022,163,62,620520,"620520 - Shirts; men's or boys', of cotton (not knitted or crocheted)",broad_prefix_expansion,yes,screening_candidate_not_shipment_evidence
Vietnam,VN,Garments,2012-,2025,HS2022,163,62,620530,"620530 - Shirts; men's or boys', of man-made fibres (not knitted or crocheted)",broad_prefix_expansion,yes,screening_candidate_not_shipment_evidence
Vietnam,VN,Garments,2012-,2025,HS2022,163,62,620590,"620590 - Shirts; men's or boys', of textile materials n.e.c. in heading no. 6205 (not knitted or crocheted)",broad_prefix_expansion,yes,screening_candidate_not_shipment_evidence
Vietnam,VN,Garments,2012-,2025,HS2022,163,62,620610,"620610 - Blouses, shirts and shirt-blouses; women's or girls', of silk or silk waste (not knitted or crocheted)",broad_prefix_expansion,yes,screening_candidate_not_shipment_evidence
Vietnam,VN,Garments,2012-,2025,HS2022,163,62,620620,"620620 - Blouses, shirts and shirt-blouses; women's or girls', of wool or fine animal hair (not knitted or crocheted)",broad_prefix_expansion,yes,screening_candidate_not_shipment_evidence
Vietnam,VN,Garments,2012-,2025,HS2022,163,62,620630,"620630 - Blouses, shirts and shirt-blouses; women's or girls', of cotton (not knitted or crocheted)",broad_prefix_expansion,yes,screening_candidate_not_shipment_evidence
Vietnam,VN,Garments,2012-,2025,HS2022,163,62,620640,"620640 - Blouses, shirts and shirt-blouses; women's or girls', of man-made fibres (not knitted or crocheted)",broad_prefix_expansion,yes,screening_candidate_not_shipment_evidence
Vietnam,VN,Garments,2012-,2025,HS2022,163,62,620690,"620690 - Blouses, shirts and shirt-blouses; women's or girls', of textile materials n.e.c. in heading no. 6206 (not knitted or crocheted)",broad_prefix_expansion,yes,screening_candidate_not_shipment_evidence
Vietnam,VN,Garments,2012-,2025,HS2022,163,62,620711,"620711 - Underpants and briefs; men's or boys', of cotton (not knitted or crocheted)",broad_prefix_expansion,yes,screening_candidate_not_shipment_evidence
Vietnam,VN,Garments,2012-,2025,HS2022,163,62,620719,"620719 - Underpants and briefs; men's or boys', of textile materials other than cotton (not knitted or crocheted)",broad_prefix_expansion,yes,screening_candidate_not_shipment_evidence
Vietnam,VN,Garments,2012-,2025,HS2022,163,62,620721,"620721 - Nightshirts and pyjamas; men's or boys', of cotton (not knitted or crocheted)",broad_prefix_expansion,yes,screening_candidate_not_shipment_evidence
Vietnam,VN,Garments,2012-,2025,HS2022,163,62,620722,"620722 - Nightshirts and pyjamas; men's or boys', of man-made fibres (not knitted or crocheted)",broad_prefix_expansion,yes,screening_candidate_not_shipment_evidence
Vietnam,VN,Garments,2012-,2025,HS2022,163,62,620729,"620729 - Nightshirts and pyjamas; men's or boys', of textile materials other than cotton or man-made fibres (not knitted or crocheted)",broad_prefix_expansion,yes,screening_candidate_not_shipment_evidence
Vietnam,VN,Garments,2012-,2025,HS2022,163,62,620791,"620791 - Singlets and other vests, bathrobes, dressing gowns and similar articles; men's or boys', of cotton (not knitted or crocheted)",broad_prefix_expansion,yes,screening_candidate_not_shipment_evidence
Vietnam,VN,Garments,2012-,2025,HS2022,163,62,620799,"620799 - Singlets and other vests, bathrobes, dressing gowns and similar articles; men's or boys', of textile materials other than cotton (not knitted or crocheted)",broad_prefix_expansion,yes,screening_candidate_not_shipment_evidence
Vietnam,VN,Garments,2012-,2025,HS2022,163,62,620811,"620811 - Slips and petticoats; women's or girls', of man-made fibres (not knitted or crocheted)",broad_prefix_expansion,yes,screening_candidate_not_shipment_evidence
Vietnam,VN,Garments,2012-,2025,HS2022,163,62,620819,"620819 - Slips and petticoats; women's or girls', of textile materials other than man-made fibres (not knitted or crocheted)",broad_prefix_expansion,yes,screening_candidate_not_shipment_evidence
Vietnam,VN,Garments,2012-,2025,HS2022,163,62,620821,"620821 - Nightdresses and pyjamas; women's or girls', of cotton (not knitted or crocheted)",broad_prefix_expansion,yes,screening_candidate_not_shipment_evidence
Vietnam,VN,Garments,2012-,2025,HS2022,163,62,620822,"620822 - Nightdresses and pyjamas; women's or girls', of man-made fibres (not knitted or crocheted)",broad_prefix_expansion,yes,screening_candidate_not_shipment_evidence
Vietnam,VN,Garments,2012-,2025,HS2022,163,62,620829,"620829 - Nightdresses and pyjamas; women's or girls', of textile materials other than cotton or man-made fibres (not knitted or crocheted)",broad_prefix_expansion,yes,screening_candidate_not_shipment_evidence
Vietnam,VN,Garments,2012-,2025,HS2022,163,62,620891,"620891 - Singlets and other vests, briefs, panties, negligees, bathrobes, dressing gowns and similar articles; women's or girls', of cotton (not knitted or crocheted)",broad_prefix_expansion,yes,screening_candidate_not_shipment_evidence
Vietnam,VN,Garments,2012-,2025,HS2022,163,62,620892,"620892 - Singlets and other vests, briefs, panties, negligees, bathrobes, dressing gowns etc.; women's or girls', of man-made fibres (not knitted or crocheted), excluding incontinence or other sanitary garments or garment liners of heading no. 96.19",broad_prefix_expansion,yes,screening_candidate_not_shipment_evidence
Vietnam,VN,Garments,2012-,2025,HS2022,163,62,620899,"620899 - Singlets and other vests, briefs, panties, negligees, bathrobes, dressing gowns and similar articles; women's or girls', of textile materials other than cotton or man-made fibres (not knitted or crocheted)",broad_prefix_expansion,yes,screening_candidate_not_shipment_evidence
Vietnam,VN,Garments,2012-,2025,HS2022,163,62,620920,"620920 - Garments and clothing accessories; babies', of cotton (not knitted or crocheted)",broad_prefix_expansion,yes,screening_candidate_not_shipment_evidence
Vietnam,VN,Garments,2012-,2025,HS2022,163,62,620930,"620930 - Garments and clothing accessories; babies', of synthetic fibres (not knitted or crocheted)",broad_prefix_expansion,yes,screening_candidate_not_shipment_evidence
Vietnam,VN,Garments,2012-,2025,HS2022,163,62,620990,"620990 - Garments and clothing accessories; babies', of textile materials other than cotton or synthetic fibres (not knitted or crocheted)",broad_prefix_expansion,yes,screening_candidate_not_shipment_evidence
Vietnam,VN,Garments,2012-,2025,HS2022,163,62,621010,621010 - Garments; of felt or non-wovens (not knitted or crocheted),broad_prefix_expansion,yes,screening_candidate_not_shipment_evidence
Vietnam,VN,Garments,2012-,2025,HS2022,163,62,621020,"621020 - Garments; overcoats, raincoats, car-coats, capes, cloaks, anoraks (including ski-jackets) and similar articles, men's or boys', of the fabrics of heading no. 5602, 5603, 5903, 5906 or 5907 (not knitted or crocheted)",broad_prefix_expansion,yes,screening_candidate_not_shipment_evidence
Vietnam,VN,Garments,2012-,2025,HS2022,163,62,621030,"621030 - Garments; overcoats, raincoats, car-coats, capes, cloaks, anoraks (including ski-jackets) and similar articles, women's or girls', of the fabrics of heading no. 5602, 5603, 5903, 5906 or 5907 (not knitted or crocheted)",broad_prefix_expansion,yes,screening_candidate_not_shipment_evidence
Vietnam,VN,Garments,2012-,2025,HS2022,163,62,621040,"621040 - Garments; men's or boys', n.e.c. in item no. 6210.2, of the fabrics of heading no. 5602, 5603, 5903, 5906 or 5907 (not knitted or crocheted)",broad_prefix_expansion,yes,screening_candidate_not_shipment_evidence
Vietnam,VN,Garments,2012-,2025,HS2022,163,62,621050,"621050 - Garments; women's or girls', n.e.c. in item no. 6210.3, of the fabrics of heading no. 5602, 5603, 5903, 5906 or 5907 (not knitted or crocheted)",broad_prefix_expansion,yes,screening_candidate_not_shipment_evidence
Vietnam,VN,Garments,2012-,2025,HS2022,163,62,621111,"621111 - Swimwear; men's or boys', (not knitted or crocheted)",broad_prefix_expansion,yes,screening_candidate_not_shipment_evidence
Vietnam,VN,Garments,2012-,2025,HS2022,163,62,621112,"621112 - Swimwear; women's or girls', (not knitted or crocheted)",broad_prefix_expansion,yes,screening_candidate_not_shipment_evidence
Vietnam,VN,Garments,2012-,2025,HS2022,163,62,621120,621120 - Ski suits; (not knitted or crocheted),broad_prefix_expansion,yes,screening_candidate_not_shipment_evidence
Vietnam,VN,Garments,2012-,2025,HS2022,163,62,621132,"621132 - Track suits and other garments n.e.c.; men's or boys', of cotton (not knitted or crocheted)",broad_prefix_expansion,yes,screening_candidate_not_shipment_evidence
Vietnam,VN,Garments,2012-,2025,HS2022,163,62,621133,"621133 - Track suits and other garments n.e.c.; men's or boys', of man-made fibres (not knitted or crocheted)",broad_prefix_expansion,yes,screening_candidate_not_shipment_evidence
Vietnam,VN,Garments,2012-,2025,HS2022,163,62,621139,"621139 - Track suits and other garments n.e.c.; men's or boys', of textile materials n.e.c. in item no. 6211.3 (not knitted or crocheted)",broad_prefix_expansion,yes,screening_candidate_not_shipment_evidence
Vietnam,VN,Garments,2012-,2025,HS2022,163,62,621142,"621142 - Track suits and other garments n.e.c.; women's or girls', of cotton (not knitted or crocheted)",broad_prefix_expansion,yes,screening_candidate_not_shipment_evidence
Vietnam,VN,Garments,2012-,2025,HS2022,163,62,621143,"621143 - Track suits and other garments n.e.c.; women's or girls', of man-made fibres (not knitted or crocheted)",broad_prefix_expansion,yes,screening_candidate_not_shipment_evidence
Vietnam,VN,Garments,2012-,2025,HS2022,163,62,621149,"621149 - Track suits and other garments n.e.c.; women's or girls', of textile materials n.e.c. in item no. 6211.4 (not knitted or crocheted)",broad_prefix_expansion,yes,screening_candidate_not_shipment_evidence
Vietnam,VN,Garments,2012-,2025,HS2022,163,62,621210,621210 - Brassieres; whether or not knitted or crocheted,broad_prefix_expansion,yes,screening_candidate_not_shipment_evidence
Vietnam,VN,Garments,2012-,2025,HS2022,163,62,621220,621220 - Girdles and panty-girdles; whether or not knitted or crocheted,broad_prefix_expansion,yes,screening_candidate_not_shipment_evidence
Vietnam,VN,Garments,2012-,2025,HS2022,163,62,621230,621230 - Corselettes; whether or not knitted or crocheted,broad_prefix_expansion,yes,screening_candidate_not_shipment_evidence
Vietnam,VN,Garments,2012-,2025,HS2022,163,62,621290,"621290 - Braces, suspenders, garters and similar articles; whether or not knitted or crocheted, n.e.c. in heading no. 6212",broad_prefix_expansion,yes,screening_candidate_not_shipment_evidence
Vietnam,VN,Garments,2012-,2025,HS2022,163,62,621320,621320 - Handkerchiefs; of cotton (not knitted or crocheted),broad_prefix_expansion,yes,screening_candidate_not_shipment_evidence
Vietnam,VN,Garments,2012-,2025,HS2022,163,62,621390,621390 - Handkerchiefs; of textile materials other than cotton (not knitted or crocheted),broad_prefix_expansion,yes,screening_candidate_not_shipment_evidence
Vietnam,VN,Garments,2012-,2025,HS2022,163,62,621410,"621410 - Shawls, scarves, mufflers, mantillas, veils and the like; of silk or silk waste (not knitted or crocheted)",broad_prefix_expansion,yes,screening_candidate_not_shipment_evidence
Vietnam,VN,Garments,2012-,2025,HS2022,163,62,621420,"621420 - Shawls, scarves, mufflers, mantillas, veils and the like; of wool or fine animal hair (not knitted or crocheted)",broad_prefix_expansion,yes,screening_candidate_not_shipment_evidence
Vietnam,VN,Garments,2012-,2025,HS2022,163,62,621430,"621430 - Shawls, scarves, mufflers, mantillas, veils and the like; of synthetic fibres (not knitted or crocheted)",broad_prefix_expansion,yes,screening_candidate_not_shipment_evidence
Vietnam,VN,Garments,2012-,2025,HS2022,163,62,621440,"621440 - Shawls, scarves, mufflers, mantillas, veils and the like; of artificial fibres (not knitted or crocheted)",broad_prefix_expansion,yes,screening_candidate_not_shipment_evidence
Vietnam,VN,Garments,2012-,2025,HS2022,163,62,621490,"621490 - Shawls, scarves, mufflers, mantillas, veils and the like; of textile materials n.e.c. in heading no. 6214 (not knitted or crocheted)",broad_prefix_expansion,yes,screening_candidate_not_shipment_evidence
Vietnam,VN,Garments,2012-,2025,HS2022,163,62,621510,"621510 - Ties, bow ties and cravats; of silk or silk waste (not knitted or crocheted)",broad_prefix_expansion,yes,screening_candidate_not_shipment_evidence
Vietnam,VN,Garments,2012-,2025,HS2022,163,62,621520,"621520 - Ties, bow ties and cravats; of man-made fibres (not knitted or crocheted)",broad_prefix_expansion,yes,screening_candidate_not_shipment_evidence
Vietnam,VN,Garments,2012-,2025,HS2022,163,62,621590,"621590 - Ties, bow ties and cravats; of textile materials other than silk or man-made fibres (not knitted or crocheted)",broad_prefix_expansion,yes,screening_candidate_not_shipment_evidence
Vietnam,VN,Garments,2012-,2025,HS2022,163,62,621600,"621600 - Gloves, mittens and mitts (not knitted or crocheted)",broad_prefix_expansion,yes,screening_candidate_not_shipment_evidence
Vietnam,VN,Garments,2012-,2025,HS2022,163,62,621710,621710 - Clothing accessories; other than those of heading no. 6212 (not knitted or crocheted),broad_prefix_expansion,yes,screening_candidate_not_shipment_evidence
Vietnam,VN,Garments,2012-,2025,HS2022,163,62,621790,"621790 - Clothing; parts of garments or of clothing accessories, other than those of heading no. 6212 (not knitted or crocheted)",broad_prefix_expansion,yes,screening_candidate_not_shipment_evidence
